sweep_setting,reference,method,metric,n,interval_available,mean_method_minus_reference,ci_low,ci_high,method_win_rate,reference_win_rate,tie_rate
members=3.0,adaptive_ridge,static_ridge,rmse,30,true,0.010870523393778043,0.004462447894048859,0.017278598893507226,0.23333333333333334,0.7666666666666667,0.0
members=3.0,adaptive_ridge,rls,rmse,30,true,-0.04122996811739361,-0.0501374066340419,-0.03232252960074532,1.0,0.0,0.0
members=3.0,adaptive_ridge,hedge,rmse,30,true,0.0542073530383613,0.04053395297556245,0.06788075310116015,0.0,1.0,0.0
members=3.0,adaptive_ridge,exp3,rmse,30,true,0.17985967516997975,0.14927823245048838,0.21044111788947112,0.0,1.0,0.0
members=3.0,adaptive_ridge,fixed_share,rmse,30,true,0.02533669420416511,0.017987406750416095,0.03268598165791412,0.06666666666666667,0.9333333333333333,0.0
members=3.0,adaptive_ridge,passive_aggressive,rmse,30,true,0.06566977046165742,0.02360936681856976,0.10773017410474509,0.0,1.0,0.0
members=3.0,adaptive_ridge,ensemble_mean,rmse,30,true,0.104654935847699,0.07648552918337848,0.13282434251201952,0.0,1.0,0.0
members=3.0,adaptive_ridge,oracle_best_member,rmse,30,true,0.1380901337912467,0.11215478371285564,0.16402548386963778,0.0,1.0,0.0
members=3.0,adaptive_ridge,validation_best_member,rmse,30,true,0.15159839611075304,0.11773688571527555,0.18545990650623054,0.0,1.0,0.0
members=6.0,adaptive_ridge,static_ridge,rmse,30,true,-0.00010146375586330367,-0.007088765971100257,0.006885838459373649,0.5333333333333333,0.4666666666666667,0.0
members=6.0,adaptive_ridge,rls,rmse,30,true,-0.027720633926224727,-0.03706802357843205,-0.018373244274017403,1.0,0.0,0.0
members=6.0,adaptive_ridge,hedge,rmse,30,true,0.05713389141365331,0.04070092582876046,0.07356685699854616,0.0,1.0,0.0
members=6.0,adaptive_ridge,exp3,rmse,30,true,0.22855254554768428,0.19326497851361593,0.26384011258175266,0.0,1.0,0.0
members=6.0,adaptive_ridge,fixed_share,rmse,30,true,0.02259805848809472,0.010311797488277107,0.03488431948791233,0.13333333333333333,0.8666666666666667,0.0
members=6.0,adaptive_ridge,passive_aggressive,rmse,30,true,-0.014733700206037351,-0.024088572627687665,-0.005378827784387037,0.7333333333333333,0.26666666666666666,0.0
members=6.0,adaptive_ridge,ensemble_mean,rmse,30,true,0.11007594056204177,0.08114671461172396,0.13900516651235958,0.0,1.0,0.0
members=6.0,adaptive_ridge,oracle_best_member,rmse,30,true,0.15126539178057655,0.11800632123343674,0.18452446232771635,0.06666666666666667,0.9333333333333333,0.0
members=6.0,adaptive_ridge,validation_best_member,rmse,30,true,0.15989700764764195,0.12437248635286496,0.19542152894241893,0.06666666666666667,0.9333333333333333,0.0
members=10.0,adaptive_ridge,static_ridge,rmse,30,true,-0.0035314211663729405,-0.0066645027123673605,-0.00039833962037852,0.8333333333333334,0.16666666666666666,0.0
members=10.0,adaptive_ridge,rls,rmse,30,true,-0.015222702355904965,-0.016996516954728907,-0.013448887757081023,1.0,0.0,0.0
members=10.0,adaptive_ridge,hedge,rmse,30,true,0.04392221518208734,0.027977114511573538,0.05986731585260114,0.06666666666666667,0.9333333333333333,0.0
members=10.0,adaptive_ridge,exp3,rmse,30,true,0.2860826190239114,0.2614980250313567,0.3106672130164661,0.0,1.0,0.0
members=10.0,adaptive_ridge,fixed_share,rmse,30,true,0.024827158951088897,0.014727191346481433,0.03492712655569636,0.06666666666666667,0.9333333333333333,0.0
members=10.0,adaptive_ridge,passive_aggressive,rmse,30,true,-0.012567325131507818,-0.015088115249574898,-0.010046535013440737,1.0,0.0,0.0
members=10.0,adaptive_ridge,ensemble_mean,rmse,30,true,0.07220203706732173,0.04849587842856439,0.09590819570607906,0.03333333333333333,0.9666666666666667,0.0
members=10.0,adaptive_ridge,oracle_best_member,rmse,30,true,0.15405416923967552,0.12888375574537497,0.17922458273397607,0.0,1.0,0.0
members=10.0,adaptive_ridge,validation_best_member,rmse,30,true,0.18078819107851246,0.14465610598746995,0.21692027616955498,0.0,1.0,0.0
members=15.0,adaptive_ridge,static_ridge,rmse,30,true,-0.011594479576462724,-0.014539296257307039,-0.00864966289561841,0.8666666666666667,0.13333333333333333,0.0
members=15.0,adaptive_ridge,rls,rmse,30,true,-0.022096914207199097,-0.024483198662035643,-0.01971062975236255,1.0,0.0,0.0
members=15.0,adaptive_ridge,hedge,rmse,30,true,0.043428220701730726,0.030570558773263534,0.05628588263019792,0.03333333333333333,0.9666666666666667,0.0
members=15.0,adaptive_ridge,exp3,rmse,30,true,0.30263671037487927,0.27915782581600923,0.3261155949337493,0.0,1.0,0.0
members=15.0,adaptive_ridge,fixed_share,rmse,30,true,0.025181839668285553,0.012177749979223888,0.038185929357347215,0.26666666666666666,0.7333333333333333,0.0
members=15.0,adaptive_ridge,passive_aggressive,rmse,30,true,-0.014730624564136596,-0.01689694207087949,-0.012564307057393701,1.0,0.0,0.0
members=15.0,adaptive_ridge,ensemble_mean,rmse,30,true,0.07195260752472753,0.053037727856955846,0.09086748719249921,0.0,1.0,0.0
members=15.0,adaptive_ridge,oracle_best_member,rmse,30,true,0.1535759952705658,0.12190303372849548,0.18524895681263615,0.03333333333333333,0.9666666666666667,0.0
members=15.0,adaptive_ridge,validation_best_member,rmse,30,true,0.16476833616437758,0.13177438377594924,0.19776228855280592,0.03333333333333333,0.9666666666666667,0.0
members=25.0,adaptive_ridge,static_ridge,rmse,30,true,-0.024851903407480076,-0.029052140298830867,-0.020651666516129284,1.0,0.0,0.0
members=25.0,adaptive_ridge,rls,rmse,30,true,-0.03327476838308419,-0.03711184454931664,-0.02943769221685175,1.0,0.0,0.0
members=25.0,adaptive_ridge,hedge,rmse,30,true,0.012889458935691536,0.0031832421539266607,0.02259567571745641,0.4666666666666667,0.5333333333333333,0.0
members=25.0,adaptive_ridge,exp3,rmse,30,true,0.33096498817095393,0.3132230060815041,0.34870697026040376,0.0,1.0,0.0
members=25.0,adaptive_ridge,fixed_share,rmse,30,true,-0.0013642886010488834,-0.010221029699481847,0.007492452497384081,0.6333333333333333,0.36666666666666664,0.0
members=25.0,adaptive_ridge,passive_aggressive,rmse,30,true,-0.024459317457673102,-0.02725738597717202,-0.021661248938174185,1.0,0.0,0.0
members=25.0,adaptive_ridge,ensemble_mean,rmse,30,true,0.03864247214409447,0.021383579282536865,0.05590136500565207,0.26666666666666666,0.7333333333333333,0.0
members=25.0,adaptive_ridge,oracle_best_member,rmse,30,true,0.1100923023282622,0.08351550215895895,0.13666910249756545,0.06666666666666667,0.9333333333333333,0.0
members=25.0,adaptive_ridge,validation_best_member,rmse,30,true,0.13677040051034425,0.10380569391402406,0.16973510710666445,0.06666666666666667,0.9333333333333333,0.0
members=50.0,adaptive_ridge,static_ridge,rmse,30,true,-0.0377994407476795,-0.04052808775456271,-0.03507079374079629,1.0,0.0,0.0
members=50.0,adaptive_ridge,rls,rmse,30,true,-0.04113865474398429,-0.04420044646592977,-0.038076863022038804,1.0,0.0,0.0
members=50.0,adaptive_ridge,hedge,rmse,30,true,-0.009486558195603494,-0.016245343886148865,-0.0027277725050581245,0.8333333333333334,0.16666666666666666,0.0
members=50.0,adaptive_ridge,exp3,rmse,30,true,0.39486937061231925,0.38109292891308943,0.40864581231154906,0.0,1.0,0.0
members=50.0,adaptive_ridge,fixed_share,rmse,30,true,-0.021305236874497153,-0.02555878548928817,-0.017051688259706137,0.9333333333333333,0.06666666666666667,0.0
members=50.0,adaptive_ridge,passive_aggressive,rmse,30,true,-0.030288410492045052,-0.032297505850703546,-0.02827931513338656,1.0,0.0,0.0
members=50.0,adaptive_ridge,ensemble_mean,rmse,30,true,0.005147219516696043,-0.00525886682988329,0.015553305863275376,0.5666666666666667,0.43333333333333335,0.0
members=50.0,adaptive_ridge,oracle_best_member,rmse,30,true,0.08184902289897944,0.061641997875196974,0.1020560479227619,0.06666666666666667,0.9333333333333333,0.0
members=50.0,adaptive_ridge,validation_best_member,rmse,30,true,0.09882845187685091,0.07313648648665123,0.12452041726705058,0.03333333333333333,0.9666666666666667,0.0
drift=0.0,adaptive_ridge,static_ridge,rmse,30,true,-0.0037238344822539135,-0.004513277673445424,-0.002934391291062403,1.0,0.0,0.0
drift=0.0,adaptive_ridge,rls,rmse,30,true,-0.004362026467938032,-0.0061544103044287495,-0.002569642631447314,1.0,0.0,0.0
drift=0.0,adaptive_ridge,hedge,rmse,30,true,0.06280213724463156,0.04786794213870982,0.0777363323505533,0.0,1.0,0.0
drift=0.0,adaptive_ridge,exp3,rmse,30,true,0.17526613732017085,0.15747483140197943,0.19305744323836227,0.0,1.0,0.0
drift=0.0,adaptive_ridge,fixed_share,rmse,30,true,0.033886123820321815,0.025344511685046027,0.0424277359555976,0.0,1.0,0.0
drift=0.0,adaptive_ridge,passive_aggressive,rmse,30,true,0.0032959901511669786,0.0015546267946890749,0.005037353507644882,0.16666666666666666,0.8333333333333334,0.0
drift=0.0,adaptive_ridge,ensemble_mean,rmse,30,true,0.06720129999612486,0.05211705454942807,0.08228554544282164,0.0,1.0,0.0
drift=0.0,adaptive_ridge,oracle_best_member,rmse,30,true,0.11192188614282005,0.08867417214509404,0.13516960014054605,0.0,1.0,0.0
drift=0.0,adaptive_ridge,validation_best_member,rmse,30,true,0.1121827575100085,0.08886661785134899,0.13549889716866803,0.0,1.0,0.0
drift=0.2,adaptive_ridge,static_ridge,rmse,30,true,-0.000649881570804009,-0.0028273829209250097,0.0015276197793169918,0.7333333333333333,0.26666666666666666,0.0
drift=0.2,adaptive_ridge,rls,rmse,30,true,-0.00714649369010519,-0.00828063209053225,-0.006012355289678131,1.0,0.0,0.0
drift=0.2,adaptive_ridge,hedge,rmse,30,true,0.04283213449754298,0.033527951176084765,0.052136317819001195,0.0,1.0,0.0
drift=0.2,adaptive_ridge,exp3,rmse,30,true,0.18299629348892707,0.1694544625070826,0.19653812447077154,0.0,1.0,0.0
drift=0.2,adaptive_ridge,fixed_share,rmse,30,true,0.026013238647769128,0.019353276012593075,0.03267320128294518,0.06666666666666667,0.9333333333333333,0.0
drift=0.2,adaptive_ridge,passive_aggressive,rmse,30,true,-0.0006311736387553858,-0.002129293142132498,0.0008669458646217264,0.7,0.3,0.0
drift=0.2,adaptive_ridge,ensemble_mean,rmse,30,true,0.050344425106626275,0.039293028104062024,0.06139582210919053,0.0,1.0,0.0
drift=0.2,adaptive_ridge,oracle_best_member,rmse,30,true,0.1057871401536267,0.09105204895358357,0.12052223135366982,0.0,1.0,0.0
drift=0.2,adaptive_ridge,validation_best_member,rmse,30,true,0.10867548669802989,0.09329318962026575,0.12405778377579402,0.0,1.0,0.0
drift=0.4,adaptive_ridge,static_ridge,rmse,30,true,-0.0018529017434992915,-0.004690748530658571,0.0009849450436599878,0.8333333333333334,0.16666666666666666,0.0
drift=0.4,adaptive_ridge,rls,rmse,30,true,-0.011909163406156739,-0.013328751828207362,-0.010489574984106116,1.0,0.0,0.0
drift=0.4,adaptive_ridge,hedge,rmse,30,true,0.042007984469542674,0.028148670130331916,0.055867298808753435,0.0,1.0,0.0
drift=0.4,adaptive_ridge,exp3,rmse,30,true,0.2498721295202679,0.22923226132165941,0.2705119977188764,0.0,1.0,0.0
drift=0.4,adaptive_ridge,fixed_share,rmse,30,true,0.023613877829258067,0.014739280920743754,0.03248847473777238,0.1,0.9,0.0
drift=0.4,adaptive_ridge,passive_aggressive,rmse,30,true,-0.0072060281222535915,-0.009461098542464345,-0.0049509577020428385,0.9333333333333333,0.06666666666666667,0.0
drift=0.4,adaptive_ridge,ensemble_mean,rmse,30,true,0.061411254547111896,0.042234010674370014,0.08058849841985377,0.0,1.0,0.0
drift=0.4,adaptive_ridge,oracle_best_member,rmse,30,true,0.14620111613279085,0.1203625720162777,0.172039660249304,0.0,1.0,0.0
drift=0.4,adaptive_ridge,validation_best_member,rmse,30,true,0.16545480415335576,0.13689788182404206,0.19401172648266946,0.0,1.0,0.0
drift=0.6,adaptive_ridge,static_ridge,rmse,30,true,-0.005132878865393805,-0.008606031331362772,-0.0016597263994248376,0.8,0.2,0.0
drift=0.6,adaptive_ridge,rls,rmse,30,true,-0.018424061945586597,-0.02061199504460458,-0.016236128846568613,1.0,0.0,0.0
drift=0.6,adaptive_ridge,hedge,rmse,30,true,0.04653965113594424,0.028430665692589115,0.06464863657929937,0.1,0.9,0.0
drift=0.6,adaptive_ridge,exp3,rmse,30,true,0.3181609251330262,0.2916448443330081,0.3446770059330443,0.0,1.0,0.0
drift=0.6,adaptive_ridge,fixed_share,rmse,30,true,0.02759762281938296,0.015101322418668399,0.04009392322009752,0.06666666666666667,0.9333333333333333,0.0
drift=0.6,adaptive_ridge,passive_aggressive,rmse,30,true,-0.017489800653219697,-0.02073573156993849,-0.014243869736500905,1.0,0.0,0.0
drift=0.6,adaptive_ridge,ensemble_mean,rmse,30,true,0.08541917707279918,0.05709150547472418,0.11374684867087419,0.03333333333333333,0.9666666666666667,0.0
drift=0.6,adaptive_ridge,oracle_best_member,rmse,30,true,0.1733325830264835,0.14573729609973068,0.2009278699532363,0.0,1.0,0.0
drift=0.6,adaptive_ridge,validation_best_member,rmse,30,true,0.17357084092947392,0.14594301565546194,0.2011986662034859,0.0,1.0,0.0
drift=0.8,adaptive_ridge,static_ridge,rmse,30,true,-0.00948612270236679,-0.013693653946826034,-0.005278591457907544,0.8666666666666667,0.13333333333333333,0.0
drift=0.8,adaptive_ridge,rls,rmse,30,true,-0.026132177798833388,-0.02937297041351097,-0.022891385184155805,1.0,0.0,0.0
drift=0.8,adaptive_ridge,hedge,rmse,30,true,0.05241913298200882,0.03060194976784402,0.07423631619617363,0.13333333333333333,0.8666666666666667,0.0
drift=0.8,adaptive_ridge,exp3,rmse,30,true,0.3824818451500619,0.35006264191715347,0.4149010483829703,0.0,1.0,0.0
drift=0.8,adaptive_ridge,fixed_share,rmse,30,true,0.034997521006905265,0.017595624905164312,0.05239941710864622,0.1,0.9,0.0
drift=0.8,adaptive_ridge,passive_aggressive,rmse,30,true,-0.02892180806920573,-0.033534495491729,-0.02430912064668246,1.0,0.0,0.0
drift=0.8,adaptive_ridge,ensemble_mean,rmse,30,true,0.11504909353079415,0.07735345757918775,0.15274472948240053,0.03333333333333333,0.9666666666666667,0.0
drift=0.8,adaptive_ridge,oracle_best_member,rmse,30,true,0.2128739491202434,0.17520370941100966,0.25054418882947715,0.0,1.0,0.0
drift=0.8,adaptive_ridge,validation_best_member,rmse,30,true,0.23012885401482014,0.18763543589103093,0.27262227213860935,0.0,1.0,0.0
drift=1.0,adaptive_ridge,static_ridge,rmse,30,true,-0.01387989655684296,-0.01838362235056709,-0.00937617076311883,0.9,0.1,0.0
drift=1.0,adaptive_ridge,rls,rmse,30,true,-0.03711424764557055,-0.04238092498030872,-0.03184757031083238,1.0,0.0,0.0
drift=1.0,adaptive_ridge,hedge,rmse,30,true,0.060066025732933376,0.03447968662355258,0.08565236484231417,0.13333333333333333,0.8666666666666667,0.0
drift=1.0,adaptive_ridge,exp3,rmse,30,true,0.4315979052856227,0.3944056313533595,0.4687901792178859,0.0,1.0,0.0
drift=1.0,adaptive_ridge,fixed_share,rmse,30,true,0.042331849231028465,0.022859943571631857,0.06180375489042507,0.13333333333333333,0.8666666666666667,0.0
drift=1.0,adaptive_ridge,passive_aggressive,rmse,30,true,-0.04223283128582044,-0.04848679727913771,-0.03597886529250317,1.0,0.0,0.0
drift=1.0,adaptive_ridge,ensemble_mean,rmse,30,true,0.14784912077080398,0.1006333069619426,0.19506493457966534,0.03333333333333333,0.9666666666666667,0.0
drift=1.0,adaptive_ridge,oracle_best_member,rmse,30,true,0.24578867613527164,0.20152072736198506,0.2900566249085582,0.0,1.0,0.0
drift=1.0,adaptive_ridge,validation_best_member,rmse,30,true,0.2695112066748448,0.2151252861405809,0.3238971272091087,0.0,1.0,0.0
window=1.0,adaptive_ridge,static_ridge,rmse,30,true,0.004597306514950217,0.0020363559344783737,0.00715825709542206,0.13333333333333333,0.8666666666666667,0.0
window=1.0,adaptive_ridge,rls,rmse,30,true,-0.007093974674581806,-0.008635079102373973,-0.005552870246789639,1.0,0.0,0.0
window=1.0,adaptive_ridge,hedge,rmse,30,true,0.05205094286341049,0.03591065997021104,0.06819122575660994,0.0,1.0,0.0
window=1.0,adaptive_ridge,exp3,rmse,30,true,0.2942113467052347,0.26956698624937214,0.31885570716109723,0.0,1.0,0.0
window=1.0,adaptive_ridge,fixed_share,rmse,30,true,0.03295588663241205,0.022742371009793573,0.04316940225503053,0.0,1.0,0.0
window=1.0,adaptive_ridge,passive_aggressive,rmse,30,true,-0.00443859745018466,-0.006742624066824831,-0.002134570833544489,0.7333333333333333,0.26666666666666666,0.0
window=1.0,adaptive_ridge,ensemble_mean,rmse,30,true,0.08033076474864488,0.05636502887975085,0.10429650061753891,0.0,1.0,0.0
window=1.0,adaptive_ridge,oracle_best_member,rmse,30,true,0.16218289692099866,0.13687606460274238,0.18748972923925494,0.0,1.0,0.0
window=1.0,adaptive_ridge,validation_best_member,rmse,30,true,0.1889169187598356,0.15248158756832253,0.22535224995134867,0.0,1.0,0.0
window=2.0,adaptive_ridge,static_ridge,rmse,30,true,0.0029302715975880913,4.14874368481772e-5,0.0058190557583280055,0.43333333333333335,0.5666666666666667,0.0
window=2.0,adaptive_ridge,rls,rmse,30,true,-0.00876100959194393,-0.010446722184478929,-0.0070752969994089315,1.0,0.0,0.0
window=2.0,adaptive_ridge,hedge,rmse,30,true,0.05038390794604836,0.03432859653013007,0.06643921936196666,0.0,1.0,0.0
window=2.0,adaptive_ridge,exp3,rmse,30,true,0.29254431178787244,0.26793844490308627,0.3171501786726586,0.0,1.0,0.0
window=2.0,adaptive_ridge,fixed_share,rmse,30,true,0.03128885171504993,0.0211784321113967,0.041399271318703156,0.03333333333333333,0.9666666666666667,0.0
window=2.0,adaptive_ridge,passive_aggressive,rmse,30,true,-0.006105632367546787,-0.00866587581711844,-0.003545388917975134,0.7666666666666667,0.23333333333333334,0.0
window=2.0,adaptive_ridge,ensemble_mean,rmse,30,true,0.07866372983128277,0.05481251587873191,0.10251494378383362,0.0,1.0,0.0
window=2.0,adaptive_ridge,oracle_best_member,rmse,30,true,0.16051586200363654,0.1354476608288609,0.1855840631784122,0.0,1.0,0.0
window=2.0,adaptive_ridge,validation_best_member,rmse,30,true,0.18724988384247349,0.15101661901278499,0.22348314867216199,0.0,1.0,0.0
window=3.0,adaptive_ridge,static_ridge,rmse,30,true,0.0008489938605581851,-0.0021829375807751474,0.0038809253018915178,0.6333333333333333,0.36666666666666664,0.0
window=3.0,adaptive_ridge,rls,rmse,30,true,-0.010842287328973835,-0.012625703532782305,-0.009058871125165366,1.0,0.0,0.0
window=3.0,adaptive_ridge,hedge,rmse,30,true,0.04830263020901847,0.03244112660795828,0.06416413381007866,0.0,1.0,0.0
window=3.0,adaptive_ridge,exp3,rmse,30,true,0.2904630340508426,0.26603460213713304,0.3148914659645522,0.0,1.0,0.0
window=3.0,adaptive_ridge,fixed_share,rmse,30,true,0.029207573978020023,0.01927845240969117,0.039136695546348875,0.03333333333333333,0.9666666666666667,0.0
window=3.0,adaptive_ridge,passive_aggressive,rmse,30,true,-0.008186910104576691,-0.010864043088256743,-0.00550977712089664,0.9,0.1,0.0
window=3.0,adaptive_ridge,ensemble_mean,rmse,30,true,0.07658245209425286,0.05296313741677518,0.10020176677173055,0.0,1.0,0.0
window=3.0,adaptive_ridge,oracle_best_member,rmse,30,true,0.15843458426660664,0.13349710646537383,0.18337206206783946,0.0,1.0,0.0
window=3.0,adaptive_ridge,validation_best_member,rmse,30,true,0.18516860610544358,0.14913988532401667,0.2211973268868705,0.0,1.0,0.0
window=4.0,adaptive_ridge,static_ridge,rmse,30,true,-0.0015105386104988757,-0.004637595731817209,0.0016165185108194576,0.8,0.2,0.0
window=4.0,adaptive_ridge,rls,rmse,30,true,-0.013201819800030897,-0.014995020563352586,-0.011408619036709209,1.0,0.0,0.0
window=4.0,adaptive_ridge,hedge,rmse,30,true,0.04594309773796139,0.02995131720615674,0.06193487826976604,0.06666666666666667,0.9333333333333333,0.0
window=4.0,adaptive_ridge,exp3,rmse,30,true,0.2881035015797855,0.26358454998700925,0.3126224531725617,0.0,1.0,0.0
window=4.0,adaptive_ridge,fixed_share,rmse,30,true,0.026848041506962957,0.01677865162268338,0.03691743139124254,0.06666666666666667,0.9333333333333333,0.0
window=4.0,adaptive_ridge,passive_aggressive,rmse,30,true,-0.010546442575633752,-0.013182910481735085,-0.00790997466953242,0.9666666666666667,0.03333333333333333,0.0
window=4.0,adaptive_ridge,ensemble_mean,rmse,30,true,0.0742229196231958,0.05051655994192633,0.09792927930446527,0.0,1.0,0.0
window=4.0,adaptive_ridge,oracle_best_member,rmse,30,true,0.15607505179554956,0.13103700577028077,0.18111309782081836,0.0,1.0,0.0
window=4.0,adaptive_ridge,validation_best_member,rmse,30,true,0.18280907363438653,0.14676884172833773,0.21884930554043533,0.0,1.0,0.0
window=5.0,adaptive_ridge,static_ridge,rmse,30,true,-0.0035314211663729405,-0.0066645027123673605,-0.00039833962037852,0.8333333333333334,0.16666666666666666,0.0
window=5.0,adaptive_ridge,rls,rmse,30,true,-0.015222702355904965,-0.016996516954728907,-0.013448887757081023,1.0,0.0,0.0
window=5.0,adaptive_ridge,hedge,rmse,30,true,0.04392221518208734,0.027977114511573538,0.05986731585260114,0.06666666666666667,0.9333333333333333,0.0
window=5.0,adaptive_ridge,exp3,rmse,30,true,0.2860826190239114,0.2614980250313567,0.3106672130164661,0.0,1.0,0.0
window=5.0,adaptive_ridge,fixed_share,rmse,30,true,0.024827158951088897,0.014727191346481433,0.03492712655569636,0.06666666666666667,0.9333333333333333,0.0
window=5.0,adaptive_ridge,passive_aggressive,rmse,30,true,-0.012567325131507818,-0.015088115249574898,-0.010046535013440737,1.0,0.0,0.0
window=5.0,adaptive_ridge,ensemble_mean,rmse,30,true,0.07220203706732173,0.04849587842856439,0.09590819570607906,0.03333333333333333,0.9666666666666667,0.0
window=5.0,adaptive_ridge,oracle_best_member,rmse,30,true,0.15405416923967552,0.12888375574537497,0.17922458273397607,0.0,1.0,0.0
window=5.0,adaptive_ridge,validation_best_member,rmse,30,true,0.18078819107851246,0.14465610598746995,0.21692027616955498,0.0,1.0,0.0
window=8.0,adaptive_ridge,static_ridge,rmse,30,true,-0.009118207552576463,-0.012549233704604533,-0.005687181400548394,0.8666666666666667,0.13333333333333333,0.0
window=8.0,adaptive_ridge,rls,rmse,30,true,-0.02080948874210848,-0.022720233862676114,-0.018898743621540846,1.0,0.0,0.0
window=8.0,adaptive_ridge,hedge,rmse,30,true,0.038335428795883815,0.022387442743803228,0.0542834148479644,0.13333333333333333,0.8666666666666667,0.0
window=8.0,adaptive_ridge,exp3,rmse,30,true,0.28049583263770794,0.25584320738938915,0.30514845788602674,0.0,1.0,0.0
window=8.0,adaptive_ridge,fixed_share,rmse,30,true,0.019240372564885373,0.009166911258084989,0.029313833871685756,0.16666666666666666,0.8333333333333334,0.0
window=8.0,adaptive_ridge,passive_aggressive,rmse,30,true,-0.018154111517711343,-0.02072672570850262,-0.015581497326920065,1.0,0.0,0.0
window=8.0,adaptive_ridge,ensemble_mean,rmse,30,true,0.06661525068111822,0.042864932628428665,0.09036556873380777,0.03333333333333333,0.9666666666666667,0.0
window=8.0,adaptive_ridge,oracle_best_member,rmse,30,true,0.148467382853472,0.12316713644696882,0.1737676292599752,0.03333333333333333,0.9666666666666667,0.0
window=8.0,adaptive_ridge,validation_best_member,rmse,30,true,0.17520140469230894,0.1391911261439412,0.21121168324067668,0.03333333333333333,0.9666666666666667,0.0
window=10.0,adaptive_ridge,static_ridge,rmse,30,true,-0.013078031379246806,-0.01621799647195358,-0.009938066286540034,0.9,0.1,0.0
window=10.0,adaptive_ridge,rls,rmse,30,true,-0.02476931256877882,-0.026805912569411457,-0.022732712568146185,1.0,0.0,0.0
window=10.0,adaptive_ridge,hedge,rmse,30,true,0.03437560496921347,0.018439520803978426,0.050311689134448515,0.23333333333333334,0.7666666666666667,0.0
window=10.0,adaptive_ridge,exp3,rmse,30,true,0.27653600881103757,0.2516798480932121,0.30139216952886305,0.0,1.0,0.0
window=10.0,adaptive_ridge,fixed_share,rmse,30,true,0.01528054873821503,0.00492252553741193,0.025638571939018133,0.3,0.7,0.0
window=10.0,adaptive_ridge,passive_aggressive,rmse,30,true,-0.022113935344381684,-0.024665102081144284,-0.019562768607619085,1.0,0.0,0.0
window=10.0,adaptive_ridge,ensemble_mean,rmse,30,true,0.06265542685444787,0.03895805362673761,0.08635280008215813,0.13333333333333333,0.8666666666666667,0.0
window=10.0,adaptive_ridge,oracle_best_member,rmse,30,true,0.14450755902680162,0.11884653890614258,0.17016857914746067,0.03333333333333333,0.9666666666666667,0.0
window=10.0,adaptive_ridge,validation_best_member,rmse,30,true,0.17124158086563857,0.1347778884678596,0.20770527326341753,0.03333333333333333,0.9666666666666667,0.0
window=15.0,adaptive_ridge,static_ridge,rmse,30,true,-0.022781438529237693,-0.026493328415456298,-0.019069548643019088,0.9666666666666667,0.03333333333333333,0.0
window=15.0,adaptive_ridge,rls,rmse,30,true,-0.03447271971876971,-0.03746346415598407,-0.03148197528155535,1.0,0.0,0.0
window=15.0,adaptive_ridge,hedge,rmse,30,true,0.024672197819222585,0.008755270972177608,0.04058912466626756,0.36666666666666664,0.6333333333333333,0.0
window=15.0,adaptive_ridge,exp3,rmse,30,true,0.26683260166104666,0.24172308215391672,0.29194212116817664,0.0,1.0,0.0
window=15.0,adaptive_ridge,fixed_share,rmse,30,true,0.005577141588224147,-0.004808552640645116,0.01596283581709341,0.5333333333333333,0.4666666666666667,0.0
window=15.0,adaptive_ridge,passive_aggressive,rmse,30,true,-0.03181734249437256,-0.03510018878349001,-0.02853449620525511,1.0,0.0,0.0
window=15.0,adaptive_ridge,ensemble_mean,rmse,30,true,0.05295201970445699,0.02907773113958607,0.0768263082693279,0.2,0.8,0.0
window=15.0,adaptive_ridge,oracle_best_member,rmse,30,true,0.13480415187681075,0.10857749679150588,0.1610308069621156,0.03333333333333333,0.9666666666666667,0.0
window=15.0,adaptive_ridge,validation_best_member,rmse,30,true,0.16153817371564771,0.12469265275077518,0.19838369468052025,0.03333333333333333,0.9666666666666667,0.0
window=20.0,adaptive_ridge,static_ridge,rmse,30,true,-0.03082502756019824,-0.035268076728877606,-0.026381978391518877,1.0,0.0,0.0
window=20.0,adaptive_ridge,rls,rmse,30,true,-0.04251630874973026,-0.04650510315108956,-0.03852751434837096,1.0,0.0,0.0
window=20.0,adaptive_ridge,hedge,rmse,30,true,0.016628608788262035,0.0005440675700104126,0.03271315000651366,0.5,0.5,0.0
window=20.0,adaptive_ridge,exp3,rmse,30,true,0.25878901263008613,0.234106762868134,0.28347126239203824,0.0,1.0,0.0
window=20.0,adaptive_ridge,fixed_share,rmse,30,true,-0.0024664474427364023,-0.012714405074192536,0.00778151018871973,0.6333333333333333,0.36666666666666664,0.0
window=20.0,adaptive_ridge,passive_aggressive,rmse,30,true,-0.03986093152533312,-0.043989113433364146,-0.03573274961730209,1.0,0.0,0.0
window=20.0,adaptive_ridge,ensemble_mean,rmse,30,true,0.044908430673496445,0.020895165399209166,0.06892169594778372,0.3,0.7,0.0
window=20.0,adaptive_ridge,oracle_best_member,rmse,30,true,0.12676056284585022,0.10059935286261656,0.15292177282908387,0.03333333333333333,0.9666666666666667,0.0
window=20.0,adaptive_ridge,validation_best_member,rmse,30,true,0.15349458468468719,0.11701906410071655,0.18997010526865782,0.03333333333333333,0.9666666666666667,0.0
window=25.0,adaptive_ridge,static_ridge,rmse,30,true,-0.03801729738391461,-0.04232795664359296,-0.03370663812423626,1.0,0.0,0.0
window=25.0,adaptive_ridge,rls,rmse,30,true,-0.04970857857344664,-0.05399077796143966,-0.04542637918545362,1.0,0.0,0.0
window=25.0,adaptive_ridge,hedge,rmse,30,true,0.009436338964545661,-0.006770216407565779,0.0256428943366571,0.5333333333333333,0.4666666666666667,0.0
window=25.0,adaptive_ridge,exp3,rmse,30,true,0.25159674280636973,0.22713190268846006,0.2760615829242794,0.0,1.0,0.0
window=25.0,adaptive_ridge,fixed_share,rmse,30,true,-0.009658717266452775,-0.020047570548969624,0.000730136016064073,0.7666666666666667,0.23333333333333334,0.0
window=25.0,adaptive_ridge,passive_aggressive,rmse,30,true,-0.04705320134904948,-0.05144782222135876,-0.0426585804767402,1.0,0.0,0.0
window=25.0,adaptive_ridge,ensemble_mean,rmse,30,true,0.037716160849780064,0.013703932331146782,0.06172838936841335,0.4,0.6,0.0
window=25.0,adaptive_ridge,oracle_best_member,rmse,30,true,0.11956829302213383,0.09323765397767296,0.1458989320665947,0.03333333333333333,0.9666666666666667,0.0
window=25.0,adaptive_ridge,validation_best_member,rmse,30,true,0.1463023148609708,0.10972959807458332,0.1828750316473583,0.03333333333333333,0.9666666666666667,0.0
history=100.0,adaptive_ridge,static_ridge,rmse,30,true,-0.329137727331393,-0.3592666107326559,-0.2990088439301301,1.0,0.0,0.0
history=100.0,adaptive_ridge,rls,rmse,30,true,-0.3811261258529533,-0.40144093303037764,-0.36081131867552896,1.0,0.0,0.0
history=100.0,adaptive_ridge,hedge,rmse,30,true,-0.3219516932488923,-0.344958558132781,-0.2989448283650036,1.0,0.0,0.0
history=100.0,adaptive_ridge,exp3,rmse,30,true,0.022940527556104127,-0.0038429753782832365,0.04972403049049149,0.4,0.6,0.0
history=100.0,adaptive_ridge,fixed_share,rmse,30,true,-0.3309282341169074,-0.3536235163359066,-0.3082329518979082,1.0,0.0,0.0
history=100.0,adaptive_ridge,passive_aggressive,rmse,30,true,-0.37453233830380367,-0.3958782896059003,-0.353186387001707,1.0,0.0,0.0
history=100.0,adaptive_ridge,ensemble_mean,rmse,30,true,-0.2959788951967122,-0.3210407646948448,-0.2709170256985796,1.0,0.0,0.0
history=100.0,adaptive_ridge,oracle_best_member,rmse,30,true,-0.21412676302435843,-0.24413457016756485,-0.184118955881152,1.0,0.0,0.0
history=100.0,adaptive_ridge,validation_best_member,rmse,30,true,-0.20678878031590958,-0.23994399270749878,-0.1736335679243204,1.0,0.0,0.0
history=200.0,adaptive_ridge,static_ridge,rmse,30,true,-0.1465196904405422,-0.17815912935355793,-0.11488025152752646,1.0,0.0,0.0
history=200.0,adaptive_ridge,rls,rmse,30,true,-0.20663730635122607,-0.22685472194490905,-0.1864198907575431,1.0,0.0,0.0
history=200.0,adaptive_ridge,hedge,rmse,30,true,-0.14834713525765483,-0.1716586977459223,-0.12503557276938737,1.0,0.0,0.0
history=200.0,adaptive_ridge,exp3,rmse,30,true,0.17578909743254065,0.155441731410295,0.1961364634547863,0.0,1.0,0.0
history=200.0,adaptive_ridge,fixed_share,rmse,30,true,-0.16169371320972856,-0.1829971295587355,-0.1403902968607216,1.0,0.0,0.0
history=200.0,adaptive_ridge,passive_aggressive,rmse,30,true,-0.2030128334880284,-0.22353846022418739,-0.1824872067518694,1.0,0.0,0.0
history=200.0,adaptive_ridge,ensemble_mean,rmse,30,true,-0.12116849115700648,-0.151117657409922,-0.09121932490409096,0.9,0.1,0.0
history=200.0,adaptive_ridge,oracle_best_member,rmse,30,true,-0.0393163589846527,-0.0687689591786165,-0.00986375879068891,0.6,0.4,0.0
history=200.0,adaptive_ridge,validation_best_member,rmse,30,true,-0.03197837627620382,-0.06259789112135236,-0.0013588614310552846,0.5666666666666667,0.43333333333333335,0.0
history=400.0,adaptive_ridge,static_ridge,rmse,30,true,-0.05669255566645022,-0.06320240956708334,-0.05018270176581709,1.0,0.0,0.0
history=400.0,adaptive_ridge,rls,rmse,30,true,-0.060251853196063375,-0.06666850239328083,-0.05383520399884592,1.0,0.0,0.0
history=400.0,adaptive_ridge,hedge,rmse,30,true,-0.002457794684273326,-0.018268574433730287,0.013352985065183636,0.6666666666666666,0.3333333333333333,0.0
history=400.0,adaptive_ridge,exp3,rmse,30,true,0.30101485770176506,0.2803786811352269,0.3216510342683032,0.0,1.0,0.0
history=400.0,adaptive_ridge,fixed_share,rmse,30,true,-0.01977914682672987,-0.029516083976651147,-0.010042209676808592,0.8333333333333334,0.16666666666666666,0.0
history=400.0,adaptive_ridge,passive_aggressive,rmse,30,true,-0.05629994250187582,-0.06320242667561517,-0.04939745832813646,1.0,0.0,0.0
history=400.0,adaptive_ridge,ensemble_mean,rmse,30,true,0.026254174950152736,0.0040091652259332845,0.048499184674372184,0.4666666666666667,0.5333333333333333,0.0
history=400.0,adaptive_ridge,oracle_best_member,rmse,30,true,0.1081063071225065,0.08235752208847437,0.13385509215653865,0.1,0.9,0.0
history=400.0,adaptive_ridge,validation_best_member,rmse,30,true,0.1174707495661127,0.08665558592397285,0.14828591320825255,0.1,0.9,0.0
history=750.0,adaptive_ridge,static_ridge,rmse,30,true,-0.03368316752746773,-0.04055953766094591,-0.02680679739398955,1.0,0.0,0.0
history=750.0,adaptive_ridge,rls,rmse,30,true,-0.038261912267832245,-0.045247065677778586,-0.0312767588578859,1.0,0.0,0.0
history=750.0,adaptive_ridge,hedge,rmse,30,true,0.019750263802701465,0.003259810623337852,0.036240716982065074,0.4666666666666667,0.5333333333333333,0.0
history=750.0,adaptive_ridge,exp3,rmse,30,true,0.3041134428424505,0.2840445674585033,0.3241823182263977,0.0,1.0,0.0
history=750.0,adaptive_ridge,fixed_share,rmse,30,true,-0.0009837178095246845,-0.011092169464863518,0.009124733845814147,0.6333333333333333,0.36666666666666664,0.0
history=750.0,adaptive_ridge,passive_aggressive,rmse,30,true,-0.0359798011337976,-0.04323356531755433,-0.028726036950040865,1.0,0.0,0.0
history=750.0,adaptive_ridge,ensemble_mean,rmse,30,true,0.04834207325005548,0.02528594775811695,0.07139819874199402,0.2,0.8,0.0
history=750.0,adaptive_ridge,oracle_best_member,rmse,30,true,0.13019420542240925,0.10513434946276684,0.15525406138205167,0.03333333333333333,0.9666666666666667,0.0
history=750.0,adaptive_ridge,validation_best_member,rmse,30,true,0.13955864786601546,0.1093594789490293,0.1697578167830016,0.03333333333333333,0.9666666666666667,0.0
history=1500.0,adaptive_ridge,static_ridge,rmse,30,true,-0.014117673049987066,-0.017045962506074923,-0.011189383593899208,0.9333333333333333,0.06666666666666667,0.0
history=1500.0,adaptive_ridge,rls,rmse,30,true,-0.02145005280822976,-0.023548225537413033,-0.01935188007904649,1.0,0.0,0.0
history=1500.0,adaptive_ridge,hedge,rmse,30,true,0.037243799402195014,0.02116412269866367,0.05332347610572636,0.13333333333333333,0.8666666666666667,0.0
history=1500.0,adaptive_ridge,exp3,rmse,30,true,0.28514789998440865,0.2648588404490093,0.305436959519808,0.0,1.0,0.0
history=1500.0,adaptive_ridge,fixed_share,rmse,30,true,0.017343634900123438,0.007282565725150339,0.027404704075096535,0.26666666666666666,0.7333333333333333,0.0
history=1500.0,adaptive_ridge,passive_aggressive,rmse,30,true,-0.01870766905520081,-0.02145831854297039,-0.015957019567431226,1.0,0.0,0.0
history=1500.0,adaptive_ridge,ensemble_mean,rmse,30,true,0.06601604497288766,0.0423489264013914,0.08968316354438391,0.13333333333333333,0.8666666666666667,0.0
history=1500.0,adaptive_ridge,oracle_best_member,rmse,30,true,0.14786817714524142,0.12231437801147625,0.1734219762790066,0.03333333333333333,0.9666666666666667,0.0
history=1500.0,adaptive_ridge,validation_best_member,rmse,30,true,0.15751457958746093,0.12642093797983942,0.18860822119508244,0.03333333333333333,0.9666666666666667,0.0
history=3000.0,adaptive_ridge,static_ridge,rmse,30,true,-0.0035314211663729405,-0.0066645027123673605,-0.00039833962037852,0.8333333333333334,0.16666666666666666,0.0
history=3000.0,adaptive_ridge,rls,rmse,30,true,-0.015222702355904965,-0.016996516954728907,-0.013448887757081023,1.0,0.0,0.0
history=3000.0,adaptive_ridge,hedge,rmse,30,true,0.04392221518208734,0.027977114511573538,0.05986731585260114,0.06666666666666667,0.9333333333333333,0.0
history=3000.0,adaptive_ridge,exp3,rmse,30,true,0.2860826190239114,0.2614980250313567,0.3106672130164661,0.0,1.0,0.0
history=3000.0,adaptive_ridge,fixed_share,rmse,30,true,0.024827158951088897,0.014727191346481433,0.03492712655569636,0.06666666666666667,0.9333333333333333,0.0
history=3000.0,adaptive_ridge,passive_aggressive,rmse,30,true,-0.012567325131507818,-0.015088115249574898,-0.010046535013440737,1.0,0.0,0.0
history=3000.0,adaptive_ridge,ensemble_mean,rmse,30,true,0.07220203706732173,0.04849587842856439,0.09590819570607906,0.03333333333333333,0.9666666666666667,0.0
history=3000.0,adaptive_ridge,oracle_best_member,rmse,30,true,0.15405416923967552,0.12888375574537497,0.17922458273397607,0.0,1.0,0.0
history=3000.0,adaptive_ridge,validation_best_member,rmse,30,true,0.18078819107851246,0.14465610598746995,0.21692027616955498,0.0,1.0,0.0
discrete_probability=0.0,adaptive_ridge,static_ridge,rmse,30,true,-0.0037238344822539135,-0.004513277673445424,-0.002934391291062403,1.0,0.0,0.0
discrete_probability=0.0,adaptive_ridge,rls,rmse,30,true,-0.004362026467938032,-0.0061544103044287495,-0.002569642631447314,1.0,0.0,0.0
discrete_probability=0.0,adaptive_ridge,hedge,rmse,30,true,0.06280213724463156,0.04786794213870982,0.0777363323505533,0.0,1.0,0.0
discrete_probability=0.0,adaptive_ridge,exp3,rmse,30,true,0.17526613732017085,0.15747483140197943,0.19305744323836227,0.0,1.0,0.0
discrete_probability=0.0,adaptive_ridge,fixed_share,rmse,30,true,0.033886123820321815,0.025344511685046027,0.0424277359555976,0.0,1.0,0.0
discrete_probability=0.0,adaptive_ridge,passive_aggressive,rmse,30,true,0.0032959901511669786,0.0015546267946890749,0.005037353507644882,0.16666666666666666,0.8333333333333334,0.0
discrete_probability=0.0,adaptive_ridge,ensemble_mean,rmse,30,true,0.06720129999612486,0.05211705454942807,0.08228554544282164,0.0,1.0,0.0
discrete_probability=0.0,adaptive_ridge,oracle_best_member,rmse,30,true,0.11192188614282005,0.08867417214509404,0.13516960014054605,0.0,1.0,0.0
discrete_probability=0.0,adaptive_ridge,validation_best_member,rmse,30,true,0.1121827575100085,0.08886661785134899,0.13549889716866803,0.0,1.0,0.0
discrete_probability=0.2,adaptive_ridge,static_ridge,rmse,30,true,-0.008653126737141168,-0.009703930291099169,-0.007602323183183167,1.0,0.0,0.0
discrete_probability=0.2,adaptive_ridge,rls,rmse,30,true,-0.007696413377858674,-0.00872440556354224,-0.006668421192175108,1.0,0.0,0.0
discrete_probability=0.2,adaptive_ridge,hedge,rmse,30,true,0.04489412938942358,0.03562471917543848,0.05416353960340868,0.0,1.0,0.0
discrete_probability=0.2,adaptive_ridge,exp3,rmse,30,true,0.21645290463300437,0.19652225756225342,0.23638355170375533,0.0,1.0,0.0
discrete_probability=0.2,adaptive_ridge,fixed_share,rmse,30,true,0.03332410999358638,0.02436011742627664,0.042288102560896115,0.0,1.0,0.0
discrete_probability=0.2,adaptive_ridge,passive_aggressive,rmse,30,true,0.0014349971645016822,0.00023279851603765249,0.002637195812965712,0.26666666666666666,0.7333333333333333,0.0
discrete_probability=0.2,adaptive_ridge,ensemble_mean,rmse,30,true,0.05118908239474444,0.041327740293281304,0.06105042449620758,0.0,1.0,0.0
discrete_probability=0.2,adaptive_ridge,oracle_best_member,rmse,30,true,0.15358543660251042,0.13022817226978084,0.17694270093524,0.0,1.0,0.0
discrete_probability=0.2,adaptive_ridge,validation_best_member,rmse,30,true,0.1540441592071543,0.13057957139455706,0.17750874701975156,0.0,1.0,0.0
discrete_probability=0.4,adaptive_ridge,static_ridge,rmse,30,true,-0.008273099208765173,-0.009053830350051242,-0.007492368067479103,1.0,0.0,0.0
discrete_probability=0.4,adaptive_ridge,rls,rmse,30,true,-0.007990097305895208,-0.009073341067460699,-0.006906853544329718,1.0,0.0,0.0
discrete_probability=0.4,adaptive_ridge,hedge,rmse,30,true,0.04738476034813123,0.035771453197667454,0.05899806749859501,0.0,1.0,0.0
discrete_probability=0.4,adaptive_ridge,exp3,rmse,30,true,0.249320736248166,0.22965062238186412,0.2689908501144679,0.0,1.0,0.0
discrete_probability=0.4,adaptive_ridge,fixed_share,rmse,30,true,0.03116494383412054,0.021897641302068074,0.04043224636617301,0.0,1.0,0.0
discrete_probability=0.4,adaptive_ridge,passive_aggressive,rmse,30,true,0.0015512866884492126,0.00031238258910950417,0.002790190787788921,0.4,0.6,0.0
discrete_probability=0.4,adaptive_ridge,ensemble_mean,rmse,30,true,0.05972296963804598,0.04515487981266759,0.07429105946342437,0.0,1.0,0.0
discrete_probability=0.4,adaptive_ridge,oracle_best_member,rmse,30,true,0.17940136765027545,0.15444727961965782,0.20435545568089308,0.0,1.0,0.0
discrete_probability=0.4,adaptive_ridge,validation_best_member,rmse,30,true,0.18050834332202925,0.1552105017176606,0.2058061849263979,0.0,1.0,0.0
discrete_probability=0.6,adaptive_ridge,static_ridge,rmse,30,true,-0.00847883940534417,-0.009276271108224,-0.00768140770246434,1.0,0.0,0.0
discrete_probability=0.6,adaptive_ridge,rls,rmse,30,true,-0.008084519555785456,-0.009156259420630235,-0.0070127796909406764,1.0,0.0,0.0
discrete_probability=0.6,adaptive_ridge,hedge,rmse,30,true,0.048713687295956626,0.03520254485620598,0.06222482973570727,0.03333333333333333,0.9666666666666667,0.0
discrete_probability=0.6,adaptive_ridge,exp3,rmse,30,true,0.2763676161007166,0.2564486343798909,0.29628659782154226,0.0,1.0,0.0
discrete_probability=0.6,adaptive_ridge,fixed_share,rmse,30,true,0.030793261587957883,0.020889978205222783,0.040696544970692985,0.03333333333333333,0.9666666666666667,0.0
discrete_probability=0.6,adaptive_ridge,passive_aggressive,rmse,30,true,0.0006235430922578662,-0.0007413190208139089,0.0019884052053296413,0.4666666666666667,0.5333333333333333,0.0
discrete_probability=0.6,adaptive_ridge,ensemble_mean,rmse,30,true,0.06802813166575102,0.048969662757681484,0.08708660057382055,0.03333333333333333,0.9666666666666667,0.0
discrete_probability=0.6,adaptive_ridge,oracle_best_member,rmse,30,true,0.1912844068205365,0.1652308730822067,0.2173379405588663,0.0,1.0,0.0
discrete_probability=0.6,adaptive_ridge,validation_best_member,rmse,30,true,0.19165981346076916,0.1654721046215072,0.21784752230003113,0.0,1.0,0.0
discrete_probability=0.8,adaptive_ridge,static_ridge,rmse,30,true,-0.008768249766540621,-0.009751006991158636,-0.007785492541922607,1.0,0.0,0.0
discrete_probability=0.8,adaptive_ridge,rls,rmse,30,true,-0.008267266733421407,-0.009366890085544179,-0.007167643381298636,1.0,0.0,0.0
discrete_probability=0.8,adaptive_ridge,hedge,rmse,30,true,0.049946347792634314,0.03406779321079794,0.0658249023744707,0.03333333333333333,0.9666666666666667,0.0
discrete_probability=0.8,adaptive_ridge,exp3,rmse,30,true,0.2809588463335842,0.25912176863284225,0.30279592403432615,0.0,1.0,0.0
discrete_probability=0.8,adaptive_ridge,fixed_share,rmse,30,true,0.03134432105408643,0.019833109076192637,0.042855533031980225,0.03333333333333333,0.9666666666666667,0.0
discrete_probability=0.8,adaptive_ridge,passive_aggressive,rmse,30,true,-0.00043217509516892496,-0.0018766966376379942,0.0010123464473001443,0.6333333333333333,0.36666666666666664,0.0
discrete_probability=0.8,adaptive_ridge,ensemble_mean,rmse,30,true,0.07847496470488334,0.0550672840857877,0.10188264532397898,0.0,1.0,0.0
discrete_probability=0.8,adaptive_ridge,oracle_best_member,rmse,30,true,0.1868265763431546,0.16243596134255378,0.21121719134375544,0.0,1.0,0.0
discrete_probability=0.8,adaptive_ridge,validation_best_member,rmse,30,true,0.18831452942981203,0.16328383596274926,0.2133452228968748,0.0,1.0,0.0
discrete_probability=1.0,adaptive_ridge,static_ridge,rmse,30,true,-0.008936157112488278,-0.009675094712300592,-0.008197219512675963,1.0,0.0,0.0
discrete_probability=1.0,adaptive_ridge,rls,rmse,30,true,-0.008278126618159484,-0.009229990333341088,-0.00732626290297788,1.0,0.0,0.0
discrete_probability=1.0,adaptive_ridge,hedge,rmse,30,true,0.053334185387511474,0.035508709509080784,0.07115966126594217,0.0,1.0,0.0
discrete_probability=1.0,adaptive_ridge,exp3,rmse,30,true,0.28173569911124974,0.2579166482305619,0.3055547499919376,0.0,1.0,0.0
discrete_probability=1.0,adaptive_ridge,fixed_share,rmse,30,true,0.030301786955766578,0.019038232364406625,0.04156534154712653,0.06666666666666667,0.9333333333333333,0.0
discrete_probability=1.0,adaptive_ridge,passive_aggressive,rmse,30,true,-0.006649814601852011,-0.008585567447200808,-0.0047140617565032145,0.9666666666666667,0.03333333333333333,0.0
discrete_probability=1.0,adaptive_ridge,ensemble_mean,rmse,30,true,0.09090631081637195,0.06355091506591007,0.11826170656683382,0.0,1.0,0.0
discrete_probability=1.0,adaptive_ridge,oracle_best_member,rmse,30,true,0.17400469968917157,0.14758806831772167,0.20042133106062146,0.0,1.0,0.0
discrete_probability=1.0,adaptive_ridge,validation_best_member,rmse,30,true,0.17402419702078967,0.14759986009615125,0.20044853394542808,0.0,1.0,0.0
