col1,col2,col3,col4
-0.0713316376319475,-0.16931332908195462,0.12086164975400981,-0.8629111157751783
0.01217100645483371,0.02883157175015927,0.4265221944362021,-0.15877199211056303
-0.018137403884128434,0.041731509426069735,0.07179691749237382,-0.36886436139019474
-0.20333264272215423,0.19523001962677933,0.21544438042804703,0.029069083731016576
0.11567969225078767,0.19187738512926922,0.43897085361710664,0.13415920797809777
-0.06426580225780265,-0.19893125817822366,-0.24021211454361002,-0.011077154548015278
0.07727116329286865,0.03370551764134344,0.569560299915234,-0.4929032741752488
-0.08030522650153227,-0.21767549106040862,0.1043854753711273,-0.6557682555316373
0.07451695481459253,-0.1646134243463091,-0.5542494273583813,-0.027385364097408882
0.09793654308430955,0.09584321885270097,0.2409283769081636,0.015513492794527517
0.15625123164216514,-0.02823724405444139,0.07688352330693515,0.18017451778170068
0.15794835753850256,0.09367403262539176,0.9321945655770718,0.44727864746539203
-0.05058154537096771,-0.3312051444702093,0.03805418364069224,-0.312087578390126
0.11458316199257279,0.07571052884612195,0.05691790010526665,-0.1879352763626958
0.23898543179375098,-0.2245239704833515,0.21583195091832552,0.6448077733470656
0.018969037675071743,-0.014163587070652017,0.863280359005727,0.20217094570041727
0.20678993883585006,-0.05827099492005772,0.20095598310612472,0.25646285635362975
0.04816317061708708,-0.12132923623875036,0.5633240167274063,-0.07614264838804607
0.24432389201254834,0.19522194750954958,-0.06725086072599273,-0.5573530697400004
0.13965120113833662,0.05594641423276481,0.23983909042268126,-0.0022088542693241564
0.21269073146552442,-0.12788675650302528,0.23458792112276572,-0.5106628153775903
0.20571807795151686,-0.026916293725765428,0.06849331775761991,-0.26666369179256266
0.1957737830918198,-0.03841440074632807,0.24292370646575923,-0.7658527639735095
0.32528888851105986,0.2985806373793847,0.2510659097514272,0.5505662144751735
0.3635496593406935,-0.07706043815823449,-0.07520133136224771,0.11980252625817744
0.2126110988876575,0.33415420850536015,-0.3165735381985071,-0.7404139789557767
0.28934300984686967,0.22895085917961056,0.20172858265859706,-0.25717679205321176
0.40630223169811464,0.048401933377423934,-0.1473388748545581,-0.1573094695426036
0.3251038930326331,0.13421653763746688,0.0024779651842656847,0.39813398994074545
0.24845430805906066,0.279568905356087,0.3425612289968958,-0.6621322737662463
0.2798240386962738,0.24933373255205504,0.4739479891410452,-0.55121627323991
0.2721606803686787,-0.04687938150102955,0.44667754390356995,0.2824765956587427
0.414136715518604,-0.09331013435620061,0.08361321957748746,-0.416330820700054
0.3562060911948848,-0.04371443303829947,-0.11776906657642394,0.2909174574822808
0.343520512923988,0.449839097288391,0.47205973231415177,-0.04851423697977841
0.3764743610037993,0.1460382131376594,-0.9621807355247074,-0.036798003226895304
0.4028213939457599,0.33573433639190764,-0.2668541590875,-0.7961434289060603
0.44789506941044754,0.2516101284226342,0.46673155369587893,0.2766474326007895
0.4869169389814805,0.48536615630301627,-0.29889329510745677,-0.04179678573010914
0.32728995060073585,0.153049459361297,-0.4642872529297053,-0.5283298077768408
0.6082213847310043,-0.02444276995732686,-0.32947367972139796,-0.37005207817628794
0.47909710880518697,0.2599129612851474,0.2325090253110602,0.19158127188948582
0.3349340448799918,0.06671299797877817,0.2967291412482753,-0.13315311214571768
0.4878865561387298,0.4833145039020623,-0.13680549652058493,-1.1247194354662113
0.43871799603628414,-0.3237528106692431,-0.3905340831822346,-0.0002943065520946142
0.527349223599086,0.03688810827938038,-0.1522641924317396,0.01141441459888215
0.6227340892633153,-0.11499009406127403,-0.49039045723856356,0.17382421714492313
0.4806127223827068,0.32093600445571147,-0.039433273518048484,-0.21045053398905633
0.3205560085329129,-0.03853822209396762,-0.007012022487373315,-0.6878130130879447
0.5801227625931218,0.49270886796232016,0.6859200293756496,0.08275924789250233
0.6967716969827404,-0.056843995118403434,-0.8403593211621003,0.658773263042802
0.5670829397197288,0.13242616635365945,0.0026993000796795563,0.13748315706208825
0.6769817733633046,0.004611799931670824,0.08980422046170045,-0.7380701935032765
0.5508304128474779,0.01523108416054475,1.266764394926217,-0.7365003333728692
0.4531833782133745,0.16423363449077,0.4023041610454605,0.06846534420930395
0.48665094759493854,0.014524286150673138,0.0888881366412364,0.6838416722238287
0.714157251958123,-0.006598393379877887,-0.22712296724796532,-0.4473519917152413
0.6153259194292695,0.28933305211587435,-0.7731819089286431,-0.32788830821528503
0.693249063525033,0.3060019850334643,-0.13339949893886294,-0.24060917916358893
0.7116881282747545,0.30580449052313474,-0.13488167777644966,0.49770579845201324
0.8182371734486038,0.4137251754016771,0.39905569424300724,-0.07041314866602733
0.7676820610946957,0.26775064872737797,0.3246696345036235,0.23650935884583468
0.5251434385089517,0.11876033982555834,-0.4341372491285864,0.5172200954225206
0.6984250757040904,0.05862273810166441,-0.045803453772844005,-0.37740597658303265
0.6337896013786257,0.2915679915070175,-0.23237171668006162,0.1604113955988562
0.7196929774040455,-0.021034559417305143,0.11338211211850213,-0.15620240496118365
0.4238143515823958,0.042003046656132526,0.20400045608030748,0.6076143227933481
0.667298292331632,-0.023881924233091212,0.16432713914387564,-0.5025379266915406
0.7964584577751728,0.03954348209969227,-0.5229547388191511,0.46918440938782524
0.7098254566478466,0.2771046029826425,0.1318084961523267,0.061225177575358725
0.6407750328811002,-0.21636342076448978,-0.09716700787467447,-0.7861773727916859
0.7226059866749197,0.08325232376751579,-0.532271016299751,0.36300223456116587
0.7622492406056915,0.05630819244369878,1.0076261436319194,-0.563791615298884
0.7880151862214184,0.3329053983012824,0.022678061806531424,-0.43993471910255133
0.8282079990969007,0.4635760605677519,-0.12702081832928336,0.7262988290587502
0.9500618624976211,-0.20601058763006463,-0.14487475224569302,-0.26376272732700246
0.7453832899354289,0.315444186528274,0.36747309504797965,0.17941502943122778
0.8394422641325381,0.004187264928960044,0.42579778038779903,0.48518318516492576
0.9061140182724996,-0.005526426832496156,0.6218773970167875,-0.5171667242826379
0.7196402280538408,-0.32207016165919766,0.29234384876126285,0.17814175993466996
0.836427368033116,0.03654098041100129,-0.13176281343081175,-0.4515062380146686
0.8876331134585409,0.128058915147641,0.03471472665265596,0.11695407991178985
0.8381030331649968,-0.05579084901831388,0.19066741600696968,0.10144581786006901
0.8386991540592104,0.3761562713054025,0.3902235986967373,0.1617488651491179
0.7468852682574263,0.14618285353948757,0.32044765750899895,-0.5322827637148397
0.9324343607109835,0.19624260462008536,-0.4281443072728628,0.2528968535808187
0.7232101512771876,0.1963832589620389,-0.39031609613940255,0.10316759490745042
0.8477864077377726,-0.17771743175084476,0.5560856639187697,-0.36791557949866016
0.778809721502459,0.284932856841114,0.3108144310411616,0.2407270455206998
0.9110616874010686,-0.060058045681704364,0.13817111222091905,0.026675335442114978
0.7618742482950349,-0.37482371815172977,0.6224501346975662,-0.3216325046718316
0.9911612748491128,-0.19948965882592562,-0.22322228807824507,-0.07071784929206126
0.9255210912058218,0.4023393525317309,-0.047520464619264846,0.17226420298213885
0.760851624505472,0.19634352307425962,-0.15365421292864445,-0.06107613842289128
0.747348953495822,-0.2532359223650684,-0.29670563240718817,0.27977454867334517
0.8168006776984851,-0.0013694158063084494,-0.3357568259292725,-0.2943317949522415
0.8231866154713083,0.06317152447521623,-0.21031238338974712,-0.7331482006267307
1.0412534064762706,-0.39409918274969513,0.38267153793415476,-0.266025920067813
0.8224664828074664,-0.16362995542621928,0.469771878875445,-0.7329325466208592
0.815416729101619,-0.11187806203850759,0.13599665041011333,0.19529300528992266
1.147451565498835,0.22136252020201885,0.32124819075195754,-0.8628357604655807
0.9519736023166749,0.0028917993962478405,0.22041997473596187,-0.11661646325671216
0.8681800989438999,0.2058752677002622,0.4190939591335967,0.3781821726264951
0.9532327638234417,0.04249182009563146,0.28935808311772293,-0.40377615665154254
1.0106101642892518,-0.06567938466851508,-0.38042730921843093,0.26901167411066984
1.058206480382438,0.05446991502881948,-0.5438587076271042,-0.01846585057839434
0.9877435282401548,-0.039471139608374006,0.7057068427435769,-0.18959837248194766
0.895394673391523,0.14166356721198703,0.49811458517403295,-0.04454642504828765
0.9101607954705133,-0.328598352722691,-0.1093978219416023,-0.499392041214755
0.7564974561864202,0.5290604572700537,0.4364345038390156,-0.3763254670015166
1.1373512839975835,0.15514777941440006,-0.4337746919917609,-0.6900038054660773
0.931745313160945,0.19568529731948203,-0.27630684089600166,-0.4554273589740201
0.8978544409960105,0.15622349441393446,0.10543480154162532,0.13500229272118336
0.8564433645396541,0.1382157554578849,-0.04056311213485575,-0.0002649435663122368
0.9689932512435724,0.10194596152119706,-0.24337854098730194,-0.6855053056491087
0.8498272650705392,-0.021798276415697426,-0.15915236886550854,0.4711849945487998
0.9745618002014163,0.15901691562528253,0.6569544012723489,-0.2144307459949979
0.939666897225258,0.05849738008847627,0.253338933096797,0.7265296520178208
0.9570876533323154,0.030356694328314227,0.6753494441942789,-0.46984660119921795
0.9030021665998782,0.5220702020833432,-0.2403994140418635,0.09384804692970405
0.965839959547468,-0.09936524950168657,0.07201975624660983,-0.27798687489748186
1.0616566988301757,0.6289470584924284,0.2573187183972596,-0.3525688140234231
0.9919360264718398,-0.297861639154156,-0.004959047964574914,-0.5635025620800302
1.150843320360912,-0.011034673316049126,0.28572088684968744,0.4529820202395807
0.9990824184234026,0.08301378805715576,0.6326368322168956,0.6550155031619425
1.1493709687526419,-0.027088619709334072,0.3587998467832465,0.3611987508635659
0.9615852948368886,0.16277250138844135,-0.22675990231108045,-0.7282562497976746
0.785358800405886,0.1068320385151198,-0.10089455982831197,0.10050071869031862
1.176829791284515,0.48286086522049043,0.11129707887138585,-0.21752948474214628
0.916290929887289,0.1798149996221099,0.2163092782778362,-0.8210390908239691
0.9973250505421727,0.03621321275214617,0.06907014987617988,-0.29296750041783204
0.9823105324196777,0.10339544629235009,0.19154707549089967,-0.19128211256612326
1.087256875113345,0.0647094350465931,-0.013970484186409227,0.1319203281899366
0.8074932169596885,-0.26989937517139895,-0.6017290747809008,-0.3253614143553798
0.921022981289414,0.04980006089491562,-0.15922800070270737,0.8085941122146267
0.9719995258211478,0.1603508772332245,-1.0979132250291501,-0.6049219577697418
0.8710314312817915,0.4934575361841791,-0.11287429438394758,-0.41560386551119954
0.9367406978489874,0.46970757849232836,-0.5461584055532485,-0.8086072830898767
0.9024079766803377,0.40124406871787377,0.3572746964540534,0.04426717813213177
1.0672248578076413,-0.020139680154832362,0.7491780709867029,0.23722851936835676
0.9772986814667988,-0.10085957811949964,0.25624842529019576,-0.36551860626716337
0.8014270518326319,0.1876548093698851,-0.5444547497644727,-0.32464341979533673
0.9039430467982408,0.2007894538703412,0.07110852933674439,-0.5111869939008611
0.8899510462590099,0.19131576325870814,-0.11308001977661597,0.34069790101168973
0.9076858331381152,0.2616536375008711,0.21195479380220883,-0.15637841056929513
0.7475592087226688,-0.04527470093504826,0.24681892663104898,-0.03789331358093051
1.1597094600648403,0.22338738644313771,0.3644850908096027,0.101321069111874
0.889510684662457,-0.16451208801250194,-0.40832458615173683,-0.12407175630646616
0.8991451685923892,-0.18758161631683912,0.067033800824432,-0.5200339816413568
0.9870043114781835,0.2510650587297465,-0.42273848788126633,-0.7913553330463476
0.8607414399667839,0.1380286155926922,0.008863070347104873,-0.3064945499380958
0.7728189446956115,0.12759940901836586,-0.3934343758998642,-0.6724494463152091
0.9292602092335489,0.12554690282541037,0.6843209999189717,-0.16628084085741301
0.7532005635130945,0.25597071801558213,-0.3188932693458568,-0.4109399759289514
0.9251158912962136,0.38063179948962267,-0.2886081850346365,-0.4990223141666088
0.953365637079663,0.16728867728643104,-6.0320469029484514e-5,0.38707570835586624
0.9196914333325101,0.4358991419044793,0.2929438343327684,-0.2700708316480238
0.8868573180649246,0.3522421741027464,-0.020854340602916466,-1.1535343184199474
0.7854230855961255,-0.20889398630457734,-0.12102510367873087,0.29446851056927414
0.9721817773626813,-0.12903792442949724,-0.35832997985550774,-0.1562071758704069
0.7760671571932183,0.1849067892530254,0.1345341358476988,-0.8588274502444482
0.9110806015059678,0.2538041729396898,0.3658753966462247,0.1603896301351302
0.8153754519092113,-0.04131787998707592,0.06570071874020922,-0.710411375047522
0.8083273766233465,-0.11702334545937454,0.5268895631215433,0.12123922152976307
0.7981534671526842,0.35884628066885993,-0.891597781614331,0.011012212919520259
0.974178615770938,0.16591253663888184,-0.5085124908505225,-0.1786465994123394
0.6431318502262173,0.27842497567186264,-0.03940482420472469,-0.25753347342930466
0.9493070040865668,0.09752550990480957,0.9001907163699658,-0.3994283669608243
0.8698433795005882,0.41682357203641196,0.41870667641176773,-0.9767817579307008
0.8032051308070511,0.28738231773735423,-0.2974241924128158,0.3930944470662219
0.7296075091785257,0.07335191592388846,0.338493677295328,0.34457986357706094
0.8305040320645332,0.038544132618426374,-0.6655557799451688,-0.6549659784150426
0.7544462765550359,0.19876232116699732,0.6055089775954658,-0.1322866618926053
0.9426205960862335,0.5623571251231883,-0.4345233677189091,0.1840904754989845
0.745752886478289,0.4259519084836576,0.6004762809956934,-0.5232786924901256
0.8509036968204802,0.2103347513336038,-0.32928404710331716,0.19613888063426455
0.7102290076105544,-0.03513575931927093,0.27231324794450984,0.3671251146877217
0.7627569173211208,-0.011789763177149748,1.1338419279676994,-0.7037999703035354
0.8600342959019138,0.0943995367762196,-0.3042318222670044,-0.3929046559217384
0.7375358575625781,0.46073852648682534,-0.15091504458555294,0.2161568063411452
0.6755269312821421,0.3089115974561585,0.05033748350886835,0.3125997628265069
0.7589195368740733,0.07332947805608958,0.15450050296916285,-0.09200871129038957
0.6358037954457312,0.033997037474180924,-0.41038996372623204,0.08199377258897789
0.7007510031528152,0.28810459420251266,-0.3303721761294254,0.012217840126277135
0.6046548794883124,0.20056960099295518,-0.45118535108489466,-0.5952766855409295
0.8116358422404222,0.19199111920939904,0.6230332150101148,-0.5770752700405932
0.7442277913740187,0.3352033426141148,-0.6994691058543578,-0.07643973945410254
0.5046451697590282,0.5031640881130519,-0.15292860644741424,-0.5143756805824307
0.822503706429075,0.04594683069360128,0.48820554027465635,-0.6021560137949682
0.6122469528380932,-0.09503751508290081,-0.083588697032138,0.23995068346446402
0.6187122317316227,0.05412803634477159,-0.2040169774910825,-0.4494196623802069
0.6609781432458548,0.1421371111633949,-0.016900788160371327,0.7294301876405251
0.5127217988036419,0.46261277895227315,-0.044007320117391835,-0.14520038566161864
0.4762975884568159,-0.09191326812733092,0.18199275965059458,-0.11581640678085181
0.6460345485597005,0.2824077185428835,-0.7468158000780405,-0.32422988632918637
0.6015569197849997,0.1405191934597565,0.33271936231830024,0.4640454536930738
0.6132142813065204,0.19186037636978082,0.2689262791370486,-0.6005781262931875
0.7111157417144032,0.0900129940948764,0.411454447690883,0.08064899034040396
0.8136444793013955,0.07909965143298425,0.7315838518174871,-0.7663833240490638
0.7045793573779155,0.33061858218035933,0.24728359632251617,-0.660028898184303
0.48737380377182626,0.3022457076065721,-0.06345553332508436,0.25401803020495173
0.6751947202151136,0.15242294672532708,0.12141596722312098,-0.14071054605167044
0.49482458474645696,-0.17923615433773588,0.3135656724964857,-0.2608764577566074
0.6848927974572776,-0.17486781854334943,-0.03277399915479018,0.9185626067333621
0.5303138678567754,0.2567319435308222,-0.024412240588993495,-1.0302870668033735
0.4175572175371558,0.15662325044402658,0.23107193729126507,-0.7651255373639403
0.4489860174927145,-0.11696009872923208,0.4203315324227015,0.0017706716076975049
0.5562314629583796,0.3165855903184789,0.6423809080159324,0.7160836321270498
0.4010302481645116,0.09056290920162358,-0.36516895524282367,0.385222842687035
0.5445189072085088,-0.1805385087296103,0.5457288398553295,-1.0960537607747662
0.40149415825371326,0.32753053830563017,0.11494854034100532,0.1023310976827605
0.534180487102828,-0.03978670078169744,-0.7492250275129151,-0.6489953529591634
0.2948128894241955,-0.03468484451189724,-0.27425141017923504,-0.6587018805105154
0.4867190878562666,0.24547894319105446,-0.009974616390318491,-0.7328599747184348
0.3978618615650751,-0.2584900754540911,0.11226679554652153,-0.7065162786415886
0.42217745639184434,-0.13872858941175625,-0.018163825371475983,-0.7545442647531799
0.25489536891025155,0.46221078980685193,-0.18249583622283705,-0.7205713135666096
0.43705829844144706,0.39335914051325505,-0.1378396402433295,-0.7172014793818837
0.30918614324005445,0.017016215944827717,0.15785895739125322,0.9553217610715643
0.5254614730637628,0.18475012960786774,-0.12226209430354418,-0.3607390959518333
0.22672680981806925,-0.0951271114228307,-0.15089485102397138,-0.8142227231870991
0.4158955822646173,0.21388235137191547,-0.6930939230497426,-0.0030453229797360315
0.40371344245862506,0.08936718699007118,0.45821952003541466,-0.6487250069514916
0.336488714124648,0.17845495196722827,-0.43812853794002926,-0.5316326737631654
0.2990432312701512,0.09897905132604201,0.32499778256873113,0.5671838619032099
0.23089038732794354,0.09438892884312966,0.13846736734290577,0.37073741836763463
0.4987651456646045,-0.21888117567116128,-0.7175786506864394,0.000842632538279986
0.11525937581499912,0.10249840748265404,-0.016461703185390864,-0.6180995044309352
0.25955758494572745,0.31375707610797465,0.5382999689030417,-0.1301132155965381
0.19621477765548523,-0.19303786710360793,0.5177644295424098,0.11386081074680865
0.15512091395488925,0.0364941497402127,-0.3841860849706724,-0.5879220680464385
0.3130705523568893,0.2907101044261411,0.2731273360811144,0.27172355093527756
0.2330345050072289,0.6168584290826025,-0.48902585210180893,0.17374019807684604
0.26266034690180273,0.4198483433762388,-0.23611316846750752,-0.24009933151435403
0.20074647069672702,0.3596908645051238,0.20367466458856498,0.3873532515464011
0.006843978118305172,0.22430762616983935,-0.005079641652010247,-0.1394240199748189
0.2892511963314286,-0.2153265187112181,0.4888849518141356,-0.8548973997068949
0.10059826550853712,0.10241962994521026,-0.3793630909977894,-0.7722406578213659
0.1410603178272587,-0.24476972068452385,-0.13504099343888942,-0.12262338814408169
0.3306219633809606,0.14482629319775198,0.2538334183877673,-0.29013794820426453
0.17320991731823399,-0.18742315217358763,0.16399612950596665,-0.5502794041539205
0.0348701728198515,0.0882360102305193,0.2151374578081131,0.31053895353583405
0.09770641813390801,0.037165163099337484,0.2343709224392274,0.2957484387171574
0.08765667269081168,-0.04196449310200623,-0.3213762435420848,0.13801282626893574
-0.06740278412494582,0.14263923113991117,-0.03703137015936098,-0.2127971782129241
0.023449321278185664,0.14268643413819437,0.28410356144140536,-0.4915906692550873
0.19143453713305858,0.0552476070588539,-0.22936861390259278,0.33095620583327623
-0.17477130312154276,0.15684271015203777,-0.19138687020799572,-0.4647626331792716
-0.18978519080861922,0.2645872832450107,0.6449570924217879,-0.463908690572016
-0.08231776714720551,0.26771161849269,0.44467955032470474,-0.6801794891038311
0.2750085396634603,0.34484674596394504,0.15849273304705447,-0.09261410664395875
-0.04344338562652639,-0.06537099772487198,0.44026623976654267,-0.36734510342724724
-0.06205763641075146,0.023322565805223627,-0.3852531534571422,-0.3767772666185025
-0.19567270641722612,0.10804986954376594,0.6133680251142479,0.0034040492265066113
0.058927303406719256,0.14023433239795025,0.14670817863739827,0.2809808573218555
-0.08169949883035232,0.27287855926780447,0.4169820450744224,-0.6975646753317848
-0.19401012391548256,0.1105467930710784,0.2477590991117704,0.1607337984159345
-0.15342067031018436,-0.13805697414591034,0.7896178134461174,0.09881611293154036
-0.09118130596517271,0.2843170830351929,0.053809840319308355,-0.4111422821227022
-0.13520969289719864,0.17845900506270573,0.8509256872116503,-0.14967592156821796
-0.12101327784282723,-0.20423763471257117,-0.22336659602960873,-0.20529696462173308
-0.22659705355855775,0.2957982331263893,0.20005902301337453,0.17760346418198725
-0.23092772189123734,0.022925314259311325,-0.16023495488960182,-0.3515982171593395
-0.21036365200995433,0.2645107602857524,0.22304335647165696,-0.033329219300422874
-0.25624123200508464,-0.3005951828525508,-0.12539615065999277,-0.09445565645237775
-0.07474659236711223,-0.06707316061275947,0.029417060643997406,-0.7516442363336802
-0.2042101428772638,0.40540791583436464,-0.3106921156544804,-0.08096078721430255
-0.2885282457295135,0.09597873546571067,0.22218247068406405,0.26260869578689516
-0.18436375458631882,0.03672334429525348,0.4330115418838295,0.0621608436476353
-0.33337062245522353,0.31340533576424034,-0.4747428859064813,0.04855643012458177
-0.16898153685000294,0.023012981952329037,0.19746086146050645,0.7486379097758691
-0.21821304729389301,0.24277516828524948,0.36369333315148467,-0.4395303022145314
-0.43595504913770555,0.13535312426858526,0.464557999869327,-0.2862684451219397
-0.2940280694279509,0.09379727393580795,-0.051684884039432166,-0.37064409755913985
-0.36752727628985205,-0.18298353316301985,-0.11593911816651992,0.25426609459530325
-0.2977067777920541,0.30566648759203163,0.5781478819755924,-0.3460652515254379
-0.492876389196224,0.20381427493762916,0.4135966482678054,0.26028990537809127
-0.2863255408551273,0.10951802295285917,0.11975897857355067,-0.07359065015089428
-0.41168591610103067,0.27771669982355873,-0.1245723196553945,-0.36551700874310233
-0.29938984099991295,0.04377560988255014,-0.4596777046328899,-0.21450462492713473
-0.3387974898979691,0.09821241488157062,-0.08881179015857166,-0.395091011763401
-0.32492208555962776,-0.08204703136603086,-0.16400686027955858,-0.3084103173959425
-0.467849691218033,0.10654396511379594,-0.4233158289870531,0.5252354030103423
-0.32461340536171335,0.35215552955361473,0.24946795268637512,0.34919228636665633
-0.4089579934297758,-0.3160734183480389,0.22925392125490884,0.18338393927684915
-0.34960499596082784,0.19239580263354217,-0.10729168145081092,-0.4298088804440303
-0.4951996766559146,0.40420812008918594,-0.4398577616027828,0.07775048725070777
-0.32185497839518384,0.2903203876222187,0.3829148680255243,-0.535997148689247
-0.37563484161382776,0.1858391430658597,-0.06008505318712154,-0.09071502506946882
-0.4203033100420146,-0.10232960419958914,0.14919298482484655,-0.7154727682386379
-0.42469645777178,0.11169020456131995,0.22497204991592312,0.4341653562351192
-0.7016760117301946,0.23258010939544738,-0.7541761126767734,-0.613077240757645
-0.6258514956448064,0.31827089816080023,-0.6065143089472983,0.35243154247587904
-0.6341981281108816,-0.04077697499162092,-0.697456636782465,0.3964147596302252
-0.5077136965035358,0.07218179347696829,0.8526035859582939,-0.06644745319631129
-0.6830792288808331,0.06106359652192905,-0.3273893493108099,-0.16607838593186786
-0.5645317233125442,-0.040068256860364526,-0.1979147078360497,-0.9397433041680907
-0.6467529489228441,0.4228259339523427,-0.14647678198437752,-0.47355595766044134
-0.5679562103159751,0.06845141288105672,0.05374416299380813,-0.4555610006597356
-0.5877804310347793,0.06007500050363945,-0.10262695553365109,-0.8924599582783171
-0.5941354193125518,0.35497036925246894,0.31615665675620563,-1.069699038711196
-0.8087967653379606,0.3486839645026426,0.6936377376474933,0.45021473477100316
-0.7174694332904386,0.0871555635754584,-0.011132273662448844,-0.0395764629405877
-0.7398246383639067,0.1892100854519223,-0.020753105792091886,-0.39263217534149053
-0.7398419445757715,-0.19899757124713158,0.768673037001745,0.0960577567917209
-0.6958882003579121,0.28481723967032646,0.34836642647466864,0.13799167489802622
-0.5645485580566352,-0.08223300122788224,0.16013226771349132,-0.38379443133874536
-0.5383129140857277,0.007743461105014449,-0.13097141382557642,-0.6171423767612245
-0.7076141034526289,-0.1062465068553764,0.4170617436160337,-0.7998642879808984
-0.6286606496801267,0.14021736510975646,0.20958838360352738,-0.020834631432434803
-0.5325923228787108,-0.011738435109339918,0.4587843668204996,0.2058092646701586
-0.5047633558929927,-0.08964470022159743,-0.008278680678262873,0.27388469600439647
-0.9028902318058863,0.14468501894885533,0.5702368673692925,-0.19041432044358242
-0.7485719883732139,0.03536221303979059,-0.7392331612661059,0.13216661669532404
-0.8248076473449949,0.20382352025185901,-0.18286639266815474,-0.7925057612807674
-0.6733399720676687,0.19063403131690682,0.3143515765920357,0.2975415788854202
-0.8117773745489323,0.011613070156788918,-0.216734376661758,-0.17972052670425132
-0.8782291581151387,0.06827576030726645,0.5406573177654784,-0.31503078292693465
-0.8938897893062474,0.02089635637116083,0.2457149956768614,-1.405563281162151
-0.6730983787950495,0.26124085463945623,-0.5442770236262962,-0.5788176867888903
-0.7770577551081831,0.2692163956616843,0.05340783951709771,-0.1250823357741545
-0.7759976852336826,-0.0045134536861484165,0.209712076875203,0.009920116879964969
-0.6641818206040597,0.46377549897607573,-1.1913561104493569,-0.1377343300841356
-0.6575029189326926,-0.2917802268969747,-0.6363801955630652,-0.8230622832723906
-0.7851696746174742,0.24194470212033714,0.3774380277769128,-0.5357460163129258
-0.8164630917192766,0.03943698464816414,-0.5281310975087787,-0.5717877377607479
-0.8774240900877541,0.18105800077889755,-0.19355008185447875,-0.9716015008253915
-0.9509733136711294,0.13015856135808773,0.4035204072273043,-0.6090372555589478
-0.8466229495594788,0.38105087660769166,-0.413735622293532,-0.05096106679126011
-1.0044746282050319,0.19688720799983395,-0.15107760504269252,-0.6946943926242171
-0.7251116581362512,0.005276078958455388,0.020018246163333475,-0.3802862417044256
-0.9520249053075219,0.11571434802226988,-0.044394726495445735,-0.6245813192644586
-0.8768988832646623,0.3135242793980172,0.14833245072641876,0.24327700960223853
-0.8091737915673474,-0.1182164367420464,-0.3418710370574758,-0.3914061202193724
-0.8299462699035379,-0.06112535823117915,0.236467535862605,0.05516865533185511
-0.7879341863542216,0.10662583497129496,0.35391376303959454,0.5475766980146092
-0.8184223315164822,0.06263538276189029,0.0066645846342981985,-0.826640305005472
-0.8346627819260891,0.336637201991156,-0.18642014613357116,-0.47365982997431944
-0.9487577943721845,-0.1481163211544847,0.16694599298303886,-0.09934078382787148
-0.9377322512301918,0.002668412344151161,-0.07648861439226451,0.6774968988459197
-0.8711726773305054,-0.06290787081204752,-0.2424809854568103,-0.011887880754698155
-0.934640383688096,-0.07076061366987274,0.2825231227236363,-0.07047278092571585
-1.013985488105964,-0.14424742164733484,0.11997734167240037,-0.11925921870601264
-0.9110847100582362,0.21581374463713915,0.5424247439912382,0.0991575318275113
-0.674530003543397,-0.2658623056828633,0.5039046676248804,0.09471786203068899
-0.7853241504635221,-0.0011464775763225798,-0.08674554623968844,-0.4520793418728687
-0.7728642931969214,0.3831957011510043,0.12128306273822831,-0.04580219193831936
-0.9285468711287611,-0.013934571666428863,0.6997202568342276,-0.8214741031973011
-0.8391937586381276,0.27934681822538365,0.5707936951077679,-1.1046710903457635
-0.9151384684833337,0.33816685269140284,0.4130300894485305,-0.32609898238348956
-0.7881126464323517,-0.11584073501638648,0.09925943525256276,-0.4216304027086152
-0.9644864654745572,0.10744283867059362,0.11430097246693327,-0.9114938895210803
-1.0334289761862143,0.2366502137229427,0.4096148715365713,-0.5149412930901204
-0.955502455289066,0.23350327435428442,0.8098103242876168,-0.4223139614253374
-0.9172706079818429,-0.037124116276687213,0.05498243585921059,0.07161388445587313
-0.8927532261708833,0.4928873480580579,-0.23955012967805822,-0.04785279372284523
-0.7923090548444442,-0.06760611409746098,0.5701506290929624,-0.9173172604079147
-0.9245974202712591,0.3581967835773003,-0.007521668110606394,-0.8679326655222975
-0.8692564207142239,0.12427332921707701,0.5447376186678187,-0.7010430310989806
-0.9824681067365019,0.20392819301767984,0.32422320927715553,0.12043289457014433
-0.9230779057991002,0.07869560914151152,-0.14481017079546976,-0.338907970922117
-1.1874092659244346,0.07739112419681171,0.2823059837758748,0.06765322065501578
-1.0216029904230342,0.2741867123931694,0.31561832973920667,-0.09820634656638139
-0.9735472288400451,0.43040825432971397,0.1669698650191751,-0.6744596936071281
-0.8971997625629732,0.28296612370927926,0.6922432690978682,0.15164034368074641
-0.9520682670920294,-0.009053202361780865,0.30866553701293986,0.5127443708651458
-0.9205146598228526,-0.07414449180390403,-0.090035605905191,-0.1684889792225449
-0.9047101671116704,0.12228477704794205,0.26132380711452907,-0.20981472568718984
-0.9545455968722473,0.3156255106739596,0.23246853626306258,0.00048461534759436375
-0.9886965998004562,0.04010350634063575,-0.4486592286530897,-0.18195662693736236
-0.967585156355524,0.29879357406817664,0.07964950554797201,0.19389419335851776
-0.9559903298851294,0.06807663100719619,-0.46520916507814636,-0.005381636892973218
-0.8266709719147352,-0.10926873924136982,0.15811987551561768,0.0767513858797857
-0.9649397852200385,0.11470559476750386,-0.5710651509682378,-0.4174880632838627
-1.10085015980206,0.5134826220073718,-0.57502733626301,0.006733698708101754
-1.0617885198342871,0.04824853097740267,-0.15368595471450341,0.22015854646060673
-0.9670949665831347,-0.1296029307197023,-0.046613931286404564,0.9288574359447612
-1.146617678888092,0.1715949300327546,-0.18016400523340648,-0.32719993731194696
-0.8849549645699546,0.25379003401695643,0.02596097864182978,-0.08544690035350933
-1.041757505478358,-0.029931539472904167,-0.007622143224417677,-0.7091566190201115
-0.7878653732228943,0.32000737821445224,0.3875168197209916,0.4110705276037657
-0.9403981074454291,-0.2675123870855852,-0.2833896048970471,-0.42673766023605886
-0.872583758270851,0.06861330252045672,-0.14429087183810452,-0.7301530029204625
-1.0856364114059671,0.1572521979610681,-0.01520960448405334,-0.4952750258950787
-0.8985641613003008,-0.0442510700180726,-0.5811909535031403,0.2011868409175035
-0.9740418454836933,0.24732452428088486,0.09879888582341939,-0.5872555625428878
-0.849175440691636,-0.2052127733041279,0.3597737499401716,-0.2893416336382455
-1.0279573092406853,0.623434592424368,-0.4663053905673952,-0.271105647749053
-1.029200305418654,0.013936275272949716,0.16221612427273535,-0.7955805967959357
-1.0823709833305994,0.11189260783985105,0.40560273468512686,-0.5261901332238434
-1.0335901320882344,0.26598535562030606,-0.08912511221848496,0.05235310462302645
-0.912438802002704,0.021282704418183473,0.5702028390490268,0.14745947227591122
-0.9244636108785811,0.022305217500104835,0.3512618459267846,0.4527702088783797
-0.938010827757476,-0.06333635270778248,0.35276692962291234,0.7067628798407558
-0.9253611318982918,-0.1247086350333263,0.31178744096172323,-0.0051962830922640535
-0.7475914312024352,0.06920484968573881,-0.418961972278699,-0.9397065206870272
-0.908212283692009,-0.049461552700340694,0.2405735009021318,-0.446312474118844
-0.9053852473772344,0.338343747289051,-0.4932792315663743,0.4388075337947299
-0.8623423785621787,0.08747933705542787,0.36302431308611866,-0.8277115481298305
-0.8978655409119326,-0.1818005721480317,-0.17327838288046793,-0.8359120428199539
-0.7991875311789293,0.2856801427863723,0.1449361456433952,-0.9310552807638005
-0.9959713289463697,0.1781481743339257,0.5535040219100983,-0.012425526387696784
-0.7844254478618253,0.02385263989824038,-0.09576178421150172,-0.49096461743349495
-0.7868540670929001,0.08648760216663787,-0.5525258562904682,0.32055999694794646
-0.9907075737934454,0.2937927240138806,0.507107311583917,-0.611650763602281
-0.6977229253038629,-0.16618198552924024,0.25908671074201595,-0.13607892434983004
-0.9001213897941415,-0.1480669346951381,-0.6307745611798591,-1.3294437586328063
-1.045505603506979,0.012795028895942417,-0.5848133270594849,-0.34481849687812394
-0.8364463339711605,-0.21217375822791174,-0.6187366649344566,0.43148739689230375
-0.7223238948045935,-0.051138095454333565,0.13077610300740816,-0.007200850890275445
-0.9705148164226618,-0.02217342756334817,0.528859168759726,-0.2063380989241338
-0.9930962835747745,0.1238884313893508,0.6442058228993552,-0.06509451168157132
-0.8167223103782314,-0.2857668096669791,0.2826937815847742,0.8005640166349262
-0.7557877965643048,-0.014313994410200315,0.3230509863214674,-0.12564604663782608
-0.8139000977571617,0.04316817680146334,0.06860719533696069,-0.6575577079695515
-0.7409705069578186,0.23378918572121066,-0.07707720789989247,0.18790374762747064
-1.0539025170351248,-0.045534815499482795,0.12252690020534796,-0.024097520943980655
-0.8169233608772737,0.0683603583843978,0.45196429066140664,0.6287418492384363
-0.794571143541782,0.03278892993553506,-0.5389897514826513,0.07329771827455178
-0.7781868244098049,0.4041967220659207,0.32519821220186285,-0.31039064232780933
-0.7467248409990055,-0.22003169951314616,0.0888940141638539,0.07305032991428473
-0.7952043922876564,0.1254870553155656,0.3915568420736281,0.7163427666763996
-0.8480963559174504,0.13031100583707833,0.020685076617916076,-0.19355446168361767
-0.8631162290694412,-0.30202426122915393,0.5521359791753567,-0.03417969944361432
-0.8960272442519206,-0.2529639701847576,0.7252712029955943,-0.5258778411597482
-0.7294049447269074,0.03534399287112622,-0.9622874544206014,-0.5776441034066341
-0.5578226382561984,0.061709847176450894,0.31244770910471176,0.17678973778271834
-0.974893531387642,0.3915526797365698,0.31649203541857684,-0.12878008402656438
-0.4753937785096376,-0.19311373516385055,0.23885246143059558,-0.3027894212286313
-0.5262709972611035,-0.06629761388592437,0.7087528614119343,0.3608765829016566
-0.5778704681909342,-0.1421465117288342,0.7086790326251315,0.28541673746518004
-0.726757554856483,-0.02061993194180778,0.008303535498286885,0.2581176410320499
-0.820046690924088,0.30111469526137824,0.3047332036494875,0.14100048094764228
-0.7106920688878131,0.6006287633862621,0.6485203105628258,0.7120256656043964
-0.7270440932396615,-0.29367082263591404,-0.38176424093530315,0.16497952831049345
-0.7974723861082752,0.11472739693981193,0.2311534717071433,-0.9614354834028042
-0.46477950368085796,0.3281981493746158,0.7309973566315591,-0.6144413538953399
-0.5282236040089687,0.09155303872390541,-0.19204826682506781,0.03645979930409504
-0.7076823509677301,0.07630625451409212,0.025349972147368338,-0.3166124725465187
-0.4936449538495269,-0.15201091494218621,0.07373983415316121,-0.1321769171656897
-0.5205852845474406,0.30936342252655136,0.0632611135945127,0.27173134919397035
-0.47523085670995613,-0.3354598052734272,0.5189261342745212,-0.1536810100169559
-0.5111982133553243,0.3259594459934998,-0.33912562584103134,-1.0939935936291474
-0.6468055556904555,0.11036741826487961,0.44366658507425877,0.06186358352495047
-0.5969176242549049,0.1963687006801107,-0.5017864419032548,0.5792284336225424
-0.4141111585817958,-0.07496859906139486,0.4566780050481867,-0.35219707848836057
-0.5173695816761308,0.08627327652429784,0.2973735507279732,-0.47910252134962206
-0.4137394047014262,0.058438018543832015,-0.778701128639101,-0.04174365622852272
-0.606259619748436,-0.034172151844313436,-0.18710594887167553,0.03235156045786347
-0.6170853976418186,0.11488817536193596,-0.1169437173942739,0.08762043616947734
-0.7439460949157537,-0.1590343442032125,0.2566886546149926,0.10319216613495263
-0.6362225283739115,-0.161504705438691,0.4069655416162462,-0.2580311367696627
-0.4463741597585664,0.138422720332948,-0.07882253410222972,0.014710001172447251
-0.3517718055009216,-0.1952558244679361,-0.6423613643395416,-0.8206771320493484
-0.5703467481905001,-0.08953809721206174,-0.1663653013156351,-0.6112347810149107
-0.3849574947298524,0.06977915980562366,0.13935209941506366,-0.7859024727106536
-0.3597120998433083,0.2972640469169223,-0.019104322508176397,0.4730367188068203
-0.3746587114179645,0.3061846668962789,-0.315038034818538,-0.1649383268995499
-0.429979646636945,0.12267134219680087,0.16064938624150027,-0.6646835102885229
-0.3485494030518643,0.32921196347831627,-0.20185353713691012,0.06393124926842275
-0.45408537312343267,0.5589900293254262,0.29962457647651375,-0.7424466373382015
-0.34264403072404326,0.1985747341430324,-0.5554533697620321,-0.6733388187010614
-0.4697929763886717,-0.027056366015535183,-0.3115404787051139,-0.18545070080679782
-0.1551114598388048,0.01739004050927062,-0.33081506969055474,-0.3130784000859006
-0.21629051808194633,0.23607777782382788,0.49618171534585986,-0.30984816301110807
-0.26440650915462394,0.20493763732415293,-0.17783582327929004,-0.13950947527535096
-0.35448431440128414,0.29273718060452325,-0.11393624452184614,-0.6214861492867649
-0.4733421684141712,0.010518548035043596,0.6552613961128366,0.04427337291952527
-0.3762266813990629,0.3141772719584969,-0.3849450239371275,0.4509861548096633
-0.22975151184945442,-0.3626832313355792,0.8628199724724486,0.3128651030990164
-0.10381396799846954,0.03146981406614491,-0.04836365712607349,0.6344480821392475
-0.17391047210790878,0.20265172840876833,-0.6102614151219814,-0.3771230802071528
-0.13220395561097686,-0.1277639460584732,-0.7517154155675774,-0.14929074046171142
-0.17394902907476206,0.5014655722247616,0.020130470406928946,0.372613875120984
-0.09235175765869341,0.007995680593886556,0.2923300018381423,0.06959741431765187
-0.2277869465671567,0.03781362675698352,-0.20834807851944048,-0.9180032700973029
-0.14103358278914113,-0.2904619647399451,0.5788761751169543,-0.6321674635098558
-0.1941537148839354,0.24120707972400757,-0.12369496043568562,-0.13189459273439885
-0.07924418362002372,0.28638878468878715,-0.15552340319839164,-1.0314247220250148
-0.31462854867951906,0.01764080727756423,-0.5851064050573282,-0.03016756894494743
-0.10394294367596646,-0.04820230662861613,0.2671546121297146,-0.991974091387551
-0.1800867326172959,0.04806941144385335,0.12821799772428966,-0.3701629184184507
-0.07800976061491549,-0.006489000115933452,-0.5449363718474325,-1.1211112694811274
-0.15018621858996672,0.09247678274777615,-0.1817226069822615,0.6109057408375886
0.08609626438853102,0.19609601028885293,0.04949878323840262,0.04201858650292678
-0.14113934292102348,0.13724113055727516,-0.1528089292656507,0.1060830923744509
-0.029320386303763213,-0.1315401195998933,0.0665782415481313,0.198095519790624
-0.06237047643342897,0.46458636214923454,-0.13394498276494038,-0.6131780125225579
-0.2356715147564412,0.23265701556465568,0.35522955179397053,0.7449969904943732
0.17735938021506992,-0.3208149064782051,0.4656300955171415,0.126492487098391
-0.049039942654375945,0.37702041268336806,-0.3239400658332703,-0.41255586698943736
-0.139995953065307,0.10994266463021618,0.6438787085830289,-0.32316687988786263
-0.11081944480716421,0.11491707623016145,0.7172092059218755,-0.20600549876466556
-0.07495122779320673,0.04127891473128442,0.6285727725509023,-0.501191830601093
-0.12430404520375382,-0.09258297154390172,0.2228286579263663,0.20537877585147002
0.12847181668490482,0.235153396082596,0.3556435117436658,-0.9718660736130702
0.038102194597859684,0.07284237670199833,0.024843889331001012,0.6016313295053591
0.14337944267298064,0.055075955579319436,-0.1300739875160064,-0.1657017171165751
0.0839586234241565,-0.1283787276462005,0.497514183120785,0.36689815721030583
0.04753312760653583,-0.13069736157475886,0.16690323452562938,0.41831255700492753
0.162030137294233,0.14520165773135396,0.5600583289221865,-0.2115726459535594
0.11880453294472515,0.33856455470192715,0.49936789041887497,0.4605327033558182
0.16283590585329355,0.3885972486611673,-0.1681672061130044,0.05612972157243612
0.02079300801106032,0.26324279999049893,-0.07820946331641943,-0.10606162913176265
0.10702450519682749,0.4054847345128867,-0.18243343322037875,-0.01313297065525676
0.2164863824531209,-0.18775051313183688,0.09785001676711391,-0.08621216526313091
0.04922104017852602,0.16059497386776567,-1.341488781547989,0.24006854947543088
0.24973774075648736,-0.13021071203160517,0.6113021498110216,0.5172242145452943
0.2555484722310979,0.2641823225503166,0.7304360871418716,-0.8786971423442371
0.060602951708646824,-0.037175387061260556,1.0806660960243437,-0.22865877404130242
0.08533939015510938,-0.10074738150792006,0.3401511594044464,-0.20254297479420869
0.28794113843515223,-0.20970571608995003,-0.08550118818781671,-0.6715062633356403
0.0006324875254226647,0.13477185513768686,-0.12710428657893136,0.14068386019233992
0.1358977832506456,0.026597810475379458,-0.05315702319686877,-0.07876358844206388
0.42002212613425094,-0.05886609400136811,-0.1822078749244853,-0.8645024784747761
0.08653353188614998,0.48428166469778566,0.2772494268801693,0.15805649484160034
0.3958939128551573,0.284691864720926,0.2761263566454626,0.4094926112074655
0.3016809273513399,0.018609675777868873,0.5022312197081644,-0.33500770736132335
0.4139917588222315,0.03446840541037144,0.2293534970771831,-1.1070288048276407
0.2758107097070681,0.22868746340782953,-0.3201563333672075,-0.8538904264390799
0.26915033865346105,0.20194714903359445,-0.24634044740318428,0.07463874419516392
0.3495299553322724,-0.3109964344115044,0.17545626826362826,-0.03610270316926689
0.5433873114308723,0.21081302833400484,0.1907111094074656,0.9815411081138887
0.44257317109027605,-0.024734185725117985,-0.5710265942220007,-0.051784361681074476
0.41422232427990924,0.42473993704983126,0.4652191812864468,-0.08671338099053827
0.5365685381093956,-0.002858922177842782,-0.5197422423513225,-0.8504453282561464
0.3194590619907629,-0.11034830736394685,0.6837571540228373,-0.06037723200845546
0.47950787438843,0.27085585937218104,-0.15716363304118408,0.892409104558533
0.34036986426537075,-0.046037847958150024,-0.0997237024455897,-0.30352989898277993
0.4757762138910162,-0.23752886379461557,0.14757754314864124,-0.6254094780231729
0.6857790562139492,0.12151597332239916,-0.6422316579361866,0.8821829843066196
0.5319652040289791,0.022909911289382467,0.2593993814186044,0.296504939678647
0.57741469361107,0.33768551047020035,0.005635380291088232,-0.6118317670982787
0.626622404733435,-0.5033606386873344,-0.36397613048167843,-0.3545864368033622
0.53261274455466,0.45653475670309396,0.09641425761599898,0.4065203389300276
0.4765090796325877,-0.03532172471317807,0.0635946733001087,0.4025580742024628
0.49278113485479436,0.2176430789404118,-0.4911278914335453,0.2898625389732197
0.6118516440282686,0.12821464171955776,0.1085884555640586,0.05618420365048449
0.6182896970551592,-0.24318048779792178,0.26785160623148885,0.3286877455073869
0.4566793655459298,-0.021555310460432686,0.42737793566872817,-0.665927502074624
0.6483871034637834,-0.13229216428258983,-0.4159138223378407,-0.37350915493618997
0.7274892956477177,0.013273733745912786,0.06962633092739745,-0.17689649092896653
0.5525822278357482,0.0754311556459828,0.7221192510744872,0.6174611594794732
0.6088583039334563,-0.10267991559371037,0.12671672107333665,0.10230516410195412
0.7564946794151268,0.12441915636682488,0.13421762749862687,0.2898432209028683
0.6134577335150109,0.41307609766102615,0.6616018024874597,0.12538944132547059
0.39695013258544476,0.2000071428917063,0.1112414974901248,0.8310631457708406
0.5455702037288699,0.4862786261054204,0.17403418955959093,-0.3532054472809416
0.5817413207168021,0.06023231424647291,-0.17506206780019484,-0.5067669596560758
0.7729935493210855,-0.4338845010567489,0.6990165005288123,0.49130815043439746
0.5983995093101204,0.08688527035192317,0.012827460757927067,-0.6822294891370699
0.7918358028318644,0.26762415789954375,0.07123473257999313,0.4344682259999484
0.606632681782453,0.11144302383751592,0.08024940863078278,0.027115236725644642
0.7139292072832486,-0.21819966715781014,-0.8486379327653157,0.37432684760158086
0.6805263912419952,-0.383889113164809,0.055973749286058805,-0.411888656243081
0.7144499785034184,-0.2500008628128527,0.5992297684759049,-0.21421594517185572
0.6673289284545416,0.07907513112470355,-0.24324224885775925,-0.5564397621707822
0.8045987323393002,-0.03977787500479035,0.3216748212738829,0.6239994719588107
0.8628380379679603,-0.12938241376434467,0.09785499264632236,0.09791991680899859
0.7539449467992245,0.00022453534489219606,0.6913110543253527,-0.29449471500228874
0.6723223422441498,0.028529163792687662,0.21254849380344076,-0.14787955719858292
0.6627823191199984,0.012703856576598671,-0.09016128344699004,-0.6605433529983373
0.6308553740158516,0.042525972373167686,0.20607488168374966,0.2733705794347765
0.842829351428847,0.06291118898798143,0.11357113278412623,-0.14015855882131012
0.8888502479830476,-0.1068470774765129,0.3066001080444942,0.36492798626432243
0.8809979818107263,0.26600637827392903,0.36116540421717014,-0.4271198097422495
0.9531489979117858,0.26361932422614753,-0.0017985048135726878,-0.13004476770254003
0.8633891111391381,0.37676708813437276,-0.09150342303505621,0.46638317978953703
0.742269099499909,-0.17292877700535225,-0.3840777921265821,-0.6650264237255126
0.9519022733458353,0.6012931042204421,-0.049642551566245974,-0.6927197886276613
0.9075186605385159,0.40465874371444066,-0.6310364684312404,-0.2738349234535882
0.753973595015446,-0.2926183479912048,-0.10058168637899323,-0.062110078113564615
0.8838281359749822,-0.12208084314810641,0.32433695382722805,-0.3891950976126872
0.9601902176466068,-0.11955151527686203,0.6030952850092803,1.1402016373684452
0.8033000082216226,0.056439939738704314,-0.004454683433443574,0.18639875394343486
1.0393179776295662,0.3149499669077098,-0.028864381787259585,0.04228704591431498
0.9884332340227466,0.09338062124137281,0.2615774464120597,0.43719153850094417
0.8709613806252747,0.07730657559326559,-0.5111343075415626,-0.49524539771461473
0.8186916950096443,-0.02635032633507084,0.14310465543191642,-0.005639894427872605
0.8931359213696437,-0.13714786233505905,-0.4117214804837537,-1.0618511383705873
0.9977482589739575,-0.06274917343294817,0.47806941111823775,-0.4782607506968981
0.7448447809073282,-0.07017822934589013,-0.30360538093175604,0.548465410905127
1.0001514373757523,0.24038000375663682,0.42373458999862157,-0.6810719505806411
0.9608149820782512,0.2995798952609081,0.17320106506590127,0.033723825520102224
1.0106143857428496,-0.04527838007758733,0.6043211163482036,-0.22852484394841888
1.0869762418268425,0.20539552625593904,0.050972253176126525,-0.03801628626546849
0.8537130328363509,0.014879327761197825,0.18607567390944668,-0.4483757368192598
1.0044210750809235,0.45119743855662975,0.22691761277979117,0.07671416569194589
1.0892569802494152,0.364998228511237,-0.12874357857889063,0.32087458902603583
0.8146992006424751,-0.11638505423620193,-0.4794040524869203,-0.6038262956428952
1.170616882894794,-0.1596128429225372,0.01965136528587008,-0.8347852551186934
1.0129432554890436,0.1101950583027933,0.5505425893144862,0.09328958268425724
1.0936374536421143,-0.06462818287005367,0.6604928776734926,-0.1486865895343148
1.013017371581331,0.17804228382797138,-0.28230144504050436,-0.08162323941939942
1.1516187475641417,-0.09787902833991469,0.3885186336251909,0.01356959769898225
1.0578089000757274,-0.1870953128289905,0.2456762101430141,-0.0631091274272344
0.9801481876393239,-0.11001852402412915,0.431103827350817,-0.19743088335424952
1.0138091296768037,-0.030862044002437194,0.27047246685649506,-0.1858209871814509
0.8718096452104649,0.10927294078156091,0.7260591417956186,-0.6827732585030759
1.091132955553085,0.30329710823722156,-0.010610056765886888,-0.4285702732519052
0.9862117823335637,0.23036854387856076,-0.0006473231720525163,0.0715228023855361
1.0237444272262404,-0.17569156101446737,-0.028084553645748134,-0.5799560977349727
1.0800892717133141,-0.10180788917424977,0.32434794176503523,-0.677931368059546
1.0146428610880651,0.14798873149912906,0.11341778349322684,-0.6019920391494993
1.121503981964552,0.044592099409589636,0.42880246494814056,-0.6637373306101915
1.06433670549024,0.17591081040685763,0.5427144655418945,-0.6366283596623861
1.1123057433021724,0.13973429852147357,0.3937226345726259,-0.7427634916844199
1.0791690122101265,-0.06063376671672449,0.10787174418076306,-0.08710732871632798
1.1138394837355983,0.5117718421934319,-0.2152655220067694,-0.17439789873343914
1.0455692133604408,0.357356311478811,0.2851639160723911,-0.6097665865903075
1.0542115058036847,0.5080410883631927,0.26399587385625534,0.20007688578100424
1.1026476110963936,0.23415562263958645,0.20375209684174678,-0.3637464291582613
0.8545789766197047,-0.09335003513096796,0.12636183368798104,-0.11378980061632271
1.0424833202063422,0.30861434360583884,0.15039192424297898,-1.0460253444414822
1.1935336420571852,0.3191346632274237,0.9299822662013653,0.6391507329873463
1.3536723936076087,-0.22456866143721,-0.11287996009156087,-0.9659154187859822
1.0805282342580722,-0.10425449642975915,-0.16872283160348633,1.1422056557310576
1.008591054323265,0.037169598477602594,-0.015847892392877316,-1.0019159162565963
1.2190248536087909,-0.2631966404643711,-0.6731035189497758,-0.012268542974885666
1.0898890649336122,0.1606063021481221,-0.35885147338371093,-0.4052485613619359
1.0102925971853236,-0.09972311078674201,-0.48355240837760416,0.48830684976641336
1.2046371873833714,0.10836035187843995,-0.3193818801760804,0.17338110391845873
1.2011881328305583,-0.09336458792996316,-0.3309859901775072,-0.40742916865980794
1.2767723150967782,-0.09290201730872516,-0.06250041031938824,0.2299483084674363
1.2246576550839392,-0.07120587567511594,0.02631385752224391,0.21403207781256706
1.1900257355747468,0.03954763797502814,-0.08210170835661357,-0.4600524371337018
1.123412991433121,0.24269589880631415,-0.058207575050843285,-0.10619384811802579
1.1270347792263,0.20558925906399095,-0.4112641686761407,-0.6029594786772763
1.4653769692333523,0.21388115456049128,0.31835359196073343,-0.23099931783187921
1.307477424614862,-0.1481498137988142,0.1670643443754094,0.5712823801569997
1.0207502576534808,0.1578631848438974,0.15355896120207424,-0.5556002128425961
1.0502412493317657,0.03519064932018123,0.3142115025945893,-0.6329699110899578
1.0917492839570646,-0.045100247279176386,0.3405669766874677,-0.0011922926131222589
1.2191746087836361,-0.5218277840402363,0.03505518104603489,0.43629148984672295
1.0853393652759018,0.2247135088354386,0.3835454258164015,-0.7483379599763924
1.025352894197776,-0.05555995412663117,0.17505361878094527,-0.24880463881187742
0.9968582034744697,0.4440408554938515,-0.09510444604456003,-0.07408959581290997
1.1009072071761454,0.05424793674964734,-0.0768368077520507,-0.6547352817267682
1.2847415475591792,0.1957898701929821,-0.12334379815847507,-0.3923394892547063
0.8461797267527311,0.23781547758208,0.1312245620304071,-0.24904516733895132
1.1460989044835368,0.019213438952427886,-0.22694671134085054,-0.08112488136550988
1.1947776609416096,-0.1583918359834735,-0.10633761147153464,-0.07301057426190294
1.140219756209707,-0.05657241202565588,-0.004155953213403674,0.2144635082971149
1.0972098110839164,0.17452746676630104,-0.0003017914518790299,-0.537898227855587
1.1088874734755416,-0.09328351040604677,-0.055737007796628824,-0.00950797484712318
1.1037499804505693,-0.20522794565510605,-0.30674361680186113,0.40791252682245505
1.2217851725680249,-0.092399179868635,0.07641507705697448,-0.12722515090701902
1.0853128850532028,-0.04286834992444799,0.03273689004849922,-0.4817401760533033
0.9919459541604172,-0.1643590317309589,-0.22311104357812717,-0.6207300785580872
1.0784092580681044,-0.041073524324628075,0.08088573770756646,0.1099987960193487
0.9519410552884295,-0.14256166887426058,0.12616923653247936,-0.350752076875684
1.128995857865414,0.2603569038381637,0.6906963462520741,-0.7416683515546181
0.9930182880289351,-0.033635659956806396,0.19572069487899313,0.04863907492007691
0.9072748322917024,0.034496783597807834,0.0887557175285294,0.040935879838465805
1.0655400650793423,0.3276973370613767,-0.06751161008216933,0.5212581300412853
1.2178828722552826,0.08441212431882361,0.18621116994517672,0.5419924090936283
0.997344727662024,0.5478188259746926,0.2943583420049207,0.1700686803074789
1.14514864416107,-0.11197840093771916,0.08708829003022789,-0.6337858235402654
0.9682645707781918,-0.454194698016666,0.13949418890779253,0.4450975509248756
1.0702241579225813,0.11731498248531969,-0.31607859498391955,0.4936340955236287
1.1567949775662498,0.13506780301961196,-0.5225911622078225,0.21340765298441733
1.0263052390621965,0.35667448432611604,0.4243165185070663,-0.20293203704530915
0.8546538152932834,0.11222961111019547,0.6588166876181409,0.5065791920197396
0.9454371575922056,-0.19225342999535666,0.07519852911747771,-0.15601116000778337
1.0371748412181065,0.18632251233149288,0.1508955487451935,-0.6617409978502828
1.1039313987828612,0.3355313597659122,-0.33287631430345543,0.36312309031447043
1.039204568911892,-0.016290405070584768,0.37795082968638516,-0.12482685019464324
0.9096664145178348,0.17714041944245507,0.08797362642787832,0.5482211211948083
0.9656064069473107,-0.35087341045212384,-0.23883505319705023,0.043398936268279176
1.0332448394792912,-0.1581802265979575,-0.08199039785717321,0.11280822089065712
1.000599372343101,0.12577214641136614,0.2083635945350415,-1.0842292884420517
0.7140781454825635,0.010028088148707592,-0.17302137664797002,0.8282294058951931
0.8373699072858876,-0.22621488169678372,0.15661890353005514,-0.08955356350274135
0.9392869156030006,0.10567347629635249,-0.44045107994793664,0.4610264009868388
0.8847575818201645,-0.09836222333175693,-0.08480113066711104,-0.13794343482825777
0.9461649001610599,0.1662670868935341,-0.11151233479927081,-0.33258359059329345
0.8139973106883653,0.00680411614474874,0.4153979436878785,0.20586124009760765
0.8416636295889028,-0.14380528733510722,0.5565510706357104,-0.9330668544591196
0.8722429984572435,0.6049328678308514,0.441821662900693,-0.6158129753028878
0.8312292655535836,-0.19589349794126987,1.4895249169277816,-0.27655988625533334
0.9170985857093803,-0.0690167677962914,-0.35259502837567247,0.7804316011655241
0.8300112481445332,0.20002770990703844,-0.36582598051678783,0.5824341910175326
0.7915244826690637,-0.05211521746766001,-0.2719664311694969,-0.3294442057072531
0.9074687937922139,0.2709068861063457,-0.7318369866418499,-0.9395610111607207
0.8310070605201512,0.4604666583308279,0.002431632215486701,0.1610062576145137
0.9124405751197964,-0.0125923214571384,0.2147448545686923,0.17550153020813308
0.7023404624401546,0.5421793135446591,0.24349258219325387,-0.7286462408572993
0.9826373160625184,0.17932580147649224,-0.21547853455083654,-0.817357437600061
0.5934199753950455,0.11308630338497583,0.22353796679267246,-0.43580244823510883
0.9048233988833241,0.0025554206438322957,-0.030986557750028343,-0.6913245355913364
0.812235924072048,0.04141636318120234,0.23002248302826178,0.4244421333900159
0.9062097460930945,-0.5809866728278865,0.38132378294378766,-0.31188662358260943
0.5517794169660388,0.4909069877579504,-0.24669273086710675,-0.41745063809439076
0.8200794068496289,0.16939070530248346,0.49313777325005503,-0.09136383314683227
0.8047701814246624,0.05045874045037824,-0.32094242449665034,0.09602341507581702
0.8187074611856455,0.2956349117794388,-0.010674073868345069,0.5331476193012152
0.6382776597554098,-0.06929765441319402,0.3740906777562687,-0.27450508761978654
0.7165326772201226,0.22014084605937434,0.38161420849822525,-0.03920951073299639
0.8262185550972361,0.03793840496261103,0.2922545030695365,-1.0419322406353086
0.63466637575354,0.3038864999954485,-0.5015196849475569,-0.057287706208602795
0.5971820510754804,0.18762925000975406,0.5283760995583928,-0.34596959855530773
0.5358295625164784,0.4123830981453527,-0.087384416328677,-0.9057833830892776
0.4992997434178159,-0.22127652798739117,0.011487727506333645,-0.07849895544464536
0.5012895661781696,0.5455663447712296,0.08702821465343691,0.23601652556038655
0.5588068205397119,0.2397422915072589,0.11299529440523859,0.27738035824753693
0.6975630365842047,0.07782116915754989,0.2553135550409218,0.019581656824171123
0.6927409031430578,0.2939766349670858,0.31527719022922573,-0.7771668970485668
0.5891143701091752,-0.3111008510400648,0.4532700791918407,-0.11215381188822482
0.6482190120197688,-0.2510728742389525,-0.37345026120998925,-0.07572917644459798
0.5816238577370174,0.06029920414015466,-0.19479282562639533,-0.5564238099769723
0.6835693985158402,0.007573794343412654,-0.9640086589269035,0.10589231410899114
0.5854344460160203,0.14156020255419044,0.2325631630882219,-0.3086966295703717
0.3819060503919802,0.17524189012260738,0.6860212088309194,-0.15504599947879605
0.5672210381796652,-0.21115570157945118,0.16808226672213156,0.09681958993871254
0.45328674603852415,0.06287186929067845,0.07327482618673331,0.2367333347259497
0.38298044751140115,0.2379802090458809,-0.26860908962921304,-0.10158338600215355
0.5226767084698585,-0.10047781828297975,-0.10860684720785985,-0.008569933201259428
0.3687522243151182,0.28153642103807064,-0.2733691194642991,0.030756453779502646
0.5535858920057422,0.0973574903624761,0.3213055069002473,0.1677683903179341
0.4935417351694005,0.1621759496709112,0.44385910678097007,-0.4725304881834065
0.5975545933827178,0.18347238508731234,-0.5841186434500849,0.07798665778653424
0.24147200883740005,0.08695760552326037,0.09301073651740488,-0.3170042899998631
0.3664570441936683,0.22858840948189418,0.9991891930304446,0.00599540963838141
0.3567508597553326,0.4334464964755491,-0.23558571212513968,-1.0036026608220228
0.4029832451154798,0.19182900198904207,-0.39120165666652174,-0.08306539949359992
0.39964598508438565,-0.31762088267609245,0.3304104289088934,-0.7044826731899256
0.34239570344995496,0.17586308992222044,0.7481344927313927,-0.2768556492747716
0.546845529518023,0.06295799232150268,0.737695293543883,-0.006928124080884501
0.4150114130613205,-0.3588861211178389,0.0890947424563171,0.05840580137455875
0.30105497135324333,0.4775398570291969,0.2809201265422083,0.8419391712873583
0.22337013893636737,-0.057487442991774884,0.5330402754797432,-0.39962462091102413
0.09726358237725385,0.03292945896230126,0.8134062851725805,0.49245956274704095
0.33695102872775573,-0.009415301969450507,0.1877626131776713,0.05057795453937253
0.2703851110632365,0.20974759389765096,-0.02417175008981509,-0.3093301455573845
0.4056603336083744,-0.2637641571180933,0.058026906616157614,0.5653826464621754
0.4138998011244426,0.10006962944354525,0.3933273859438664,-0.07574860100043734
0.3306050643728158,0.5404372873183987,0.2904828403967692,-0.003299579011165843
0.2912137144418181,-0.044475301502132414,0.021092963960070765,-0.49276574019177044
0.37999637796831554,0.19599921835413436,-0.06287896343746446,0.09851320785351803
0.35165594932900657,0.08929809960112367,0.7031028112362638,-0.5038664542942088
0.25680139830089566,0.14355158935999102,-0.1508768512471388,-0.2548315270962038
0.20086107121922625,0.3854484087302328,-0.024248105290211264,-0.4669487020031795
0.17234759993294047,0.10605484818451139,0.33123923253661247,0.12015411583510227
0.3435748533052245,-0.13903755942368745,0.27332349015804125,-0.4444728296036322
0.3274982702915463,-0.014626376453392265,0.04264989957684806,0.5844300149914472
0.24833839105866673,0.010414332260068715,-0.7183546661145912,-0.9995091196066466
0.34514162602258036,0.19148564078861563,0.02902134770072573,-0.8106324057288972
0.20719470485415759,-0.01982778291326115,-0.03394278097332881,-0.06875475294030498
0.4378247365527841,0.16199982977875305,0.34481336128791673,0.550405587918894
0.12945663573601074,-0.07596069198303201,-0.33573491057652305,0.41239316304160867
0.0785484846013178,0.2955781293392712,0.6975750777935433,0.0019187744810678087
0.2775762428832085,0.175612857699609,-0.22621671319221281,-0.08598484736852408
0.08315832160806313,0.4785934993713481,-0.11357376521133289,0.16281004820145117
-0.020189171362522185,-0.2283649516091013,0.35476483498379796,0.3205699842544574
0.10367901964745019,-0.06364242639771622,0.5435129234832474,-0.18208768388695273
-0.0058167993096325254,0.08099660385587826,-0.28133134221676137,-1.0610311079992778
0.04706238002910612,-0.12206733187856811,-0.2796930658472718,-0.5106126795473711
-0.057913677442927414,0.24256908632483287,0.27057904323317694,0.5812882944203887
-0.002000941812664081,0.03339040173894503,0.18395728669334188,-0.20794491153013572
-0.006448948386207798,0.32024321232342534,-0.19270674598417958,-0.5575838734657108
-0.08775602990413423,0.09024744690019637,0.46219278295022237,-0.741340538873984
-0.06039402633798252,-0.1712818768302995,0.8630373286858886,0.003672508801142227
0.12313979561296629,0.3133638989353418,0.5251423035501959,-0.3471808831433756
0.01624281287350504,0.13105930796011855,0.8116560618443487,-0.537422461733283
-0.003207367741674849,-0.004328296548693489,0.6907517524605351,-0.5861188361384564
-0.2148802868643096,0.16711665683935273,0.15106263246568874,0.3415587327463969
-0.13107598877357418,-0.1666815539747959,0.9814890128589415,-0.0681165974276896
-0.07439748993109441,0.027172067365657693,0.6862700758769159,-0.43414322744171874
-0.13538990664982897,-0.17602149581779258,0.2609810408656652,-0.2153537038226372
-0.005980599794224606,0.1954478811503293,0.28498222033210685,-0.22255901316172721
-0.08592532691911581,-0.5316993516647575,0.21677846080247232,-0.6747852122984925
-0.11658756725196162,0.06700365117477558,0.8226290808082188,0.4624771132127118
0.036032433267643826,0.14754976097355832,-0.0724634754990876,-0.06027920566417788
-0.23920231300056005,-0.07267801011286479,-0.32391517788621327,-0.4030129776282865
-0.28020904023360615,0.32156113739325787,-0.543949566027633,-0.29171345772027135
-0.1456134769840236,0.03196383002050407,-0.7110821128184643,-0.6242262103534812
-0.27923503063521116,0.3144455841473689,-0.294721369147263,0.221883941944105
-0.1778908013998306,-0.02304747230596038,0.05704207421401408,-0.35834787196813833
-0.22638569601796488,-0.015443522985847613,0.17952144702787165,0.4981998486304221
-0.0879347653031397,0.06415970309226426,0.2058157248507937,0.36680615214300216
-0.42892635048601413,0.1740554431985204,0.13612375262221776,-1.0064062743260482
-0.41041908653590253,0.2867492740691603,0.15219588339556922,-0.2732004865635187
-0.47261980472159326,0.1227999840928875,0.1277633505660093,0.19620362600709584
-0.15225255821604122,0.07855790662480677,0.5052472851553267,0.748600301222223
-0.24640807807365572,0.0950763045217291,0.518024599884761,-0.018428960659629734
-0.2936575977806899,-0.22024090054395362,0.18404290918051758,-0.1808385124334233
-0.28173421398063914,0.21825172113098645,-0.1283837936770711,-0.709700363123559
-0.23532424216153136,0.2092636022014529,0.04396591004880812,-0.15741856094967877
-0.3743288554883377,-0.10334389068867567,0.36314949049608636,0.45101585723544724
-0.2208293147406024,0.25869026741866485,0.4837097359152678,-0.4823012096899355
-0.3668831715538847,0.20877817031845658,0.24632645605245962,-0.38967315354765675
-0.587091729360254,-0.06663241597337577,0.2516497550975144,-0.49213900527580456
-0.36843056821269626,-0.013443982886820915,0.24492100305179965,-0.4297292238720529
-0.5630197523276806,0.16752823755280777,0.7995727214787791,0.44174536032542333
-0.47426291326178815,0.1165298724114745,0.7611476287974652,-0.24873350113772097
-0.337583750251383,0.26334265594267947,0.29423427076861874,0.13064401616773158
-0.5172837417657417,0.038391036849978244,-0.6010739046282056,-0.4962489040381912
-0.43066738103092406,0.07957046318313044,0.48931311057994087,-0.035720412759276954
-0.47618337974070024,0.2811788322897777,-0.08416583971955016,0.5460828811832517
-0.5604805311217083,0.3454652762909235,0.12671919116014163,0.10790718622592865
-0.4645462991300291,-0.07872645426515801,0.41804324739391185,-0.266066037710343
-0.426720555638298,-0.0781734529775937,0.45340789632404055,0.10001624971849443
-0.44532636518921853,0.4140133003352078,0.6066431520126048,-1.1882151317809084
-0.6191148344693517,0.15415712559607975,0.37130078004259126,0.38939687270803225
-0.611428592215527,0.14408303976674852,0.45834247259344096,-0.5107089832584976
-0.43106214677952437,0.31303117208939946,0.30737219259089255,-0.6235765022784996
-0.6457147449387092,-0.08081583390486802,0.02246501706693549,-0.1309723620778157
-0.6702298093200317,0.36647373420079876,0.1803516899988472,-0.7848993458399761
-0.43059452155178213,0.27643078344986316,-0.2077913315427915,-0.31368378998379387
-0.6441649645463169,-0.10990792957146989,-0.511891691383293,0.17636613885325092
-0.5593173533826198,0.25896639349250417,-0.2249687479903414,-0.30802176844367535
-0.45892201540630073,0.027176771795546895,0.9356779483758121,-0.23207488545947563
-0.6409046726385909,0.12816202919948827,0.5320241595094527,-0.4271438490249856
-0.6321870425559618,0.3128574595331215,-0.10060794534471473,-0.028516303492073125
-0.5039310316791723,0.42852264044057475,0.9586741340184343,-0.9856484333211251
-0.5789746757154034,-0.09340336252138115,0.3348937263550692,-0.8356639889816516
-0.6116518411695682,0.03158151674888421,-0.19679203180767413,-0.4766132858302512
-0.47587055223549246,0.08364992330950305,0.2550450905188373,-0.5302326190565987
-0.5791910430887517,-0.16998224598191158,-0.19523957695325356,0.3714401160912473
-0.5511148866942654,0.0068435646279727536,-0.14821338809460083,0.07375668528207635
-0.6619155976110885,0.28821371876175916,0.36948823356779703,-0.8420161013267026
-0.5324822069933821,0.1067993286414527,-0.4227103865730977,0.2680683190777654
-0.6594613221735036,-0.06180474831147975,0.4360239068600479,-0.751453149091358
-0.7168922308176263,-0.10907889169803375,0.6155813194597585,-0.23935025236289886
-0.8243900397040123,-0.19156042935454343,-0.5885706865590645,0.082755256297527
-0.7232268383620902,0.14223542286883828,0.8901187960479898,0.33645178148515176
-0.6548744717063089,-0.36684230749358004,-0.07898478715424151,-0.6286630041348114
-0.6028820568372351,0.061365965891563734,0.46081980660138766,-0.12431660444504677
-0.7131281093242312,0.27083977215933897,0.3708487639466845,0.42504305164134715
-0.5922217178285035,0.41118917869804517,0.8895882161144903,-0.1417086524667065
-0.7069364052772779,-0.17138972675730157,-0.39471723882725385,-0.48178309289921384
-0.6680338149820285,0.15166124031292794,-0.11038724138052702,-0.6662711217620721
-0.6052805414292128,0.039011750625237096,0.29571179642865264,-0.69071848745872
-0.5899150666906168,-0.10767315154216406,0.11918367306354094,0.3198032959578213
-0.6814190871661872,0.3558510609588912,0.19312064260588158,-0.7081618521501287
-0.7745491966801433,0.24427806366874827,0.27969274391523313,-0.1563286250555206
-0.7892160229726058,0.04974997378688484,-0.38179935291161693,0.16001072444340236
-0.7257407782432193,0.11547803636690857,-0.15129264869634151,-0.26329573764108205
-0.8568758832736156,0.04355595645684418,0.5444744658408,-0.37248930510752687
-0.8194240327919304,-0.35333510857220474,-0.6437486616810217,-0.4169130247161257
-0.8408729349594922,0.4530761810990011,0.5988260761639176,-0.6363151081117405
-0.8367766262572472,0.16444791744079257,0.29683908888082533,-0.09724310877263076
-0.7727172976846104,0.08664206401477947,0.16646758484509394,0.44799229595583734
-0.8823470421189914,-0.1639915875008039,0.3147974301030916,0.4614783347571316
-0.7884857759654422,0.47789700988640066,0.9005217082634813,0.0690824927376894
-0.7908777083072246,0.32307602338950053,-0.3160246957429135,-1.4578400777031484
-0.8947850446754136,-0.07440587610972937,0.10801489652457741,-0.537738523577851
-0.6748268799027364,0.1960962263468513,0.10772277642127892,-0.21895697263057734
-0.6909849693560155,0.3461457290178478,0.005919820590696512,-0.4715008542400638
-0.7224694491842371,0.07353505664341142,-0.23304907517003437,-0.8824555263061514
-0.796623679270555,0.1720791557290049,0.3472758709039841,-0.1282824771673554
-0.719607789321106,0.1480346928701598,0.28132872091991457,0.5961310670714883
-0.7350607269215884,0.06524190101543315,0.10625945045425189,-1.1757027589926081
-0.9425732790240164,0.288421848657358,0.736920449264048,-0.03361195712156306
-0.8232285588208829,-0.11290762898241813,-0.10791320077536615,-0.1445179300003031
-0.7097088128725538,0.12705076922956615,0.021668255520544633,-0.22981661431839717
-0.7733981228359067,0.058030084933823556,0.2655614798814997,-0.24665148106390788
-0.8845923902472324,0.40171874538060287,0.05304991638308376,0.17773672185493078
-0.8836484527227103,0.3774588184955916,-0.13238191802066746,-0.3532383270430707
-0.9451657220909353,0.2629631409500923,-0.026337936885969082,-0.3961982780661619
-0.8616752506910461,0.292224025984845,-0.02570484989023525,0.1621932967275227
-0.7210787492431934,0.2941143944968083,0.8680481419322337,0.05457263135902346
-0.7068471835284559,0.16840148301301472,1.0970817370889634,0.02068707342934384
-0.7742323543371356,0.01152820046315206,0.008438333905206652,-0.5654050836468564
-0.7957494309764723,0.09939124347163886,0.6429009264072093,-0.22438553447795206
-0.91464699304964,-0.008630623483732891,0.030585305155886533,0.20711434462078365
-0.9015473018876898,0.0055211552339784475,-0.1461434416861649,0.0977291934511898
-0.9983287772304854,-0.10505124651753994,-0.09317980192455144,-0.3592021133533416
-0.8885127178418304,0.0415052416139301,0.35333401954819127,-0.45449879422309913
-0.736015296838225,0.1638231524429551,-0.09859648372518248,-0.18103291065828286
-0.8019029453481235,-0.02059606683248494,-0.11533581964933293,0.06653863447941188
-0.8074742341317042,-0.04757132099393291,0.7766436390817287,-0.20554774760126027
-1.0345545707992363,0.2817458030975706,0.45087435782385565,-0.19755768401456864
-0.6816209834212994,-0.033983494229599454,0.32504806346114257,0.3438640132920343
-0.7441019842218731,0.17113400706327409,0.7453888023202144,-0.819500509695441
-0.7565529373910387,-0.26568343625647484,0.10222235770758537,-0.04440066969860912
-0.9778282730791942,0.008135146260244697,0.6151706927119973,-0.7162730311984374
-0.8423932549099378,0.06642914682411905,0.2504636514497283,-0.4950430688643297
-0.8841438879327738,-0.167778753026824,0.23015265226787895,-0.29187893203290405
-0.7976877269661279,-0.08762922136450013,0.6702984562915122,0.2886649418485207
-0.9772551689590879,0.2437155695308858,0.8153155425263415,-0.022851138568625418
-0.8415835913401059,-0.19443802470482974,-0.06758953888177077,-0.9473981990280712
-0.7763486978655947,-0.15015295041515775,0.5364674871161516,-0.8546735957753628
-0.9880288075565491,0.06867189019302355,0.2529632689356603,0.15953092210158337
-0.736334462032719,0.19017725333172797,0.2680557134689415,-0.8584393992944164
-0.8211005926810275,0.22133731613561847,-0.34108967043111704,-0.21939353055140443
-0.8855914316283409,-0.00045459829395955165,0.23136443601255435,-0.21861722247856274
-0.719458261936291,0.2035688741345162,0.5746897048686932,0.1426881240954141
-0.8482006729371729,0.2229679557606835,0.8941551422671409,-0.19061499132601722
-0.9499573999007752,0.31724695714657664,0.3081909833555689,-0.20630022193845454
-0.7513036487425903,0.31397906212345095,-0.01861557509253786,0.6341184995044737
-0.7579225420867904,0.10466133924362586,0.1942492597528901,0.5019987682720496
-0.9894057625190139,0.06154313580112891,-0.13870004374787248,0.11302641513064804
-0.9010902328519956,-0.07945180861946732,0.37350376679988,-0.25174485391557644
-0.9585077633060306,-0.1645957931793014,-0.13596082663866949,0.06131558838507689
-0.7833981100001243,0.2231001208800969,-0.46133399384869345,-1.6635393290889815
-0.8594553579265667,0.21165273196467882,0.26700950661009515,-0.6106719940214433
-0.6646553393738857,-0.03394374272005396,0.16031774321324133,0.07538645321584614
-0.8141036035234008,0.15123713132036665,0.14481784356039795,-0.5866531771021897
-0.8001218325557304,-0.009800874674721127,0.7325402950761238,-0.4668790917571499
-0.6641342574379059,-0.3819325834384466,0.12701858621937956,-0.10338752744205137
-0.7926848554680594,0.31227150251428387,-0.25285416658238624,0.05968868641893321
-0.6944003097354923,0.02544819122848907,0.14263929693963262,-0.009809969772845428
-0.5906802358724871,0.19075846812192243,0.20684532051988314,-0.3753135316702668
-0.6917156602170954,0.14682952594724585,0.7748892726087753,0.39761648414171213
-0.57117574072086,0.42059480412604855,0.34015357906760557,-0.3540057590059329
-0.9686465718678288,-0.1568645862638488,0.7109221825078597,-0.03009466475706024
-0.744656942536952,-0.1382284833638926,0.1580683925455908,0.42840378058530026
-0.8506646131390299,0.07279041980085532,-0.028165688831422564,0.231349962644947
-0.678236697042916,0.2606613672210467,0.663575653235201,0.38600583630256136
-0.902902496112399,0.15886251442221216,0.36248114854915775,-0.6117532355093853
-0.8149842293395821,-0.1789281551890114,0.26291817393326294,-0.13928440676935172
-0.7256649584410745,0.31302223811593577,0.7055036361234059,-0.4559730602547013
-0.8354634180884858,0.23872614925090258,-0.19791060215526868,0.6272212611650083
-0.8198056580146449,0.2667941926883466,-0.02625291051079226,-1.1632490625773901
-0.5623826783180712,0.0828834937774241,-0.2812955611158803,0.6320279041122099
-0.6638952453414241,0.05435975887344091,-0.36841490167330326,-0.34371863867204755
-0.6939530007547863,0.11112474488839341,-0.22558676498869867,0.3543864902743967
-0.6740651646521766,-0.27377423384094357,0.09750448896360397,0.32062360292330216
-0.6003874877105542,0.20858775103561578,-0.2031311148012318,-0.9567849887752082
-0.7504906547316662,-0.32285348708853656,-0.10812596608123604,0.2808800058279256
-0.6352134258999306,0.004338137350337057,-0.4719502916269168,-0.3148058406157398
-0.6553452382706715,0.2234311447588111,0.47056432693542655,-0.05560601781129182
-0.5699168010569372,0.14852686760840805,0.062318909579657134,-0.8788391833080657
-0.6412607970081422,-0.2981821702921711,0.05977179336394911,-0.4392403519629108
-0.4723729558036953,0.123961923375007,0.002807409107763892,-0.1225439705338418
-0.5219942045809249,0.5025435977599896,0.03407983044626128,0.12192280584781479
-0.6564254224112088,0.21532894031515726,0.028504298557885388,-0.6787066610735139
-0.5511959814783058,-0.09528987302291192,0.6460905754297006,-0.08501832979644752
-0.45992138563928386,0.5820742453909362,0.06855570562241642,-0.5452356851591216
-0.5160909411422905,-0.36026546481682975,0.8604624720463508,0.36052062603285095
-0.3704278500960245,-0.08179220561948619,0.6836394096033618,0.5331418760582701
-0.6917168790861555,-0.45415979715305255,-0.3794755604506058,-0.6785420880420977
-0.5749724076202937,0.42746512087049227,0.2493032006471514,-0.7912415445695523
-0.5604275583875,-0.020692818801317348,0.9341301922168321,0.12186174260880445
-0.5177849350938477,0.23616301008545493,-0.17615746648495922,-0.3683842320396391
-0.5512045313677361,-0.21056982539900626,0.37194130937011205,-0.12758937318448482
-0.4602578414290064,0.21132097817292939,0.05637292741713318,-0.5712064367724015
-0.5793720308535112,0.046067983833035564,0.4153794204949395,0.6858928356178297
-0.40656080042512577,0.3749154874811905,0.4383506228063442,-0.27400605963691693
-0.630377510228961,0.051467391956391384,0.6245430431947199,-0.3473333595592323
-0.47263316516485343,-0.15870333359511335,-0.06345366951440345,-0.5735681823656642
-0.3225873095544849,0.2416137573911773,0.49416149793460584,-0.0753084068623806
-0.45940437104839305,0.09903154594847408,-0.19122062109517013,-0.18376364416766666
-0.38853610825509866,-0.1756862578735725,0.15829278478812703,-1.0072358874723795
-0.5030468757497804,0.12486396537124955,0.41715707341899455,-0.1423017596698759
-0.6418064413928843,0.05305497034532625,-0.15009374265069475,-0.4868148191053263
-0.3639243163786776,0.04985401934724676,0.7194064749396669,0.0771657639590908
-0.3538963102695132,0.18248843379743174,-0.7001581732397526,-0.6706040552186499
-0.4204581141466395,0.46680120514519763,0.2131541790989172,0.2664888602772585
-0.4255896924841287,0.4219308237933459,0.28115201961173897,-0.8120801334363543
-0.5201164251058086,0.03588278290498814,0.13943272223541991,-1.0320408040662028
-0.1789582057868988,0.048406471384594196,1.1830215378567552,-0.17127513372080827
-0.49873564143490623,0.13522527116253635,0.38557903030594654,-0.7330410254799722
-0.18655954859544854,0.3351517373903199,-0.18176467346563885,-0.7781161292175578
-0.3157625733330296,-0.08769678826350225,-0.04253639012024846,0.4347265006398402
-0.3555368626060569,0.4365254695817192,0.2702499080732379,-0.05149436929915363
-0.33049142440460555,0.12177523676226265,-0.04341276563119778,-1.4711038047524023
-0.43220359898198657,0.6737958529161074,-0.108263376466184,-1.2442325778653416
-0.23525023600411177,-0.002045793509369842,0.17211096561853378,0.16250272971535762
-0.18702805610425588,-0.08496876973446055,0.30062129556135475,-0.2866591148347324
-0.26750940157531855,-0.2853503207510226,-0.473933262702696,-0.689860450275577
-0.13786604156039828,0.18614067897013808,0.14742013588329805,1.2061058929477388
-0.21495321372878728,0.18300653248419985,-0.3489910797021911,-0.17243250119908504
-0.11646215755872547,0.26947648439883154,0.41381682302912903,-0.6547151334752899
-0.07973242759574428,0.09070614134172073,0.13518718648776962,0.09029777550613183
-0.3315026585657712,0.12320675995728547,0.6076065676055554,-0.46715793736333544
-0.3381300423240512,-0.0910876384704038,-0.026628838798218313,-0.5602205309720609
-0.16638295593661812,0.10599456195013168,-0.4053324528704756,-0.7644992334254195
-0.14914685145668694,0.5007149463779068,0.03302573108323603,0.45333043196069234
-0.09335577918220261,0.09606904198533317,-0.32326931113342594,-0.0919587493543288
-0.15782935436220336,-0.03979480363761301,-0.17063473710728028,-0.259099372807561
-0.06598798509627524,0.04936151802486388,0.1942586321602937,0.05003476945562291
-0.1719785013093016,0.05753814547384617,0.11589238945097402,0.05837598303382907
-0.15526291944434956,0.16605729514068202,-1.1815872980733824,0.19802640265166582
-0.15611420091406147,0.09101253030084289,0.8653838970394945,-0.20145156873939674
-0.10009639726312924,-0.004437629973910839,-0.2910838255142951,-0.18027410224569018
-0.31298343858287136,0.22710340999102474,0.4498923027634696,-0.6061556500330827
-0.06130059141128008,0.3012725759156101,-0.26486876028035367,-0.0052778345412201055
-0.0724110111510099,0.1856434396224833,-0.055275772573449844,-0.7596613803597145
-0.20917203052532995,0.11200620683619222,-0.15391041221020108,-0.42288534945713563
-0.05049284298998846,-0.11398437703339614,0.7085855742150238,0.20434917852622525
0.06261385228051508,0.14196615884708574,-0.15927552691065938,-0.6967404240382946
0.20100235794952637,0.1708124157234816,0.5557623982693207,-0.2714194936871688
0.1332594596432919,0.22142909693269242,0.046712207759435964,-0.021715555413427623
-0.008676954343898702,0.08933861534868859,0.7173098926081648,-0.23452900481493466
-0.1372526414166768,0.2517453720295919,-0.6387616376667475,-0.286457386753741
0.05514941746000512,0.16755025912092014,-0.16985292157654297,-0.15667668661904544
-0.025050255298762814,0.3747681860630139,-0.4026036430431059,-0.4687109164327259
0.10702138666621597,0.13226367403891404,-0.5377414344856417,0.42867742720181656
-0.11733084167965346,0.23693163720584676,0.4301542764583157,-0.4792596435273304
0.16929815318550734,0.022840866659577186,0.5633934396435156,-0.5861693850588221
-0.0193742067519731,0.2912020362438923,-0.6466347022771666,-0.2911039234859236
0.2075969125911472,0.42959399043272395,-0.09707682800542017,0.27075267990706076
0.15201041643241608,0.5303535691924102,-0.31532285345734334,0.00882243204299793
0.033113475787868385,0.18295482769123805,-0.0227911136022243,-0.5761765809166981
0.11960409214637568,-0.014580991579431046,0.4464307160568315,-0.17368858315660685
0.17938296012939658,-0.25762756783140817,0.4110350890005481,-0.567083201723334
0.20705788741233633,0.026649043953736573,0.3989352841847291,0.010120949217493624
0.2641545824409386,0.4369978313820331,-0.07751727077295634,0.15361843784945806
