relative_path,original_bytes,updated_bytes,original_sha256,updated_sha256,status
.gitignore,1821,1821,45055bf60ba697ec34130a3a040f998e13061ea59f4ed7bddf8471cc141ba8b4,45055bf60ba697ec34130a3a040f998e13061ea59f4ed7bddf8471cc141ba8b4,unchanged
AGENTS.md,2935,3375,06b25f99022937820d9f389a1a69591b7b0db277564821cb54ccf9f6cb272004,77ab32d01e30eea1291493b4865ac90f11a62f223147b04a63c25a01ca7793e0,modified
CHANGELOG_JULIA_PUBLICATION.md,7066,2197,be969ccf9dcf4e6d4b85507dc800260ffe990dfb2e085fea833d675cf3cd9c36,431d244d33e26fd7a42e4ea5cf476901e08a996a69afe6d72e2809ec5a0aa09a,modified
CODEX_DETACHED_RUNBOOK.md,9926,3278,ffe13944feaafbd401287b73426ed495b3bfc88e6280d7ef16a39dfbbd98eded,dfab8261ec85af020e7e29cb0e57d497bcf1f5c9f3209eb8a066a455b7e3ee27,modified
EXACT_SOCP_FALLBACK_RECOVERY.md,1651,,05b564a297716ece3a7bb94b3fc67ac954573396e89f74785ed58cb9758e2863,,removed
IRLS_FIX_RECOVERY.md,3189,,23e34883eb65be87900c914d2f96e5155cab9890fd9ed773cd7bddca6b999887,,removed
IRLS_NUMERICAL_FLOOR_RECOVERY.md,675,,0d5a9cd0512c3e9d41d2e6533ca8279524736313f89b43b1f4afdbc8f035c297,,removed
JULIA_PUBLICATION_RUNBOOK.md,19255,4594,ce97993a6676e377c3ceefe0574d92e4af4770cda2c064f9df9133a22504632e,2358c44a3243a9e9f4e208b44cf6cd8f1077acb0d137064138097593d1f63c42,modified
LICENSE,1075,1075,d9a6ad96017e5492fda67212472d5af06319defe374de882c823ede200138e6a,d9a6ad96017e5492fda67212472d5af06319defe374de882c823ede200138e6a,unchanged
Manifest.toml,45162,45162,7de88ea9739f4b682deda8326042f6955d3f60555a6ab5b6c7092a73894b5c4d,7de88ea9739f4b682deda8326042f6955d3f60555a6ab5b6c7092a73894b5c4d,unchanged
PCG_FIX_RECOVERY.md,4117,,d929b9258e444a7e4a87e6df6bb5487a50d5535b78c006458826dbd277819e22,,removed
Project.toml,516,516,31bc634f38f937d2f6f936eb0e542fdc22913796b58b3fdf32133f10b33cc043,31bc634f38f937d2f6f936eb0e542fdc22913796b58b3fdf32133f10b33cc043,unchanged
README.md,12916,12476,00b65eec071a107f3eaf4af0a6dd535f55757f58a2f926c9526229ed4b83d7af,6514e741110a608863bad3aff3d7a347f1edb3819c1880cc6ed37a02cac77f2b,modified
README_JULIA_PUBLICATION.md,3398,2600,f6eba14318d6e803199ad3757f48f9081a174b483368901b7c2baeb44f7f2ae8,de9a6678cfe47c3df4c89a71a7ba243c2c94cb42e027321621048bba22022a6e,modified
TEST_CONTRACT_FIX_RECOVERY.md,627,,a1a8bb89339cf6710037b50e09cd3f23d29764cfc0ee11df812234d5de155be5,,removed
config/diagnostic_one_synthetic.toml,4054,,2337f2562fcbe1fbd872837fda89e333ae50fb04307581c63a7cc11c6148c86e,,removed
config/diagnostic_two_synthetic.toml,4054,,67156c8db519a6d4ff17cee7f739043aa643053b1a3106b3bb41ad3d351abc51,,removed
config/hurricane_schema.example.toml,521,521,5323d4de72542412487010c4c05562146ec741ed1055d4489bf75fd17cf49a0c,5323d4de72542412487010c4c05562146ec741ed1055d4489bf75fd17cf49a0c,unchanged
config/publication_full.toml,5470,6547,63d6eca8df695b23dd15a4d0433f2aceed927f4f8f5db4a2bf23b17190b1d30a,16133615ea3558d28e9dd247b42a26fe9bea08462523fa5b2e021c8fe582e748,modified
config/publication_full_no_gurobi.toml,5897,6462,22693621c1a8c06884a4cbbc002afa6eb2da05e8c2e4827271a0f8da97e28139,b264e70d942350ac8ecb33fea331e45ff4a617aacb1d210cd8a1efea9736fb27,modified
data/X_test.csv,57901823,57901823,167eb3444005f6957b39e0ad0abed93aa7c14b622ab10788ab454cbea8dd5f65,167eb3444005f6957b39e0ad0abed93aa7c14b622ab10788ab454cbea8dd5f65,unchanged
data/X_test_adaptive.csv,997962,997962,29eca7070f2409451e586be97ae67e7a1c7c62fe6010d758955cd6d1f8ccb888,29eca7070f2409451e586be97ae67e7a1c7c62fe6010d758955cd6d1f8ccb888,unchanged
data/X_test_speed_adaptive_out1.csv,916703,916703,6c0873acf86034f117c4d2315c2a0d119cc3d15f3511cece475ada1998272a0d,6c0873acf86034f117c4d2315c2a0d119cc3d15f3511cece475ada1998272a0d,unchanged
data/X_toy_test.csv,2066,2066,09fe92b865ba1ff165d1b7cd34c8d6b7b92935a89ffdbbf4122f255419afd6cc,09fe92b865ba1ff165d1b7cd34c8d6b7b92935a89ffdbbf4122f255419afd6cc,unchanged
data/alpha_beta_alphas.csv,1913182,1913182,64a2ad4cb750a829feff0c631a1cfebc4d6e9675f5b5e773f1bb64bb76af0027,64a2ad4cb750a829feff0c631a1cfebc4d6e9675f5b5e773f1bb64bb76af0027,unchanged
data/alpha_beta_ensemble.csv,58360,58360,9085dadf7f6966ea4b18be54bcb8ae5a6156c937b5566f39e4af2b46195d9220,9085dadf7f6966ea4b18be54bcb8ae5a6156c937b5566f39e4af2b46195d9220,unchanged
data/alpha_beta_full_alphas.csv,1913032,1913032,c6945ea911956f89fcfcdfa136d4479ff0ba2c95fda035ee72bb64937996e711,c6945ea911956f89fcfcdfa136d4479ff0ba2c95fda035ee72bb64937996e711,unchanged
data/alpha_beta_full_betas.csv,777,777,9e98887243e71f527f3e693d1de0d57292e62cc964c448d7b44c702dcaa12bee,9e98887243e71f527f3e693d1de0d57292e62cc964c448d7b44c702dcaa12bee,unchanged
data/alpha_beta_full_ensemble.csv,58367,58367,22044e2f5bac910f7ec1b45df61b2516c7cddfe1861d96287748e90d6216bf9d,22044e2f5bac910f7ec1b45df61b2516c7cddfe1861d96287748e90d6216bf9d,unchanged
data/alpha_cvar_ridge_alpha_full_test.csv,3177239,3177239,2b907f43d7d97c3b1868624cd5b1a041297808f89547a8a90052ec0bac96631c,2b907f43d7d97c3b1868624cd5b1a041297808f89547a8a90052ec0bac96631c,unchanged
data/alpha_ridge_alpha_full_test.csv,3177239,3177239,2b907f43d7d97c3b1868624cd5b1a041297808f89547a8a90052ec0bac96631c,2b907f43d7d97c3b1868624cd5b1a041297808f89547a8a90052ec0bac96631c,unchanged
data/column_names.csv,6117,6117,f2cd09cd114e977fa00595e6ddd6046315449e8375a9b154a9eb66808b4522d7,f2cd09cd114e977fa00595e6ddd6046315449e8375a9b154a9eb66808b4522d7,unchanged
data/energy_X_past6_future1.csv,83009754,83009754,39ceba20a49120bf8e521c3cde2e0dbfa5923baed56119ee53bac7a9e8a8781b,39ceba20a49120bf8e521c3cde2e0dbfa5923baed56119ee53bac7a9e8a8781b,unchanged
data/energy_predictions_test_val.csv,4368866,4368866,901bd1368f14aa0ac21657bc020a2065743d9bc3b8324824fe444aa49e12ebda,901bd1368f14aa0ac21657bc020a2065743d9bc3b8324824fe444aa49e12ebda,unchanged
data/energy_predictions_test_val2.csv,1846346,1846346,b981334a4b42796da186cafbb029d4f2eacceff2e4ccc9abe7e4dd643b990477,b981334a4b42796da186cafbb029d4f2eacceff2e4ccc9abe7e4dd643b990477,unchanged
data/energy_test_val.csv,8,8,ba9807d0217862496442ae398eb61f4cba81464858e0914133f11331067397b0,ba9807d0217862496442ae398eb61f4cba81464858e0914133f11331067397b0,unchanged
data/energy_y_past6_future1.csv,493225,493225,b095559f99ce2894417890fa54614f38cef2515748d00cf6104a7755b1ca832e,b095559f99ce2894417890fa54614f38cef2515748d00cf6104a7755b1ca832e,unchanged
data/energy_y_test_val.csv,246625,246625,ee53e928dba624d275e0a509f1ad9ffc99cd8755ea6472b9c3b80f16abfcfe35,ee53e928dba624d275e0a509f1ad9ffc99cd8755ea6472b9c3b80f16abfcfe35,unchanged
data/predictions_test.csv,6081771,6081771,640596d302efa7f0b03dbd81be4eada82c07607df8c1dace50181a3be755a5e9,640596d302efa7f0b03dbd81be4eada82c07607df8c1dace50181a3be755a5e9,unchanged
data/predictions_test_cos.csv,5771470,5771470,b49032be2a462c80c88fd518094b3d94442cccab477a41734629ae2063d2ceb0,b49032be2a462c80c88fd518094b3d94442cccab477a41734629ae2063d2ceb0,unchanged
data/predictions_test_sin.csv,5742875,5742875,40136fbd5dcc05d767796975e186e456c95837b1699e5e33d49596e804ad832f,40136fbd5dcc05d767796975e186e456c95837b1699e5e33d49596e804ad832f,unchanged
data/preds_cvar_ridge_alpha_full_test.csv,58326,58326,5a131f408d71a2368fd475bf2f4ba6c748e5f8945ef5601eaf83d7fbdde8c81a,5a131f408d71a2368fd475bf2f4ba6c748e5f8945ef5601eaf83d7fbdde8c81a,unchanged
data/preds_ridge_alpha_full_test.csv,58368,58368,f3bb663fd26c7035d595517a8e45d740f50aed9774eae91d1568a4f4b3887fe3,f3bb663fd26c7035d595517a8e45d740f50aed9774eae91d1568a4f4b3887fe3,unchanged
data/preprocessing/preprocess_wind_speed.jl,6685,6685,e0d3d4e07a9f12cf328b6571edd9191f8bb62da2b552399b3979116d594c7db9,e0d3d4e07a9f12cf328b6571edd9191f8bb62da2b552399b3979116d594c7db9,unchanged
data/preprocessing/wind_speed_preprocessing_report.md,1407,1407,1118b1a6c2f6b21abb22d2d97484e4efc40aec67f3c546b2bc7607536aa9f05f,1118b1a6c2f6b21abb22d2d97484e4efc40aec67f3c546b2bc7607536aa9f05f,unchanged
data/ridge_ensemble.csv,58347,58347,f734617fdb4464353182b95e72e707333fcedd9a5dfe769cdc38a6f749f93742,f734617fdb4464353182b95e72e707333fcedd9a5dfe769cdc38a6f749f93742,unchanged
data/y_test_speed.csv,163239,163239,0a0b146044c28f4d880f50544101570d057fb12847539c348f0388e3a16fa2bd,0a0b146044c28f4d880f50544101570d057fb12847539c348f0388e3a16fa2bd,unchanged
data/y_test_speed_adaptive_out1.csv,163239,163239,981eff5d8e3ca6085ba55523c0f5032053fc122b5fbb9cd7a0f544aa3dc22b9e,981eff5d8e3ca6085ba55523c0f5032053fc122b5fbb9cd7a0f544aa3dc22b9e,unchanged
data/y_toy_test.csv,161,161,8b260da91ff3576a3de8e52d474ea9393be8562d95d977c8ad57ed39bb610706,8b260da91ff3576a3de8e52d474ea9393be8562d95d977c8ad57ed39bb610706,unchanged
data_preparation/Data_preparation_Stock_market.ipynb,39571,39571,303d3aa3414d83594ccf5eb3384052081ed8dc8f585a600dfb857b8b5f0b93e8,303d3aa3414d83594ccf5eb3384052081ed8dc8f585a600dfb857b8b5f0b93e8,unchanged
data_preparation/Data_preparation_Traffic.ipynb,69403,69403,b66bf6536812e11e3c5dcd7e2fd0315e48f68c40098433b5c3e6d80bfa8b1319,b66bf6536812e11e3c5dcd7e2fd0315e48f68c40098433b5c3e6d80bfa8b1319,unchanged
data_preparation/Hurricane Use Case.ipynb,91089,91089,317787a5add92e217619f61a18388e2024a4d40ee3c2fe22bb58f19604e21df7,317787a5add92e217619f61a18388e2024a4d40ee3c2fe22bb58f19604e21df7,unchanged
figures/full_benchmark_preprocessed/metrics_safi_speed.svg,28928,28928,62dbd5e95620b1ac0ecfd01af6df521b8ef0bf539ed10db38b551751de669941,62dbd5e95620b1ac0ecfd01af6df521b8ef0bf539ed10db38b551751de669941,unchanged
figures/full_benchmark_preprocessed/predictions_safi_speed.svg,73135,73135,14a12c1421907dc4961cc066256d0ff09c874176b33e74cfb4ee7b417f78d857,14a12c1421907dc4961cc066256d0ff09c874176b33e74cfb4ee7b417f78d857,unchanged
figures/smoke_results/coefficients_energy.svg,9966,9966,5a4c1265cb120c91ca341fbc445b61639b92827f0630a2bcc4472c93e3758e97,5a4c1265cb120c91ca341fbc445b61639b92827f0630a2bcc4472c93e3758e97,unchanged
figures/smoke_results/coefficients_mydata.svg,11695,11695,65d99160aabef6ec316febe4a634f56451108cb38379b6af7e4acedc41e991fe,65d99160aabef6ec316febe4a634f56451108cb38379b6af7e4acedc41e991fe,unchanged
figures/smoke_results/coefficients_synthetic.svg,8813,8813,bc3f933850ba021b85ae79b991349585f58a7e31f10208dbf6750f46af2faa12,bc3f933850ba021b85ae79b991349585f58a7e31f10208dbf6750f46af2faa12,unchanged
figures/smoke_results/metrics_energy.svg,34696,34696,2340d676ce5200f2002dd5191139e301099bcaf0d23b5a82d9310392da1108ea,2340d676ce5200f2002dd5191139e301099bcaf0d23b5a82d9310392da1108ea,unchanged
figures/smoke_results/metrics_mydata.svg,35455,35455,3ebc69b16a72d92b79763aad73bfbf15687e7afc514a47f7fb132d8548a9b087,3ebc69b16a72d92b79763aad73bfbf15687e7afc514a47f7fb132d8548a9b087,unchanged
figures/transformer_comparison/metrics_energy.svg,28643,28643,b412052292fd208caf646e84bd71a72812555dd505616c2fa026123c28575f4e,b412052292fd208caf646e84bd71a72812555dd505616c2fa026123c28575f4e,unchanged
figures/transformer_comparison/metrics_safi_speed.svg,28464,28464,c4ed3862c6cf7efcc478ae8a9254057d27460da60152c035233ffc60a91aa90b,c4ed3862c6cf7efcc478ae8a9254057d27460da60152c035233ffc60a91aa90b,unchanged
figures/transformer_comparison/predictions_energy.svg,2923,2923,f3a5d8698e920213f5abbb44b985cefc9202472b6227072cb58452c37c046cb4,f3a5d8698e920213f5abbb44b985cefc9202472b6227072cb58452c37c046cb4,unchanged
figures/transformer_comparison/predictions_safi_speed.svg,2953,2953,c2a3e42678407ed609241b4f3f9db5831d3f9c90ea5e0fcf5a654f104a63e787,c2a3e42678407ed609241b4f3f9db5831d3f9c90ea5e0fcf5a654f104a63e787,unchanged
notebooks/Adaptive_Ensembling.ipynb,4260875,4260875,b2bdb07941aeb804ee5514e7d9bf5696996fbf85719c1724dfdd207729e565d6,b2bdb07941aeb804ee5514e7d9bf5696996fbf85719c1724dfdd207729e565d6,unchanged
notebooks/Adaptive_Julia_Regression.ipynb,368930,368930,477ce1f9d9b968fb957fcba64d8e8cedc5786f5504a3e8a9c1a8a436ca36d719,477ce1f9d9b968fb957fcba64d8e8cedc5786f5504a3e8a9c1a8a436ca36d719,unchanged
notebooks/Results Analysis.ipynb,184541,184541,dd669a88fdbe4fd1b652bcdee32b7665f9ae81bbf3b073818d7f0c80ccb54258,dd669a88fdbe4fd1b652bcdee32b7665f9ae81bbf3b073818d7f0c80ccb54258,unchanged
notebooks/Results Energy Analysis 05_04.ipynb,867884,867884,22b120dde6c03cfda28040bf93ae3e4387e606f2c160c18c20a744887b4e0cf5,22b120dde6c03cfda28040bf93ae3e4387e606f2c160c18c20a744887b4e0cf5,unchanged
notebooks/Results Hurricanes Analysis 04_29-Copy1.ipynb,854268,854268,986f403c61c730cfe81beae8fd31c67efe364d95d161f4902ebf7d69b1cd2373,986f403c61c730cfe81beae8fd31c67efe364d95d161f4902ebf7d69b1cd2373,unchanged
notebooks/Results Hurricanes Analysis 04_29.ipynb,865126,865126,16b1b4a709c0c2058b2ddb00edb9707277eea192075310ed940f293a236540ad,16b1b4a709c0c2058b2ddb00edb9707277eea192075310ed940f293a236540ad,unchanged
notebooks/Results Safi Analysis 05_04.ipynb,866918,866918,a8ac1d3f0bace9d1d5ade70497388dc1bedb10fbc24d68008680ee77d1d518d4,a8ac1d3f0bace9d1d5ade70497388dc1bedb10fbc24d68008680ee77d1d518d4,unchanged
notebooks/Results Synthetic Analysis 04_13.ipynb,655902,655902,a6f9b849f7025eccb58c893601340aa466b0a0f435536c2e2df9d0747539aeaf,a6f9b849f7025eccb58c893601340aa466b0a0f435536c2e2df9d0747539aeaf,unchanged
notebooks/Results Synthetic Analysis 06_05.ipynb,809473,809473,c15da13eb0bea2c45d38071f90f0ddeb7b3c6e54de603a7d24ea1d79c4a8db12,c15da13eb0bea2c45d38071f90f0ddeb7b3c6e54de603a7d24ea1d79c4a8db12,unchanged
notebooks/Results Synthetic Analysis Discrete Noise 05_10.ipynb,1041686,1041686,8579c7683575fdebbda1a01d60583254438d30a2291f358e26361e21c326ddcd,8579c7683575fdebbda1a01d60583254438d30a2291f358e26361e21c326ddcd,unchanged
python_code/CVaR.py,1315,1315,c1f064e50e2360923784b0284b1335b85acdf06e6ce16992b70b43b401dcacc7,c1f064e50e2360923784b0284b1335b85acdf06e6ce16992b70b43b401dcacc7,unchanged
python_code/adaptive_lad.py,6653,6653,16c4b80efa1296b0de4c79ada8ea32d295fd8bf0c4ede1964df169df60212eea,16c4b80efa1296b0de4c79ada8ea32d295fd8bf0c4ede1964df169df60212eea,unchanged
python_code/adaptive_ridge.py,3305,3305,c91f892b22c525ebf7de41baad3f40bf495d741e3c3ef59199cff30c48e08575,c91f892b22c525ebf7de41baad3f40bf495d741e3c3ef59199cff30c48e08575,unchanged
python_code/evaluate.py,2218,2218,0092b256c41148488a6deef1a9ab22fceebd1b8be7496c3083f2a19ed7f14a36,0092b256c41148488a6deef1a9ab22fceebd1b8be7496c3083f2a19ed7f14a36,unchanged
python_code/least_absolute_deviation.py,2972,2972,aad7f721b259737c4fcfbd64b262fb512c4d10b4c18dc21621abb3b72819db2b,aad7f721b259737c4fcfbd64b262fb512c4d10b4c18dc21621abb3b72819db2b,unchanged
python_code/least_squares.py,3173,3173,163255458e0ebf53c04d2bfb7b69b261ef298e57345037024dac8a41a0bcd10f,163255458e0ebf53c04d2bfb7b69b261ef298e57345037024dac8a41a0bcd10f,unchanged
python_code/load_data.py,2447,2447,ac6be4d83246bd5174bd22783fcaf44ba0b5a04c1f1a2aea0df5f37e53f5c86b,ac6be4d83246bd5174bd22783fcaf44ba0b5a04c1f1a2aea0df5f37e53f5c86b,unchanged
python_code/main.py,2405,2405,3a4f64ea3f9da37a074976920dff59528281beb0270e224f02a29ab3a9173548,3a4f64ea3f9da37a074976920dff59528281beb0270e224f02a29ab3a9173548,unchanged
python_code/model.py,1493,1493,f91d69552d3637c45664c322c98e358116fb30718ab50f13789e6c127aa5ca6e,f91d69552d3637c45664c322c98e358116fb30718ab50f13789e6c127aa5ca6e,unchanged
reports/CODEX_JULIA_AUDIT_2026-07-28.md,8595,8595,9900704edcf6d0c737d908f2daabbe52235daeeef81d7f0041fcf92a99f566f4,9900704edcf6d0c737d908f2daabbe52235daeeef81d7f0041fcf92a99f566f4,unchanged
reports/CODEX_STATIC_VALIDATION_2026-07-28.md,3383,3383,412c34d5a672d4b12c7d5e7a231defbf2334d1ab70269ecc6be9e94a2303bd19,412c34d5a672d4b12c7d5e7a231defbf2334d1ab70269ecc6be9e94a2303bd19,unchanged
reports/EXACT_SOCP_FALLBACK_MODIFIED_FILES.csv,910,,f3b846cee01b58aad16c74fe3d8a5aad3fe4f67fe20cee78ecb726f8afd2b993,,removed
reports/EXACT_SOCP_FALLBACK_STATIC_VALIDATION_2026-07-30.md,2234,,b475718a37a137adc1cc29b5b5473c13c76b61627b2c217678136f2ba8cb2286,,removed
reports/INTERIM_REVIEWER_RESPONSE_EVIDENCE_2026-07-30.pdf,228143,,9ceb1c372ed18de9ee400e48efc056e5926ac021ec68a4ba6a052c24f843014f,,removed
reports/INTERIM_REVIEWER_RESPONSE_EVIDENCE_2026-07-30.tex,15719,,bd7818c1fd037f8f9c04425347228c61bea16560d4aca3d595906df8a6fe9f78,,removed
reports/IRLS_FIX_STATIC_AND_MATHEMATICAL_VALIDATION.md,3262,,d0953038b711e69954096444eac3da65f6253e799b1b21cf1f2556d383212aca,,removed
reports/IRLS_NUMERICAL_FLOOR_MODIFIED_FILES.csv,1103,,003e440571a77f938b17d128af562256b56813f6dc18c9307760a43b36ebcd2b,,removed
reports/JULIA_CODE_AUDIT.md,12427,12427,c8d11fa40b8ce76befa840f958f41611ec9309a342ade73889011667c485f858,c8d11fa40b8ce76befa840f958f41611ec9309a342ade73889011667c485f858,unchanged
reports/MANUSCRIPT_SWEEP_PCG_AUDIT_2026-07-29.md,5814,,a5f5699861983d186975d19802766165dbaf931ab65f592919b4dd4cc21f9b52,,removed
reports/MODIFIED_FILES_MANIFEST.csv,3477,,9d2862e52bbef47c8b2725d51b4e6b9cf6550d2f3842b076fa7fe7c33df07b45,,removed
reports/NEW_FILES_MANIFEST.csv,1042,,b0a689ae478efd4afe2bed785364b05882153bd7c11a7110fe9a6669d43f2994,,removed
reports/ORIGINAL_PYTHON_INTEGRITY.csv,3157,3157,a86891db9b14bfc9c1ccf59b0ae4a7e2c79375a2c19eccc7a29937bf77e88e3d,a86891db9b14bfc9c1ccf59b0ae4a7e2c79375a2c19eccc7a29937bf77e88e3d,unchanged
reports/PACKAGE_VALIDATION.md,1007,1772,f3c3ef276545f0326440f8400931a618a7d0ceacd841d5fd8378a110fce8696e,abef0fd3d10c836b241987e48d64c028f78e66907c6fde060d58c6cbbdc54e4e,modified
reports/PCG_FIX_BASELINE_PRESERVATION_SUMMARY.md,842,,e4bebf9fca23de7a8ad387593501fd9236924eaf27a00457321a47e902bb8319,,removed
reports/PCG_FIX_DUAL_ALGEBRA_VALIDATION.csv,938,,a96ae8afb8c185dfa6722db94905579399be7fc6215132cf0e1bc28a7cbcb778,,removed
reports/PCG_FIX_MODIFIED_FILES.csv,3031,,3305f990c8feb205471f66c3205643bd27934481b5095ed75e966668f5a5c03a,,removed
reports/PCG_FIX_NEW_FILES.csv,962,,41b9d81e023d574845a26e6275e7eea553a12ae1a447d2fc3215190b56ecc71e,,removed
reports/PCG_FIX_STATIC_AND_MATHEMATICAL_VALIDATION.md,1391,,e6aa56d8db1db8047431d1aad4201c5ec7af332ca0f8186cf84f18471563a3b5,,removed
reports/PYTHON_NOTEBOOK_PRESERVATION.csv,5142,5142,bc64d64a7401598aa04bea38a9232599c4f0c404b5d8c79e2703e2423c110bba,bc64d64a7401598aa04bea38a9232599c4f0c404b5d8c79e2703e2423c110bba,unchanged
reports/RESULTS_AND_ARTIFACT_INDEX.md,3446,1944,0f3cd358ad3a37267f08e79b3be763ca11edef8eda00fd778d9cd3074e92be51,293206c790a386e13b6461c90afc2e75b7b8a162078d779b5704f005f028351d,modified
reports/ROBUST_NORM_EXACT_FALLBACK_AUDIT_2026-07-30.md,4097,,467796ce0d3b949503fe2c9fdcc08caa3977b4f22f15c1fd95239913c3d78ae0,,removed
reports/ROBUST_NORM_IRLS_AUDIT_2026-07-30.md,5161,,da78a1ce1f42b9cfb39361fa2da275eeb484f57f48d5445532020c31dfa53cba,,removed
reports/ROBUST_NORM_IRLS_NUMERICAL_FLOOR_AUDIT_2026-07-30.md,2160,,fe0feadcce11b260d094df70b08c597cf15a3841c41f21815f3a1cc0a1b40ad1,,removed
reports/ROBUST_NORM_TEST_CONTRACT_AUDIT_2026-07-30.md,1821,,8d68db925ac7a0671edfdb23f8772add1c8592dc218ee2924f75ffca7ebc04e5,,removed
reports/ROBUST_NORM_TEST_CONTRACT_MODIFIED_FILES.csv,703,,827616cfd5a0d7852cbfbdb150facecdf55b9b9195809f71cb89caebef58adb3,,removed
reports/STATIC_VALIDATION.md,6418,30673,8931af1cd415d9d76bf3953c58972642e4a993f0b2f3b0da5d878d7e389836de,3cb8cad233cacad45bf56ebc38640cf4262d2a9bb7b574a43d4a87861f5a860a,modified
reports/UPDATED_FILES_MANIFEST.csv,3008,,a6c52e33385dcd19c9ddbc31359582c9158d2fe37266ff4b3c680188258bd2e5,,removed
results_analysis/M3F Use Case Debug.ipynb,69955,69955,c1120b2dcfc549361b0c9f671bbc7d9475debdab2afd3e145c23f1b19c97dd19,c1120b2dcfc549361b0c9f671bbc7d9475debdab2afd3e145c23f1b19c97dd19,unchanged
results_analysis/M3F_Use_Case.ipynb,1709,1709,e890aa60ad35c53b4de82274da8734bcb5cf12641ece8e2beb10d3a3a9a0eaf8,e890aa60ad35c53b4de82274da8734bcb5cf12641ece8e2beb10d3a3a9a0eaf8,unchanged
results_analysis/Safi Use Case.ipynb,225243,225243,6232d8eb4c40462cdf27b2c1158810c3c2b9d46672b3319475506fab3e06078c,6232d8eb4c40462cdf27b2c1158810c3c2b9d46672b3319475506fab3e06078c,unchanged
results_analysis/Synthetic Experiments.ipynb,79306,79306,447108c8aca78bd1fc817b3dba996c2cd0b37aebfc076c8178dddb298d65612d,447108c8aca78bd1fc817b3dba996c2cd0b37aebfc076c8178dddb298d65612d,unchanged
results_analysis/Synthetic_Experiments_ARO_02_17.ipynb,148039,148039,5b93710add300c9bd0907a458d06b1e55ae973037ea56edc53afe5fe0d92e2dd,5b93710add300c9bd0907a458d06b1e55ae973037ea56edc53afe5fe0d92e2dd,unchanged
results_analysis/synthetic_results_report.py,11162,11162,39f338463186111418f8d1e94b098df8928263d4cf3c9cb893d861a45b1bd949,39f338463186111418f8d1e94b098df8928263d4cf3c9cb893d861a45b1bd949,unchanged
results_beta/model_errors.csv,235133,235133,722c49d9db965d1770f3c37a2842b200f844b320c4e6e84de15e510386675b4a,722c49d9db965d1770f3c37a2842b200f844b320c4e6e84de15e510386675b4a,unchanged
results_full_benchmark/RUN_INFO.md,2340,2340,18ee99cef19f81c97f6a16bfa1b79c5398759c90bd282d90ef4aaf376f961f9b,18ee99cef19f81c97f6a16bfa1b79c5398759c90bd282d90ef4aaf376f961f9b,unchanged
results_full_benchmark_preprocessed/RUN_INFO.md,2061,2061,000ee290ee7ae4916db78f98f68239a896cb8b3de9cb3366d5ea7021e32562a9,000ee290ee7ae4916db78f98f68239a896cb8b3de9cb3366d5ea7021e32562a9,unchanged
results_summary/RMSE_vs_Bias_Drift_range.png,75236,75236,b126f1777aa832e361238494bb91257d568b97b3ef56f0356ebcd10aa6c133d2,b126f1777aa832e361238494bb91257d568b97b3ef56f0356ebcd10aa6c133d2,unchanged
results_summary/best_RMSE_per_method.png,81509,81509,38a7a2b715e32befb5f2f884b57bf944e91d13e194c00d939fb5c50fd2bf5dda,38a7a2b715e32befb5f2f884b57bf944e91d13e194c00d939fb5c50fd2bf5dda,unchanged
results_transformer_comparison/RUN_INFO.md,1297,1297,de4f0545c4c1791eb3d35a537d3830570d45a2827de3a6d33d2ba6815071348c,de4f0545c4c1791eb3d35a537d3830570d45a2827de3a6d33d2ba6815071348c,unchanged
run_M3F.sh,524,524,f6794997be1b76b8fe0cc7249881176e3702b6f9d34343d55699ef4cf1074d43,f6794997be1b76b8fe0cc7249881176e3702b6f9d34343d55699ef4cf1074d43,unchanged
scripts/model_run.sh,5869,5869,48159f9de04bbedc5aaf52beccf19ab5a86cd08677e97d422a2595d4f585c405,48159f9de04bbedc5aaf52beccf19ab5a86cd08677e97d422a2595d4f585c405,unchanged
scripts/plot_smoke_results.jl,11796,11796,2e149ba04c26be0cf8e1c2a6edb98cbbe2274f2dd2e3c165d3eb36fbd117a111,2e149ba04c26be0cf8e1c2a6edb98cbbe2274f2dd2e3c165d3eb36fbd117a111,unchanged
scripts/plot_transformer_comparison.jl,13914,13914,5ccbbf0409b0db96b14b1da52d47e8cda963ec16cab94979a232848b41098dea,5ccbbf0409b0db96b14b1da52d47e8cda963ec16cab94979a232848b41098dea,unchanged
scripts/publication/gurobi_preflight.jl,210,210,13256dd1d87aaca8e39092dfad98bbcc404e1d6cba82b7aceca305aa789ad433,13256dd1d87aaca8e39092dfad98bbcc404e1d6cba82b7aceca305aa789ad433,unchanged
scripts/publication/migrate_after_irls_fix.jl,13516,,0896abe24551d586b5648acb62e3cb8b07cd687f64044bf7e2533165e00d3a39,,removed
scripts/publication/migrate_after_irls_fix.ps1,1415,,4b336db066fedc7b70694042e5cb7759c1c2c5e380aff310061f4e18c409d25b,,removed
scripts/publication/migrate_after_pcg_fix.jl,14354,,b74a6602de3697335d10262d994321b038ab83ac87d538bfc5089d2f614debfa,,removed
scripts/publication/migrate_after_pcg_fix.ps1,1406,,340e227a279117c615c5f79dd4ff20836cc9c88c3d12d26a8105e55c0f1a2148,,removed
scripts/publication/run_audit.jl,230,230,d705bc59737f9b8e765ba969d6e4ce776d5169d7e95f0616baa98e2255f45bce,d705bc59737f9b8e765ba969d6e4ce776d5169d7e95f0616baa98e2255f45bce,unchanged
scripts/publication/run_full_detached.ps1,439,439,a0b634df658dcdc74cd736dab22882b18e8e03f0639d3dacec7d3fa577df1a78,a0b634df658dcdc74cd736dab22882b18e8e03f0639d3dacec7d3fa577df1a78,unchanged
scripts/publication/run_full_detached.sh,2771,2771,3ec11cbdbb5884dcda9c2ecc242e33468d095943aff14daa5cb248dd54b3546b,3ec11cbdbb5884dcda9c2ecc242e33468d095943aff14daa5cb248dd54b3546b,unchanged
scripts/publication/run_high_dim_solver_diagnostic.jl,3896,,64be951c91899a971015a3abb2663ccdf94e119f1f5a04b787b75963e263ce00,,removed
scripts/publication/run_high_dim_solver_diagnostic.ps1,738,,88112ccf42da93ecdc33d4ca723241b58d19cc981ba374524de3b095d98523ab,,removed
scripts/publication/run_manuscript_sweeps.jl,249,249,2199857a535a769db94e320316537636737c97222a4039535fab94347555970a,2199857a535a769db94e320316537636737c97222a4039535fab94347555970a,unchanged
scripts/publication/run_original_examples.ps1,1315,1315,149b8fd88e92d981587140fb59ba9268fa7a0867deb98cf8334068d883b7a04c,149b8fd88e92d981587140fb59ba9268fa7a0867deb98cf8334068d883b7a04c,unchanged
scripts/publication/run_original_examples.sh,1133,1133,a3ab2b5fbd5ce1ee9dbe292c8a3f91a85e7870b82de33d283e83659400427ab4,a3ab2b5fbd5ce1ee9dbe292c8a3f91a85e7870b82de33d283e83659400427ab4,unchanged
scripts/publication/run_publication_suite.jl,214,214,d7066641e65780f742cbeb87e6ed1d2bd71931d6d3851e3f2076c50da8a2c7e3,d7066641e65780f742cbeb87e6ed1d2bd71931d6d3851e3f2076c50da8a2c7e3,unchanged
scripts/publication/run_real_world.jl,235,235,8f47f565b443a75a9dc1f2d9717969d39083fb22e78c95a10e5b7e625f2d567c,8f47f565b443a75a9dc1f2d9717969d39083fb22e78c95a10e5b7e625f2d567c,unchanged
scripts/publication/run_robust_norm_energy_diagnostic.jl,5587,,9d0f673a11fe26a0e9eecc537579a7f4dbfa76038b0b9db225f18f5cd220c8ec,,removed
scripts/publication/run_robust_norm_energy_diagnostic.ps1,1139,,2d9b3cdaa018f4c529cff1b55223ad03c8bb8927ef453e0185ae8ed7027fff85,,removed
scripts/publication/run_runtime.jl,232,232,e521f6d1892799b56c99f38109523a6cb01fbdb3991a2de1ee41e839c0bd71fe,e521f6d1892799b56c99f38109523a6cb01fbdb3991a2de1ee41e839c0bd71fe,unchanged
scripts/publication/run_scheduled_task_wrapper.ps1,2141,2141,056be823cd049b0a27ce0c9b93f9472218400af88ba3c64f6bec0e20f0ec7fdf,056be823cd049b0a27ce0c9b93f9472218400af88ba3c64f6bec0e20f0ec7fdf,unchanged
scripts/publication/run_sensitivity.jl,236,236,90c7f278c02bfce6f9070b8c9ef179244cb3c8adeab28816b714d66bad7ff18a,90c7f278c02bfce6f9070b8c9ef179244cb3c8adeab28816b714d66bad7ff18a,unchanged
scripts/publication/run_status.jl,231,231,66133bd769481aec04f5582eca933fdf01fe8cd5382bacbd0c68962060525807,66133bd769481aec04f5582eca933fdf01fe8cd5382bacbd0c68962060525807,unchanged
scripts/publication/run_stress.jl,231,231,61bbe481b393ae9882889b9af89196aef5144e228d3288a6d75e5d8154113636,61bbe481b393ae9882889b9af89196aef5144e228d3288a6d75e5d8154113636,unchanged
scripts/publication/run_synthetic.jl,234,234,83bcf0805b57fc1988d073b8267bbebb212052996f6ac87ca534908f370c0992,83bcf0805b57fc1988d073b8267bbebb212052996f6ac87ca534908f370c0992,unchanged
scripts/publication/run_verification.jl,244,244,ee625455ef3b732e83a22d890586675b1bda0f052d97c77b760a60d8d442b8e1,ee625455ef3b732e83a22d890586675b1bda0f052d97c77b760a60d8d442b8e1,unchanged
scripts/publication/setup_unix.sh,954,954,aeb7544b1f56c80400e318ee16d6aa28beb6afb74dc5a05996496ed28f2f2a40,aeb7544b1f56c80400e318ee16d6aa28beb6afb74dc5a05996496ed28f2f2a40,unchanged
scripts/publication/setup_windows.ps1,1442,1625,035fefee654d4de943c2fce05eeecf0449ecdbe02c8dae82ff90001b5b7ae88c,283d345cde9152b3dea78e43175544f939b61f70597a5e85c03971b4231562c8,modified
scripts/publication/show_codex_run.ps1,4598,4598,451d25767cc20916b34c33e5c2c67b316f7950d14cc5408e3da695a6c97f80ae,451d25767cc20916b34c33e5c2c67b316f7950d14cc5408e3da695a6c97f80ae,unchanged
scripts/publication/show_results.jl,3093,3919,0647eeb035696d2e6834fba46abb893d09a9d1349357d4d20eb909bb0af4dce9,31d021eaa804c3085fa1cf4f6fca84f9944458616223cc5414f09ec7c67e57d5,modified
scripts/publication/show_results.ps1,523,523,5bcd5694ca28d0ba858d45b538aea926a189ea6ceef5bb6141d12ce42650fcb3,5bcd5694ca28d0ba858d45b538aea926a189ea6ceef5bb6141d12ce42650fcb3,unchanged
scripts/publication/show_results.sh,282,282,68839d2225685efd14c7bf03e0fe9d51a2c56004dcea34d02fe20d3ad8dce00d,68839d2225685efd14c7bf03e0fe9d51a2c56004dcea34d02fe20d3ad8dce00d,unchanged
scripts/publication/show_status.ps1,264,264,cb7920dc8f5c992d6be887ae2cbe603339ffbf2c845f6b612e7edf7ca3b449a8,cb7920dc8f5c992d6be887ae2cbe603339ffbf2c845f6b612e7edf7ca3b449a8,unchanged
scripts/publication/show_status.sh,499,499,a4299e7514caba2fc2df5009e8423e04f27b3213d657321afb264d58060e6e54,a4299e7514caba2fc2df5009e8423e04f27b3213d657321afb264d58060e6e54,unchanged
scripts/publication/start_codex_detached.ps1,9848,9848,aec8953c208fa299fc2694fd4ed813b69d7c33964ceb294a8de231e1463bef1c,aec8953c208fa299fc2694fd4ed813b69d7c33964ceb294a8de231e1463bef1c,unchanged
scripts/publication/stop_codex_run.ps1,1001,1001,6458b683ab34e0c4c2636905f304646328327d25d97c589380aff52d3ca5dd5e,6458b683ab34e0c4c2636905f304646328327d25d97c589380aff52d3ca5dd5e,unchanged
scripts/publication/verify_original_python_integrity.jl,2924,2924,f8d44047a503427530885b5f4e8a9088cea046db7cc1b78af33160623b1079aa,f8d44047a503427530885b5f4e8a9088cea046db7cc1b78af33160623b1079aa,unchanged
scripts/publication/verify_publication_artifacts.jl,17457,19072,c8f2c7cd7739a5be543bf54f934606822cf8c59263621ee2bcfce10d36869a12,d2bd975b4b059ee057fb21f3f1f85ff884c284a9574f1bc528dcc4d59a10b22c,modified
scripts/run_publication_suite.jl,239,239,cb19beb13e304b7d5b4efdf9614b590cbb4e41bf6c1c86820e04c4b074352fc5,cb19beb13e304b7d5b4efdf9614b590cbb4e41bf6c1c86820e04c4b074352fc5,unchanged
scripts/run_synthetic_benchmarks.sh,3454,3454,522fe9ef284dafd86c8b832c331fb7ea4a5f237df7714fffdb204563e2a3a1e3,522fe9ef284dafd86c8b832c331fb7ea4a5f237df7714fffdb204563e2a3a1e3,unchanged
scripts/run_synthetic_splits.sh,3503,3503,62c1eb7bbb4f2127c7af2ca7786eece003dbe02e29d6df65e11ab48a4c9390f7,62c1eb7bbb4f2127c7af2ca7786eece003dbe02e29d6df65e11ab48a4c9390f7,unchanged
src/AdaptiveEnsemblePublication.jl,2622,2622,41d86fea9566ba828f273d48f7655c4612c9b4398895d17a5bbd2bc715721c17,41d86fea9566ba828f273d48f7655c4612c9b4398895d17a5bbd2bc715721c17,unchanged
src/algos/OLS.jl,1824,1824,9ac40cfd727e14f7b6784e33e153bc52732f58021c3a198ba691c3fd5839a806,9ac40cfd727e14f7b6784e33e153bc52732f58021c3a198ba691c3fd5839a806,unchanged
src/algos/adaptive_linear_decision_rule.jl,8109,8109,5ea2c895660e49793d07f73d8f66443a5476f76afe9a8262ad806a10f03b8fe4,5ea2c895660e49793d07f73d8f66443a5476f76afe9a8262ad806a10f03b8fe4,unchanged
src/algos/benders.jl,5890,5890,7fa12e8a3eb9c36bba487d9e858934d44b02dfb86109d07f64a19b55faf98929,7fa12e8a3eb9c36bba487d9e858934d44b02dfb86109d07f64a19b55faf98929,unchanged
src/algos/decision_tree_ensembler.jl,3047,3047,984426db097be73827be9842ad3bce3982b73db956f43fe9045fa8c237110964,984426db097be73827be9842ad3bce3982b73db956f43fe9045fa8c237110964,unchanged
src/algos/fedformer.jl,21167,21167,d68088731d1c5d8a2981247af767f7d76d731d121696268826a18487ae3935c9,d68088731d1c5d8a2981247af767f7d76d731d121696268826a18487ae3935c9,unchanged
src/algos/gradient_boosting.jl,1445,1445,e4913724a6a3d9dc78734ce2b3ac674db815fc1af51d59b242aeccb01ad7bb6e,e4913724a6a3d9dc78734ce2b3ac674db815fc1af51d59b242aeccb01ad7bb6e,unchanged
src/algos/hedge.jl,780,780,910347b2ef7a316706b78b420cd987d71b922ebcd126a4a02c8eb1e299a5fc33,910347b2ef7a316706b78b420cd987d71b922ebcd126a4a02c8eb1e299a5fc33,unchanged
src/algos/informer.jl,15366,15366,4871a8155e2bca7d7a5d092e678d3a601355e94791941c6611645b0e5b735602,4871a8155e2bca7d7a5d092e678d3a601355e94791941c6611645b0e5b735602,unchanged
src/algos/master_primal.jl,4626,4626,f0b67f331a49eff55747fa1ffaa891aafa9c846ea7dd6d435c5fe451641206e9,f0b67f331a49eff55747fa1ffaa891aafa9c846ea7dd6d435c5fe451641206e9,unchanged
src/algos/multi_armed_bandits.jl,694,694,adf4c6461688494bf28b242d37eecd28d5f05717879d7add4ad9bcd526402175,adf4c6461688494bf28b242d37eecd28d5f05717879d7add4ad9bcd526402175,unchanged
src/algos/passive_agressive.jl,428,428,6f4a04d507e0b5ab7ff27a434d4bb47b29c1803d24054149ac57808ac284cc18,6f4a04d507e0b5ab7ff27a434d4bb47b29c1803d24054149ac57808ac284cc18,unchanged
src/algos/rls.jl,730,730,1b7f3232c002bc7cff12ccc9978c7c548c7a11a333c687c5743fff5afd8458ef,1b7f3232c002bc7cff12ccc9978c7c548c7a11a333c687c5743fff5afd8458ef,unchanged
src/eval.jl,12335,12335,0d00ae3ca3296745722aa4a68acc1cee93a42eb23824f4483467e81da4785d6d,0d00ae3ca3296745722aa4a68acc1cee93a42eb23824f4483467e81da4785d6d,unchanged
src/eval2.jl,22657,22657,7865657e0cc0055bf3f800b88868a1efc079dee1171054ce7a632c8e4a1875e6,7865657e0cc0055bf3f800b88868a1efc079dee1171054ce7a632c8e4a1875e6,unchanged
src/eval_hurricane.jl,22965,22965,2601eb10719e37c456ba12873f964dfd2a0a8754bbf8d5a7a0c1782bd4b3fdcc,2601eb10719e37c456ba12873f964dfd2a0a8754bbf8d5a7a0c1782bd4b3fdcc,unchanged
src/main.jl,10174,10174,7be678b64cd3998d983da2d21f406b18ed9d1edac593ff0b69fee47430ff307d,7be678b64cd3998d983da2d21f406b18ed9d1edac593ff0b69fee47430ff307d,unchanged
src/main_hurricane.jl,13646,13646,3f66c61460f8328e0c3899ddabeb98428474ec66edcd4468af51ed864adfd31a,3f66c61460f8328e0c3899ddabeb98428474ec66edcd4468af51ed864adfd31a,unchanged
src/main_hypertune.jl,9782,9782,ddf568bb2b4244fd688f4923e69723a1b04066544a43d5497bd43a14b929f305,ddf568bb2b4244fd688f4923e69723a1b04066544a43d5497bd43a14b929f305,unchanged
src/main_synthetic.jl,10895,10895,d8c7912db0d0908f913ee223fff00939a68d1b2617d3b703784f17198d4d3e39,d8c7912db0d0908f913ee223fff00939a68d1b2617d3b703784f17198d4d3e39,unchanged
src/main_synthetic_parallel.jl,12362,12362,527f5d9a1e6ef059bd77db1110481d110f31f9317f8f4ada934f4897aa90ecb4,527f5d9a1e6ef059bd77db1110481d110f31f9317f8f4ada934f4897aa90ecb4,unchanged
src/metrics.jl,6313,6313,34a8bb43784a2014869a41fdccacf7a677bd2d1cf4157fc202af68f31f50af4b,34a8bb43784a2014869a41fdccacf7a677bd2d1cf4157fc202af68f31f50af4b,unchanged
src/publication/adaptive_ridge.jl,55324,55324,8883e455189c410849cf1f700025b951ce5f09776bdfad139b221a80a3e250de,8883e455189c410849cf1f700025b951ce5f09776bdfad139b221a80a3e250de,unchanged
src/publication/baselines.jl,27443,27443,368dd7c5056f321263b3c80f800c419e2df5ffd24024860b84ef621a50d8cc32,368dd7c5056f321263b3c80f800c419e2df5ffd24024860b84ef621a50d8cc32,unchanged
src/publication/cli.jl,12182,12712,d31d4a251e9d270385cffe3d5b3aa076f16cbf617ea10ba698a2823a3c7e5e58,0a2784e56c683b2d8c7171814f28167a10d8256cc82d1496039b1ac4294cff1d,modified
src/publication/datasets.jl,11902,11902,dfd32521e2ac0afeaa83d42b9f4b7f2936c31fc79f3dd48e233fd7cc61038e53,dfd32521e2ac0afeaa83d42b9f4b7f2936c31fc79f3dd48e233fd7cc61038e53,unchanged
src/publication/experiments.jl,82059,82172,89e249a95d0f58e8da72a25d989d443f18030b8228387128b9a04ef5a1009a6f,373cd53813a08e88c49085eb33da0a20b968c813494bb57fd5080bfec526858b,modified
src/publication/features.jl,8303,8303,ca34eb6c49c0cccd9ef6a359aece77873a29dcafc9f57a0f5795a4ae7675b13c,ca34eb6c49c0cccd9ef6a359aece77873a29dcafc9f57a0f5795a4ae7675b13c,unchanged
src/publication/io_utils.jl,15966,15966,34f92586187ecd624a4009a927faa47b889bae82b38c3464372b99ec7ad9ef74,34f92586187ecd624a4009a927faa47b889bae82b38c3464372b99ec7ad9ef74,unchanged
src/publication/legacy_audit.jl,11894,11894,89c7da47b6b5e1a2d95a96aed3e7257f4613c6337a16a945f7fd7e3bd79ddef3,89c7da47b6b5e1a2d95a96aed3e7257f4613c6337a16a945f7fd7e3bd79ddef3,unchanged
src/publication/metrics.jl,2665,2665,f3801e800fb6159d170484612379d685795df1ada41a6b3959593c8565b6c3ad,f3801e800fb6159d170484612379d685795df1ada41a6b3959593c8565b6c3ad,unchanged
src/publication/runtime.jl,19582,19582,9e0f451116b3480e2a74dfdc0cd3612c5400c2efb077de2fdcd34a7fce921406,9e0f451116b3480e2a74dfdc0cd3612c5400c2efb077de2fdcd34a7fce921406,unchanged
src/publication/statistics.jl,8731,8731,c47553eccf6224399b82bf44a08027e10f53e2c47974a4b8d52e52d55fbea595,c47553eccf6224399b82bf44a08027e10f53e2c47974a4b8d52e52d55fbea595,unchanged
src/publication/svg_plots.jl,12209,12209,49756a0f8432520b35ddbb0ac51fb4c67ff05d5e05891924dc1f6fbab69061e8,49756a0f8432520b35ddbb0ac51fb4c67ff05d5e05891924dc1f6fbab69061e8,unchanged
src/publication/synthetic.jl,8188,8188,e72f22db8e3e45acc1f822e25ef3f5c41e2e8e07d6a5ca82769eb22e343fe373,e72f22db8e3e45acc1f822e25ef3f5c41e2e8e07d6a5ca82769eb22e343fe373,unchanged
src/publication/types.jl,3374,3374,370f3cd784907d5920544310ba9e6058d7ec723f8128f87972e247205f0bb41c,370f3cd784907d5920544310ba9e6058d7ec723f8128f87972e247205f0bb41c,unchanged
src/publication/validation.jl,33720,33720,df7ff293038442fd8972621fd8864abd8057968ff4f078f723a456be9c47f8bc,df7ff293038442fd8972621fd8864abd8057968ff4f078f723a456be9c47f8bc,unchanged
src/synthetic_experiments/Manifest.toml,17920,17920,85376403789168d14859ad9b9b359ab521c0c9305d6dc0f5ab3dd4f473aeae6d,85376403789168d14859ad9b9b359ab521c0c9305d6dc0f5ab3dd4f473aeae6d,unchanged
src/synthetic_experiments/Project.toml,324,324,ebc01e4ddab769f2a21f2073cbe16ebfcd565b0f34e39df4d49be59a58c6a8e0,ebc01e4ddab769f2a21f2073cbe16ebfcd565b0f34e39df4d49be59a58c6a8e0,unchanged
src/synthetic_experiments/utils_synthetic_experiments.jl,2486,2486,3f2fd0356de54a15ceebd89c8e3bf4300956e5531e2386e26e862c7e8ba7211f,3f2fd0356de54a15ceebd89c8e3bf4300956e5531e2386e26e862c7e8ba7211f,unchanged
src/transformer_args.jl,4718,4718,1ae0b1836f3fe896ee5ba50a20b880fc3388076955212e1572cdf93871acebb7,1ae0b1836f3fe896ee5ba50a20b880fc3388076955212e1572cdf93871acebb7,unchanged
src/utils.jl,2435,2435,ecb65a2821a41801f7c8ab95dc4a27060bfc697fb9e2524fb139db510618bb76,ecb65a2821a41801f7c8ab95dc4a27060bfc697fb9e2524fb139db510618bb76,unchanged
src/utils_hurricane.jl,4207,4207,804c9e73a3e1c864e67d9f1e7c266944344206543ecadfc74919d01411194ebb,804c9e73a3e1c864e67d9f1e7c266944344206543ecadfc74919d01411194ebb,unchanged
test/runtests.jl,26263,26848,f07dec32ead9eb6c81befd9f534265cf31520f1a974e0d1fbccb7313badd9d07,d4d014893231b58f55b77937043f6fd8e97e8936d957f815c09ab2020d8719e9,modified
