relative_path,bytes,sha256
data_preparation/Data_preparation_Stock_market.ipynb,39571,303d3aa3414d83594ccf5eb3384052081ed8dc8f585a600dfb857b8b5f0b93e8
data_preparation/Data_preparation_Traffic.ipynb,69403,b66bf6536812e11e3c5dcd7e2fd0315e48f68c40098433b5c3e6d80bfa8b1319
data_preparation/Hurricane Use Case.ipynb,91089,317787a5add92e217619f61a18388e2024a4d40ee3c2fe22bb58f19604e21df7
notebooks/Adaptive_Ensembling.ipynb,4260875,b2bdb07941aeb804ee5514e7d9bf5696996fbf85719c1724dfdd207729e565d6
notebooks/Adaptive_Julia_Regression.ipynb,368930,477ce1f9d9b968fb957fcba64d8e8cedc5786f5504a3e8a9c1a8a436ca36d719
notebooks/Results Analysis.ipynb,184541,dd669a88fdbe4fd1b652bcdee32b7665f9ae81bbf3b073818d7f0c80ccb54258
notebooks/Results Energy Analysis 05_04.ipynb,867884,22b120dde6c03cfda28040bf93ae3e4387e606f2c160c18c20a744887b4e0cf5
notebooks/Results Hurricanes Analysis 04_29-Copy1.ipynb,854268,986f403c61c730cfe81beae8fd31c67efe364d95d161f4902ebf7d69b1cd2373
notebooks/Results Hurricanes Analysis 04_29.ipynb,865126,16b1b4a709c0c2058b2ddb00edb9707277eea192075310ed940f293a236540ad
notebooks/Results Safi Analysis 05_04.ipynb,866918,a8ac1d3f0bace9d1d5ade70497388dc1bedb10fbc24d68008680ee77d1d518d4
notebooks/Results Synthetic Analysis 04_13.ipynb,655902,a6f9b849f7025eccb58c893601340aa466b0a0f435536c2e2df9d0747539aeaf
notebooks/Results Synthetic Analysis 06_05.ipynb,809473,c15da13eb0bea2c45d38071f90f0ddeb7b3c6e54de603a7d24ea1d79c4a8db12
notebooks/Results Synthetic Analysis Discrete Noise 05_10.ipynb,1041686,8579c7683575fdebbda1a01d60583254438d30a2291f358e26361e21c326ddcd
python_code/CVaR.py,1315,c1f064e50e2360923784b0284b1335b85acdf06e6ce16992b70b43b401dcacc7
python_code/adaptive_lad.py,6653,16c4b80efa1296b0de4c79ada8ea32d295fd8bf0c4ede1964df169df60212eea
python_code/adaptive_ridge.py,3305,c91f892b22c525ebf7de41baad3f40bf495d741e3c3ef59199cff30c48e08575
python_code/evaluate.py,2218,0092b256c41148488a6deef1a9ab22fceebd1b8be7496c3083f2a19ed7f14a36
python_code/least_absolute_deviation.py,2972,aad7f721b259737c4fcfbd64b262fb512c4d10b4c18dc21621abb3b72819db2b
python_code/least_squares.py,3173,163255458e0ebf53c04d2bfb7b69b261ef298e57345037024dac8a41a0bcd10f
python_code/load_data.py,2447,ac6be4d83246bd5174bd22783fcaf44ba0b5a04c1f1a2aea0df5f37e53f5c86b
python_code/main.py,2405,3a4f64ea3f9da37a074976920dff59528281beb0270e224f02a29ab3a9173548
python_code/model.py,1493,f91d69552d3637c45664c322c98e358116fb30718ab50f13789e6c127aa5ca6e
results_analysis/M3F Use Case Debug.ipynb,69955,c1120b2dcfc549361b0c9f671bbc7d9475debdab2afd3e145c23f1b19c97dd19
results_analysis/M3F_Use_Case.ipynb,1709,e890aa60ad35c53b4de82274da8734bcb5cf12641ece8e2beb10d3a3a9a0eaf8
results_analysis/Safi Use Case.ipynb,225243,6232d8eb4c40462cdf27b2c1158810c3c2b9d46672b3319475506fab3e06078c
results_analysis/Synthetic Experiments.ipynb,79306,447108c8aca78bd1fc817b3dba996c2cd0b37aebfc076c8178dddb298d65612d
results_analysis/Synthetic_Experiments_ARO_02_17.ipynb,148039,5b93710add300c9bd0907a458d06b1e55ae973037ea56edc53afe5fe0d92e2dd
results_analysis/synthetic_results_report.py,11162,39f338463186111418f8d1e94b098df8928263d4cf3c9cb893d861a45b1bd949
