condition_number,fit_seconds,iterations,lambda,linear_solver,n_parameters,objective_variant,preparation_seconds,residual_norm,solve_seconds,tau,validation_cvar_05,validation_mae,validation_rmse,method,converged,convergence_reason,exact_fallback_used,relative_change,relative_objective_change,stationarity_residual,fit_and_validation_seconds,window,forgetting,ridge,eta,gamma,seed,share,C,epsilon,variance_forgetting,epochs,hidden,learning_rate,weight_decay,max_depth,min_leaf,n_trees
239000.85440498026,0.0025908999999999997,0,0.0,cholesky,42,quadratic_stacked_beta,0.0024806,8.009573144599156e-16,0.0001103,1,0.9604043385299735,0.25990764390578114,0.35174926756904373,adaptive_ridge,,,,,,,,,,,,,,,,,,,,,,,,
238976.00822215097,0.0025802999999999998,0,1.0e-6,cholesky,42,quadratic_stacked_beta,0.0024806,1.1127192596867193e-15,9.97e-5,1,0.9604066794848458,0.2599081616805881,0.35174986234501526,adaptive_ridge,,,,,,,,,,,,,,,,,,,,,,,,
236544.4989428919,0.0025839,0,0.0001,cholesky,42,quadratic_stacked_beta,0.0024806,1.068481541120298e-15,0.0001033,1,0.9606352935390302,0.2599592579745047,0.35180914734755225,adaptive_ridge,,,,,,,,,,,,,,,,,,,,,,,,
216705.5587679256,0.0025884,0,0.001,cholesky,42,quadratic_stacked_beta,0.0024806,8.368949164595221e-16,0.0001078,1,0.9625836666409862,0.26044978622029014,0.35237534294073036,adaptive_ridge,,,,,,,,,,,,,,,,,,,,,,,,
119896.00650879013,0.0025912,0,0.01,cholesky,42,quadratic_stacked_beta,0.0024806,5.651340104093789e-16,0.0001106,1,0.9744550958421521,0.2655863129381149,0.3581033760240694,adaptive_ridge,,,,,,,,,,,,,,,,,,,,,,,,
22586.223548537575,0.0026178,0,0.1,cholesky,42,quadratic_stacked_beta,0.0024806,4.039372322023044e-16,0.0001372,1,0.9971890078180068,0.2840492000706707,0.3767787892569741,adaptive_ridge,,,,,,,,,,,,,,,,,,,,,,,,
2672.0659115480057,0.0026684,0,1.0,cholesky,42,quadratic_stacked_beta,0.0024806,4.756807952825795e-16,0.0001878,1,0.9941877373252269,0.29164756174906514,0.3846927250936304,adaptive_ridge,,,,,,,,,,,,,,,,,,,,,,,,
1448.2720506425642,0.0027239,0,2.0,cholesky,42,quadratic_stacked_beta,0.0024806,3.3426344319495e-16,0.0002433,1,1.033761957135176,0.3072985409574382,0.4054692238454743,adaptive_ridge,,,,,,,,,,,,,,,,,,,,,,,,
856126.3436353058,0.0285574,0,0.0,cholesky,78,quadratic_stacked_beta,0.0282026,2.3308385991328443e-15,0.0003548,2,0.9658260369460949,0.2585948089874161,0.352526570663801,adaptive_ridge,,,,,,,,,,,,,,,,,,,,,,,,
856028.6817812665,0.0285747,0,1.0e-6,cholesky,78,quadratic_stacked_beta,0.0282026,1.7518678681497135e-15,0.0003721,2,0.9658273055105442,0.2585955686448207,0.35252736962444003,adaptive_ridge,,,,,,,,,,,,,,,,,,,,,,,,
846488.2762911627,0.0285785,0,0.0001,cholesky,78,quadratic_stacked_beta,0.0282026,1.7565816800070707e-15,0.0003759,2,0.965958577706688,0.25867016520015523,0.35260668129730255,adaptive_ridge,,,,,,,,,,,,,,,,,,,,,,,,
769850.4154997825,0.0285906,0,0.001,cholesky,78,quadratic_stacked_beta,0.0282026,1.7303145495262741e-15,0.000388,2,0.9672207966433801,0.2593774372694983,0.35334128339510046,adaptive_ridge,,,,,,,,,,,,,,,,,,,,,,,,
418340.72436500294,0.028573400000000002,0,0.01,cholesky,78,quadratic_stacked_beta,0.0282026,1.3772086887399452e-15,0.0003708,2,0.9765944656844457,0.266036562101964,0.3602068260773876,adaptive_ridge,,,,,,,,,,,,,,,,,,,,,,,,
79607.96675946964,0.0285825,0,0.1,cholesky,78,quadratic_stacked_beta,0.0282026,7.187384832470375e-16,0.0003799,2,1.002969254809876,0.28626430156227595,0.38083734396495394,adaptive_ridge,,,,,,,,,,,,,,,,,,,,,,,,
9448.044513249231,0.028562900000000002,0,1.0,cholesky,78,quadratic_stacked_beta,0.0282026,4.946519611359243e-16,0.0003603,2,1.0033848235860774,0.2924848219061776,0.38624621824335204,adaptive_ridge,,,,,,,,,,,,,,,,,,,,,,,,
5100.59292514439,0.0286964,0,2.0,cholesky,78,quadratic_stacked_beta,0.0282026,6.749717169516588e-16,0.0004938,2,1.0402656698404442,0.3072801453995009,0.40561177567799694,adaptive_ridge,,,,,,,,,,,,,,,,,,,,,,,,
1.9926776295103126e6,0.0099568,0,0.0,cholesky,114,quadratic_stacked_beta,0.0089476,3.02062072213946e-15,0.0010092,3,0.9675558139543495,0.25923843432841687,0.35316699165834514,adaptive_ridge,,,,,,,,,,,,,,,,,,,,,,,,
1.9924596940617003e6,0.0099484,0,1.0e-6,cholesky,114,quadratic_stacked_beta,0.0089476,3.181308457439212e-15,0.0010008,3,0.9675559573064023,0.2592391621910171,0.35316762489047654,adaptive_ridge,,,,,,,,,,,,,,,,,,,,,,,,
1.9711487451219175e6,0.0100698,0,0.0001,cholesky,114,quadratic_stacked_beta,0.0089476,3.023685223154311e-15,0.0011222,3,0.9675687375373818,0.25931203049148965,0.3532308554463841,adaptive_ridge,,,,,,,,,,,,,,,,,,,,,,,,
1.798499309032181e6,0.0098455,0,0.001,cholesky,114,quadratic_stacked_beta,0.0089476,2.9937941247344486e-15,0.0008979,3,0.9677510161446653,0.2600445994852387,0.35384466918185437,adaptive_ridge,,,,,,,,,,,,,,,,,,,,,,,,
983019.8499359624,0.0099161,0,0.01,cholesky,114,quadratic_stacked_beta,0.0089476,2.023191304539584e-15,0.0009685,3,0.972955150017774,0.267237538294852,0.36037934538174915,adaptive_ridge,,,,,,,,,,,,,,,,,,,,,,,,
186345.46808288977,0.0098812,0,0.1,cholesky,114,quadratic_stacked_beta,0.0089476,8.624747051759176e-16,0.0009336,3,0.9978192891443652,0.2870315681360989,0.3806011066919328,adaptive_ridge,,,,,,,,,,,,,,,,,,,,,,,,
22050.83943243473,0.0099467,0,1.0,cholesky,114,quadratic_stacked_beta,0.0089476,7.608680956817947e-16,0.0009991,3,0.9968844047231039,0.2918278632685993,0.3849465686059257,adaptive_ridge,,,,,,,,,,,,,,,,,,,,,,,,
11886.809767278464,0.0099608,0,2.0,cholesky,114,quadratic_stacked_beta,0.0089476,5.158877865014244e-16,0.0010132,3,1.0350073586240573,0.30704137752288074,0.4042406712425804,adaptive_ridge,,,,,,,,,,,,,,,,,,,,,,,,
4.227974534755281e6,0.0383579,0,0.0,cholesky,186,quadratic_stacked_beta,0.035288,6.159235723294278e-15,0.0030699,5,0.960277705344394,0.2584152054629501,0.3520657111465429,adaptive_ridge,,,,,,,,,,,,,,,,,,,,,,,,
4.227470135703112e6,0.0382806,0,1.0e-6,cholesky,186,quadratic_stacked_beta,0.035288,7.736969470440498e-15,0.0029926,5,0.9602768172210934,0.2584157439205082,0.3520661909936658,adaptive_ridge,,,,,,,,,,,,,,,,,,,,,,,,
4.1782274172265646e6,0.0383587,0,0.0001,cholesky,186,quadratic_stacked_beta,0.035288,6.818150645976847e-15,0.0030707,5,0.960189944043741,0.2584696405454559,0.35211522433317144,adaptive_ridge,,,,,,,,,,,,,,,,,,,,,,,,
3.784671231051635e6,0.0383814,0,0.001,cholesky,186,quadratic_stacked_beta,0.035288,6.7445988651926755e-15,0.0030934,5,0.959744117780727,0.2590385785829992,0.3526680305946913,adaptive_ridge,,,,,,,,,,,,,,,,,,,,,,,,
2.016799977052115e6,0.0383937,0,0.01,cholesky,186,quadratic_stacked_beta,0.035288,4.2126611107566705e-15,0.0031057,5,0.9704287733123013,0.2665128607995916,0.3597813764866827,adaptive_ridge,,,,,,,,,,,,,,,,,,,,,,,,
376094.4789766483,0.0381409,0,0.1,cholesky,186,quadratic_stacked_beta,0.035288,1.4718587540969318e-15,0.0028529,5,0.9978251592600969,0.28710291894186996,0.380773531145697,adaptive_ridge,,,,,,,,,,,,,,,,,,,,,,,,
44355.181433816964,0.038229,0,1.0,cholesky,186,quadratic_stacked_beta,0.035288,1.0190294348093824e-15,0.002941,5,0.9919550860648626,0.2924699593963366,0.3852572166578581,adaptive_ridge,,,,,,,,,,,,,,,,,,,,,,,,
23899.05590842484,0.0383616,0,2.0,cholesky,186,quadratic_stacked_beta,0.035288,6.957467179462814e-16,0.0030736,5,1.0337433728862504,0.30896225110538084,0.4055783348637568,adaptive_ridge,,,,,,,,,,,,,,,,,,,,,,,,
6.218103184685307e6,0.0519778,0,0.0,cholesky,258,quadratic_stacked_beta,0.0410747,1.053636743370662e-14,0.0109031,7,0.9625679836233714,0.25917123604995185,0.3522003415159823,adaptive_ridge,,,,,,,,,,,,,,,,,,,,,,,,
6.217244042343191e6,0.0550096,0,1.0e-6,cholesky,258,quadratic_stacked_beta,0.0410747,9.50815682538244e-15,0.0139349,7,0.9625686229310509,0.259171971491482,0.35220138611569346,adaptive_ridge,,,,,,,,,,,,,,,,,,,,,,,,
6.133628378718732e6,0.0485427,0,0.0001,cholesky,258,quadratic_stacked_beta,0.0410747,9.874883156542971e-15,0.007468,7,0.9626290879972914,0.2592477209542946,0.35230562560785716,adaptive_ridge,,,,,,,,,,,,,,,,,,,,,,,,
5.48228669420724e6,0.0483846,0,0.001,cholesky,258,quadratic_stacked_beta,0.0410747,9.498577016504574e-15,0.0073099,7,0.9629666291762349,0.26010057600444864,0.35330227165549405,adaptive_ridge,,,,,,,,,,,,,,,,,,,,,,,,
2.8023913108536373e6,0.0477222,0,0.01,cholesky,258,quadratic_stacked_beta,0.0410747,6.0568949164682e-15,0.0066475,7,0.9744789916924889,0.26842543934633994,0.362233354686754,adaptive_ridge,,,,,,,,,,,,,,,,,,,,,,,,
508227.86460540496,0.051128099999999996,0,0.1,cholesky,258,quadratic_stacked_beta,0.0410747,2.3059411528447953e-15,0.0100534,7,1.006701678194751,0.2886278105113893,0.38304410415990736,adaptive_ridge,,,,,,,,,,,,,,,,,,,,,,,,
59596.81355080381,0.0475463,0,1.0,cholesky,258,quadratic_stacked_beta,0.0410747,1.026889591767227e-15,0.0064716,7,0.9913094123243701,0.2929906387983502,0.3852767432904194,adaptive_ridge,,,,,,,,,,,,,,,,,,,,,,,,
32100.636615018866,0.0476906,0,2.0,cholesky,258,quadratic_stacked_beta,0.0410747,9.634036325230256e-16,0.0066159,7,1.034219107464181,0.3098238354398534,0.4062157297796124,adaptive_ridge,,,,,,,,,,,,,,,,,,,,,,,,
1.1122548957283612e7,0.1351236,0,0.0,cholesky,366,quadratic_stacked_beta,0.0566132,1.4917519682775913e-14,0.0785104,10,0.9706083204291249,0.25958704944993394,0.3526371867847071,adaptive_ridge,,,,,,,,,,,,,,,,,,,,,,,,
1.1120576215228371e7,0.0801559,0,1.0e-6,cholesky,366,quadratic_stacked_beta,0.0566132,1.2830472758963684e-14,0.0235427,10,0.9706048045040784,0.25958701141146057,0.35263678344080723,adaptive_ridge,,,,,,,,,,,,,,,,,,,,,,,,
1.0929353091291873e7,0.07511960000000001,0,0.0001,cholesky,366,quadratic_stacked_beta,0.0566132,1.3834327040436828e-14,0.0185064,10,0.9702652839972576,0.25959005622228615,0.35260205950729345,adaptive_ridge,,,,,,,,,,,,,,,,,,,,,,,,
9.489860454535494e6,0.0745099,0,0.001,cholesky,366,quadratic_stacked_beta,0.0566132,1.3814357518488752e-14,0.0178967,10,0.9682844656553241,0.2597418741517993,0.3526296787633326,adaptive_ridge,,,,,,,,,,,,,,,,,,,,,,,,
4.364670699822201e6,0.0759583,0,0.01,cholesky,366,quadratic_stacked_beta,0.0566132,7.963299244954259e-15,0.0193451,10,0.9739920979744051,0.26540609207643845,0.35889661296521164,adaptive_ridge,,,,,,,,,,,,,,,,,,,,,,,,
738579.2208720167,0.0762447,0,0.1,cholesky,366,quadratic_stacked_beta,0.0566132,3.0045129399401048e-15,0.0196315,10,1.0022083092017728,0.28541121292479893,0.38026475704596957,adaptive_ridge,,,,,,,,,,,,,,,,,,,,,,,,
85687.46555676189,0.074882,0,1.0,cholesky,366,quadratic_stacked_beta,0.0566132,1.4650403203608234e-15,0.0182688,10,0.9999179422558897,0.2933525086993383,0.3862418243562335,adaptive_ridge,,,,,,,,,,,,,,,,,,,,,,,,
46145.84998471589,0.08089070000000001,0,2.0,cholesky,366,quadratic_stacked_beta,0.0566132,1.1593685307459625e-15,0.0242775,10,1.0430267026739979,0.31159935103589476,0.4085197525627928,adaptive_ridge,,,,,,,,,,,,,,,,,,,,,,,,
,0.0054148,2,0.0,irls+cholesky,42,norm_plus_norm_irls,0.0044874,,0.0001929,1,0.9604043385299735,0.25990764390578114,0.35174926756904373,adaptive_robust_norm,true,iterate_objective_and_strict_stationarity,false,0.0,0.0,4.033481409465495e-16,,,,,,,,,,,,,,,,,,
,0.005396,2,1.0e-6,irls+cholesky,42,norm_plus_norm_irls,0.0044874,,0.00019769999999999998,1,0.9604050447679545,0.25990780010344205,0.35174944697973604,adaptive_robust_norm,true,strict_smoothed_stationarity,false,6.048421353470701e-8,3.197841844119765e-16,4.9108048402243165e-15,,,,,,,,,,,,,,,,,,
,0.0053782,2,0.0001,irls+cholesky,42,norm_plus_norm_irls,0.0044874,,0.0001959,1,0.960474794907986,0.2599232640674714,0.351767277314745,adaptive_robust_norm,true,strict_smoothed_stationarity,false,5.46599823989552e-5,6.847931495145699e-11,4.4684325682079167e-10,,,,,,,,,,,,,,,,,,
,0.0058633999999999995,3,0.001,irls+cholesky,42,norm_plus_norm_irls,0.0044874,,0.0003095,1,0.9610949840451418,0.2600685064432126,0.3519353727130194,adaptive_robust_norm,true,strict_smoothed_stationarity,false,8.841593524062575e-5,1.8654709010219564e-10,7.30530906632479e-9,,,,,,,,,,,,,,,,,,
,0.0072675,6,0.01,irls+cholesky,42,norm_plus_norm_irls,0.0044874,,0.0006129,1,0.9669024212478111,0.26198170050411834,0.3540791174178718,adaptive_robust_norm,true,objective_and_practical_stationarity,false,7.368521430957095e-5,1.814043626449835e-10,6.850584268898586e-8,,,,,,,,,,,,,,,,,,
,0.0082416,8,0.1,irls+cholesky,42,norm_plus_norm_irls,0.0044874,,0.0009094999999999999,1,0.9956771269883138,0.2817303108737502,0.3745469725992407,adaptive_robust_norm,true,objective_and_practical_stationarity,false,9.420791103820429e-6,7.606224140643036e-12,8.965810301032962e-8,,,,,,,,,,,,,,,,,,
,0.013704000000000001,19,1.0,irls+cholesky,42,norm_plus_norm_irls,0.0044874,,0.0023616,1,1.0027471629699973,0.29553771584156197,0.3897991577772478,adaptive_robust_norm,true,objective_and_practical_stationarity,false,1.2966505385535165e-7,4.794791281741401e-14,7.19812402156006e-8,,,,,,,,,,,,,,,,,,
,0.2380181,156,2.0,irls+cholesky,42,norm_plus_norm_irls,0.0044874,,0.023386800000000006,1,1.5197193944755105,0.46372483627301214,0.607610868910735,adaptive_robust_norm,true,objective_and_practical_stationarity,false,1.6884787308109085e-8,2.2032854326935466e-15,9.739604844186827e-8,,,,,,,,,,,,,,,,,,
,0.0064700999999999995,2,0.0,irls+cholesky,78,norm_plus_norm_irls,0.0047921,,0.000771,2,0.9658260369460949,0.2585948089874161,0.352526570663801,adaptive_robust_norm,true,iterate_objective_and_strict_stationarity,false,0.0,0.0,1.1623426359431199e-15,,,,,,,,,,,,,,,,,,
,0.0067516,2,1.0e-6,irls+cholesky,78,norm_plus_norm_irls,0.0047921,,0.0009662,2,0.9658264197339435,0.2585950381973994,0.35252681171415123,adaptive_robust_norm,true,strict_smoothed_stationarity,false,3.8648680124127604e-8,4.918667149036363e-16,5.114039732011243e-15,,,,,,,,,,,,,,,,,,
,0.007424399999999999,2,0.0001,irls+cholesky,78,norm_plus_norm_irls,0.0047921,,0.0012912000000000002,2,0.9658641764490373,0.25861771371065234,0.3525507377012204,adaptive_robust_norm,true,strict_smoothed_stationarity,false,3.5002553892609196e-5,6.905495799399347e-11,4.416431227294202e-10,,,,,,,,,,,,,,,,,,
,0.0082727,3,0.001,irls+cholesky,78,norm_plus_norm_irls,0.0047921,,0.0015257,2,0.9662527893082724,0.2588264894955282,0.35277370052927964,adaptive_robust_norm,true,strict_smoothed_stationarity,false,5.760147588103443e-5,1.9498120609298804e-10,7.358171413956719e-9,,,,,,,,,,,,,,,,,,
,0.015549299999999999,6,0.01,irls+cholesky,78,norm_plus_norm_irls,0.0047921,,0.0078776,2,0.9702679650966737,0.2614280246626301,0.35545171295607314,adaptive_robust_norm,true,objective_and_practical_stationarity,false,5.016448043091741e-5,1.93380477941915e-10,6.96425014636029e-8,,,,,,,,,,,,,,,,,,
,0.0127543,8,0.1,irls+cholesky,78,norm_plus_norm_irls,0.0047921,,0.0036351000000000005,2,1.000242280682519,0.2838590896008421,0.37837042072151883,adaptive_robust_norm,true,objective_and_practical_stationarity,false,9.521828592105503e-6,4.8939234044160024e-12,6.907596145573039e-8,,,,,,,,,,,,,,,,,,
,0.0320541,19,1.0,irls+cholesky,78,norm_plus_norm_irls,0.0047921,,0.0097057,2,1.0092264184573598,0.2952979607048192,0.38985380638425765,adaptive_robust_norm,true,objective_and_practical_stationarity,false,8.54213477637489e-8,1.6610712693180268e-14,4.070460866951375e-8,,,,,,,,,,,,,,,,,,
,0.171201,131,2.0,irls+cholesky,78,norm_plus_norm_irls,0.0047921,,0.058335099999999966,2,1.4774434787907023,0.45144461963106103,0.591078489990817,adaptive_robust_norm,true,objective_and_practical_stationarity,false,1.5702781219565404e-8,2.6570448372766958e-15,9.343230771254108e-8,,,,,,,,,,,,,,,,,,
,0.0249488,2,0.0,irls+cholesky,114,norm_plus_norm_irls,0.0203851,,0.0032597,3,0.9675558139543495,0.25923843432841687,0.35316699165834514,adaptive_robust_norm,true,iterate_objective_and_strict_stationarity,false,0.0,0.0,1.4764281646832993e-15,,,,,,,,,,,,,,,,,,
,0.0250793,2,1.0e-6,irls+cholesky,114,norm_plus_norm_irls,0.0203851,,0.0029302,3,0.9675558556897154,0.25923864609767816,0.3531671758724927,adaptive_robust_norm,true,strict_smoothed_stationarity,false,3.604575097118405e-8,8.301429490721433e-16,4.8791314644617655e-15,,,,,,,,,,,,,,,,,,
,0.023220499999999998,2,0.0001,irls+cholesky,114,norm_plus_norm_irls,0.0203851,,0.0017972,3,0.967559873002883,0.25925959629021544,0.35318549206403527,adaptive_robust_norm,true,strict_smoothed_stationarity,false,3.2692649160941e-5,7.33995280885296e-11,4.326992893744155e-10,,,,,,,,,,,,,,,,,,
,0.0246981,3,0.001,irls+cholesky,114,norm_plus_norm_irls,0.0203851,,0.0026953999999999997,3,0.9675965322739358,0.25946781414821946,0.35335899460308123,adaptive_robust_norm,true,strict_smoothed_stationarity,false,5.482099957278394e-5,2.1241161799555655e-10,7.304066604844496e-9,,,,,,,,,,,,,,,,,,
,0.0355191,6,0.01,irls+cholesky,114,norm_plus_norm_irls,0.0203851,,0.011881199999999998,3,0.9688191087603216,0.2621712897667489,0.355673071453587,adaptive_robust_norm,true,objective_and_practical_stationarity,false,5.221645513710783e-5,2.2807875882061003e-10,7.221367965720991e-8,,,,,,,,,,,,,,,,,,
,0.0324007,8,0.1,irls+cholesky,114,norm_plus_norm_irls,0.0203851,,0.0074291999999999995,3,0.9954438725078648,0.28452452969813385,0.37807899776923515,adaptive_robust_norm,true,objective_and_practical_stationarity,false,1.378689379515533e-5,8.52351965518411e-12,9.053494058133719e-8,,,,,,,,,,,,,,,,,,
,0.0580372,19,1.0,irls+cholesky,114,norm_plus_norm_irls,0.0203851,,0.019884100000000005,3,1.00331150400541,0.29461581882318555,0.38841960815401444,adaptive_robust_norm,true,objective_and_practical_stationarity,false,9.78491623242319e-8,1.6516343226113136e-14,3.9951810224218963e-8,,,,,,,,,,,,,,,,,,
,0.2837445,123,2.0,irls+cholesky,114,norm_plus_norm_irls,0.0203851,,0.1640646,3,1.459787113876845,0.44765852857713667,0.5852043936172994,adaptive_robust_norm,true,objective_and_practical_stationarity,false,1.598867803523012e-8,3.1058676838045414e-15,9.325293554008916e-8,,,,,,,,,,,,,,,,,,
,0.0345803,2,0.0,irls+cholesky,186,norm_plus_norm_irls,0.0221018,,0.005771200000000001,5,0.960277705344394,0.2584152054629501,0.3520657111465429,adaptive_robust_norm,true,iterate_objective_and_strict_stationarity,false,0.0,0.0,2.8615262781231252e-15,,,,,,,,,,,,,,,,,,
,0.029266900000000002,2,1.0e-6,irls+cholesky,186,norm_plus_norm_irls,0.0221018,,0.0056751,5,0.9602774688155437,0.2584153488648784,0.3520658388989397,adaptive_robust_norm,true,strict_smoothed_stationarity,false,4.620736423555351e-8,1.6889722738320978e-16,6.066694189344471e-15,,,,,,,,,,,,,,,,,,
,0.029247500000000003,2,0.0001,irls+cholesky,186,norm_plus_norm_irls,0.0221018,,0.0055645,5,0.9602540835964584,0.2584295352453282,0.35207862200149387,adaptive_robust_norm,true,strict_smoothed_stationarity,false,4.189709819457014e-5,1.0486936765760892e-10,4.78160285575802e-10,,,,,,,,,,,,,,,,,,
,0.0331041,3,0.001,irls+cholesky,186,norm_plus_norm_irls,0.0221018,,0.0086889,5,0.9600469164645031,0.25856709141434886,0.35220675514934946,adaptive_robust_norm,true,strict_smoothed_stationarity,false,7.633931098527136e-5,3.546116863180785e-10,8.722815515559263e-9,,,,,,,,,,,,,,,,,,
,0.0465133,6,0.01,irls+cholesky,186,norm_plus_norm_irls,0.0221018,,0.0194393,5,0.9613919105340077,0.2609820953496164,0.3543948718723126,adaptive_robust_norm,true,objective_and_practical_stationarity,false,8.303995364871565e-5,4.719178541877172e-10,9.583374062031131e-8,,,,,,,,,,,,,,,,,,
,0.075647,9,0.1,irls+cholesky,186,norm_plus_norm_irls,0.0221018,,0.0439929,5,0.9954316999762016,0.28435790513876497,0.37804676745527604,adaptive_robust_norm,true,objective_and_practical_stationarity,false,4.879474691594589e-6,1.0909915864699066e-12,3.183182237960722e-8,,,,,,,,,,,,,,,,,,
,0.09470970000000001,18,1.0,irls+cholesky,186,norm_plus_norm_irls,0.0221018,,0.053435300000000005,5,0.9996300036893576,0.2955214340200285,0.3889367306609191,adaptive_robust_norm,true,objective_and_practical_stationarity,false,2.766554407579083e-7,9.305127124007029e-14,9.445554800942915e-8,,,,,,,,,,,,,,,,,,
,0.5685612,117,2.0,irls+cholesky,186,norm_plus_norm_irls,0.0221018,,0.42201519999999987,5,1.4490630514591711,0.44571405402035025,0.5815809327362007,adaptive_robust_norm,true,objective_and_practical_stationarity,false,1.6190193674425602e-8,4.1112002146377056e-15,9.035630778537396e-8,,,,,,,,,,,,,,,,,,
,0.0499564,2,0.0,irls+cholesky,258,norm_plus_norm_irls,0.0336843,,0.0141297,7,0.9625679836233714,0.25917123604995185,0.3522003415159823,adaptive_robust_norm,true,iterate_objective_and_strict_stationarity,false,0.0,0.0,4.631767767941477e-15,,,,,,,,,,,,,,,,,,
,0.0515238,2,1.0e-6,irls+cholesky,258,norm_plus_norm_irls,0.0336843,,0.015322200000000001,7,0.9625681468279236,0.2591714237532709,0.3522006080775585,adaptive_robust_norm,true,strict_smoothed_stationarity,false,5.156748723109714e-8,1.7129495651816307e-16,6.792425325744681e-15,,,,,,,,,,,,,,,,,,
,0.051202899999999996,2,0.0001,irls+cholesky,258,norm_plus_norm_irls,0.0336843,,0.0151681,7,0.9625841489541037,0.2591904155860325,0.35222710646632405,adaptive_robust_norm,true,strict_smoothed_stationarity,false,4.665988166039024e-5,1.2175842851813756e-10,4.702242340884851e-10,,,,,,,,,,,,,,,,,,
,0.0638247,3,0.001,irls+cholesky,258,norm_plus_norm_irls,0.0336843,,0.0267254,7,0.9627157058786924,0.2593915082990556,0.3524774562552405,adaptive_robust_norm,true,strict_smoothed_stationarity,false,8.608342463089282e-5,4.268380012011576e-10,8.726181357663518e-9,,,,,,,,,,,,,,,,,,
,0.0842746,6,0.01,irls+cholesky,258,norm_plus_norm_irls,0.0336843,,0.0439857,7,0.9643354876970277,0.2623183625101074,0.35565797546540384,adaptive_robust_norm,true,objective_and_practical_stationarity,false,8.937220648369834e-5,5.585842503763186e-10,9.486689226780702e-8,,,,,,,,,,,,,,,,,,
,0.1102612,9,0.1,irls+cholesky,258,norm_plus_norm_irls,0.0336843,,0.06076009999999999,7,1.0048890044559704,0.2859530155250533,0.3804475055952832,adaptive_robust_norm,true,objective_and_practical_stationarity,false,6.422366550174225e-6,2.0476167463321045e-12,4.196788302837841e-8,,,,,,,,,,,,,,,,,,
,0.1965705,18,1.0,irls+cholesky,258,norm_plus_norm_irls,0.0336843,,0.13637180000000002,7,0.9972334535553551,0.29614017467496256,0.3889591580690963,adaptive_robust_norm,true,objective_and_practical_stationarity,false,3.2031954620701363e-7,8.814557482077792e-14,8.936683015169818e-8,,,,,,,,,,,,,,,,,,
,1.1293305,112,2.0,irls+cholesky,258,norm_plus_norm_irls,0.0336843,,0.9155960999999999,7,1.4433464508829477,0.44347299814445035,0.5787041014162045,adaptive_robust_norm,true,objective_and_practical_stationarity,false,1.81766192321864e-8,4.0063141799437245e-15,9.109156405983517e-8,,,,,,,,,,,,,,,,,,
,0.0988867,2,0.0,irls+cholesky,366,norm_plus_norm_irls,0.0540877,,0.041485499999999995,10,0.9706083204291249,0.25958704944993394,0.3526371867847071,adaptive_robust_norm,true,iterate_objective_and_strict_stationarity,false,0.0,0.0,5.977352615389167e-15,,,,,,,,,,,,,,,,,,
,0.1021745,2,1.0e-6,irls+cholesky,366,norm_plus_norm_irls,0.0540877,,0.0452374,10,0.9706074856573353,0.25958704041325503,0.3526370909402321,adaptive_robust_norm,true,strict_smoothed_stationarity,false,6.92433279231519e-8,5.220747358204922e-16,8.298924789611758e-15,,,,,,,,,,,,,,,,,,
,0.097641,2,0.0001,irls+cholesky,366,norm_plus_norm_irls,0.0540877,,0.0400254,10,0.9705251542655212,0.2595870144256606,0.35262788411716467,adaptive_robust_norm,true,strict_smoothed_stationarity,false,6.206354092279163e-5,1.798135976690315e-10,5.229938955431892e-10,,,,,,,,,,,,,,,,,,
,0.1103021,3,0.001,irls+cholesky,366,norm_plus_norm_irls,0.0540877,,0.05232819999999999,10,0.9698369835605536,0.2595990168193461,0.35256864968335394,adaptive_robust_norm,true,objective_and_practical_stationarity,false,0.00011785974437283994,6.848785359528705e-10,1.0034281774750773e-8,,,,,,,,,,,,,,,,,,
,0.23226609999999998,7,0.01,irls+cholesky,366,norm_plus_norm_irls,0.0540877,,0.16675,10,0.967144834212942,0.26059759236668567,0.3536268355573328,adaptive_robust_norm,true,objective_and_practical_stationarity,false,1.691053494209159e-5,1.9644120842710847e-11,1.5649851845446124e-8,,,,,,,,,,,,,,,,,,
,0.2458228,9,0.1,irls+cholesky,366,norm_plus_norm_irls,0.0540877,,0.1774905,10,0.9986933048294494,0.2822885430112128,0.3770159179983023,adaptive_robust_norm,true,objective_and_practical_stationarity,false,1.0421987404832723e-5,5.812229340452262e-12,6.673466596147954e-8,,,,,,,,,,,,,,,,,,
,0.4594807,18,1.0,irls+cholesky,366,norm_plus_norm_irls,0.0540877,,0.37622700000000003,10,1.0072109721726477,0.2969551293909092,0.3904343753436099,adaptive_robust_norm,true,objective_and_practical_stationarity,false,3.1892309382977396e-7,7.61556018898002e-14,7.957257381779444e-8,,,,,,,,,,,,,,,,,,
,2.3768652,102,2.0,irls+cholesky,366,norm_plus_norm_irls,0.0540877,,2.1349742999999997,10,1.432925942678329,0.43906786591682306,0.573590341840658,adaptive_robust_norm,true,objective_and_practical_stationarity,false,2.110979889690402e-8,4.912503620665861e-15,9.368203951196838e-8,,,,,,,,,,,,,,,,,,
,0.0001346,,0.0,,,,,,,,0.9704008109392859,0.2764666184073251,0.3708462047116842,static_ridge,,,,,,,,,,,,,,,,,,,,,,,,
,0.0001259,,1.0e-8,,,,,,,,0.970400783002195,0.2764666050892629,0.37084619161522836,static_ridge,,,,,,,,,,,,,,,,,,,,,,,,
,0.000124,,1.0e-6,,,,,,,,0.9703980175651223,0.2764652867995118,0.37084489545419425,static_ridge,,,,,,,,,,,,,,,,,,,,,,,,
,0.0001958,,0.0001,,,,,,,,0.9701257689107882,0.2763381590016928,0.3707190831036436,static_ridge,,,,,,,,,,,,,,,,,,,,,,,,
,0.0001244,,0.001,,,,,,,,0.9682717065022908,0.27541178961788443,0.3698622181641722,static_ridge,,,,,,,,,,,,,,,,,,,,,,,,
,0.0001359,,0.01,,,,,,,,0.9687995064814574,0.27467707332687774,0.36995577802093677,static_ridge,,,,,,,,,,,,,,,,,,,,,,,,
,0.0001213,,0.1,,,,,,,,0.9858006933729087,0.28259919662211214,0.37824310150448165,static_ridge,,,,,,,,,,,,,,,,,,,,,,,,
,0.000128,,1.0,,,,,,,,0.9886869330376921,0.286700285863095,0.3825940121444803,static_ridge,,,,,,,,,,,,,,,,,,,,,,,,
,0.0001229,,10.0,,,,,,,,1.3833830963700198,0.4263445134021661,0.5548616632993866,static_ridge,,,,,,,,,,,,,,,,,,,,,,,,
,,,0.0,,,,,,,,1.1319378482263986,0.2954901502024715,0.40796129982087875,rolling_ridge,,,,,,,0.0197117,24,,,,,,,,,,,,,,,,
,,,1.0e-8,,,,,,,,1.1319366135493576,0.29548987489006606,0.40796090539010177,rolling_ridge,,,,,,,0.0028289,24,,,,,,,,,,,,,,,,
,,,1.0e-6,,,,,,,,1.1318144844136595,0.2954626408359259,0.4079219012315844,rolling_ridge,,,,,,,0.0026796,24,,,,,,,,,,,,,,,,
,,,0.0001,,,,,,,,1.1209770659861984,0.29298604592599164,0.4044083429460265,rolling_ridge,,,,,,,0.0026652,24,,,,,,,,,,,,,,,,
,,,0.001,,,,,,,,1.0735909850667207,0.28158551848055446,0.3878952476517497,rolling_ridge,,,,,,,0.0026147,24,,,,,,,,,,,,,,,,
,,,0.01,,,,,,,,1.0079172796745701,0.2676984974883352,0.36743447985689637,rolling_ridge,,,,,,,0.0043279,24,,,,,,,,,,,,,,,,
,,,0.1,,,,,,,,0.9980402521671727,0.27161094802127156,0.3690176815982883,rolling_ridge,,,,,,,0.0051093,24,,,,,,,,,,,,,,,,
,,,1.0,,,,,,,,1.0509305637785369,0.3121078086552291,0.40972536162514317,rolling_ridge,,,,,,,0.0044199,24,,,,,,,,,,,,,,,,
,,,10.0,,,,,,,,1.4133651260267033,0.46211857922736255,0.5899625674251908,rolling_ridge,,,,,,,0.0036931,24,,,,,,,,,,,,,,,,
,,,0.0,,,,,,,,1.0276394730459864,0.26212116009945535,0.36374405842620744,rolling_ridge,,,,,,,0.0026741,72,,,,,,,,,,,,,,,,
,,,1.0e-8,,,,,,,,1.02763932159183,0.26212110177860243,0.3637439864844255,rolling_ridge,,,,,,,0.0026563,72,,,,,,,,,,,,,,,,
,,,1.0e-6,,,,,,,,1.0276243482144005,0.2621153300287019,0.36373686853649206,rolling_ridge,,,,,,,0.0194697,72,,,,,,,,,,,,,,,,
,,,0.0001,,,,,,,,1.0261904283016892,0.2615766342758822,0.36306547982974524,rolling_ridge,,,,,,,0.0026797,72,,,,,,,,,,,,,,,,
,,,0.001,,,,,,,,1.018812846640425,0.25845824052793703,0.35926113259784487,rolling_ridge,,,,,,,0.0027496,72,,,,,,,,,,,,,,,,
,,,0.01,,,,,,,,1.0135555983028524,0.2540445601806698,0.35562693218140284,rolling_ridge,,,,,,,0.0028155,72,,,,,,,,,,,,,,,,
,,,0.1,,,,,,,,1.0192309281871372,0.2633998584967199,0.365271617691979,rolling_ridge,,,,,,,0.002769,72,,,,,,,,,,,,,,,,
,,,1.0,,,,,,,,1.0921610780049822,0.31138689539799136,0.41469197725074786,rolling_ridge,,,,,,,0.0027168,72,,,,,,,,,,,,,,,,
,,,10.0,,,,,,,,1.495057326474545,0.4698274432986674,0.6093512631027681,rolling_ridge,,,,,,,0.0027177,72,,,,,,,,,,,,,,,,
,,,0.0,,,,,,,,0.9898915553960566,0.25636895122941256,0.3538619144469966,rolling_ridge,,,,,,,0.0027844,168,,,,,,,,,,,,,,,,
,,,1.0e-8,,,,,,,,0.9898915500631539,0.25636892347802653,0.3538618882268927,rolling_ridge,,,,,,,0.002852,168,,,,,,,,,,,,,,,,
,,,1.0e-6,,,,,,,,0.9898910220052509,0.25636617676650575,0.3538592938307998,rolling_ridge,,,,,,,0.0027953,168,,,,,,,,,,,,,,,,
,,,0.0001,,,,,,,,0.9898385492106732,0.25609806117440526,0.3536131800877889,rolling_ridge,,,,,,,0.0029279,168,,,,,,,,,,,,,,,,
,,,0.001,,,,,,,,0.9895656799328216,0.25430733454480536,0.35220508785588345,rolling_ridge,,,,,,,0.0057296,168,,,,,,,,,,,,,,,,
,,,0.01,,,,,,,,0.9958936531310898,0.25240697405407314,0.35233045392591733,rolling_ridge,,,,,,,0.0061184,168,,,,,,,,,,,,,,,,
,,,0.1,,,,,,,,1.0014652511970206,0.26272052651910716,0.3621352570923705,rolling_ridge,,,,,,,0.0060357,168,,,,,,,,,,,,,,,,
,,,1.0,,,,,,,,1.0852220856314438,0.3101486857881127,0.41252014497200795,rolling_ridge,,,,,,,0.0054247,168,,,,,,,,,,,,,,,,
,,,10.0,,,,,,,,1.5203490658298962,0.472066746444457,0.615283178827168,rolling_ridge,,,,,,,0.0252485,168,,,,,,,,,,,,,,,,
,,,0.0,,,,,,,,0.9800956320593922,0.2552186155248623,0.35528498492950333,rolling_ridge,,,,,,,0.0028751,336,,,,,,,,,,,,,,,,
,,,1.0e-8,,,,,,,,0.980095619500691,0.2552185940861911,0.3552849685266114,rolling_ridge,,,,,,,0.0028572,336,,,,,,,,,,,,,,,,
,,,1.0e-6,,,,,,,,0.9800943762333254,0.2552164721152007,0.3552833454202194,rolling_ridge,,,,,,,0.0026523,336,,,,,,,,,,,,,,,,
,,,0.0001,,,,,,,,0.9799705819852867,0.255012015426902,0.35512855258071596,rolling_ridge,,,,,,,0.0027089,336,,,,,,,,,,,,,,,,
,,,0.001,,,,,,,,0.9797656254861278,0.25366768882598956,0.35421830646534175,rolling_ridge,,,,,,,0.0026558,336,,,,,,,,,,,,,,,,
,,,0.01,,,,,,,,0.9838421551788374,0.2528685432948607,0.35485044404397836,rolling_ridge,,,,,,,0.0026197,336,,,,,,,,,,,,,,,,
,,,0.1,,,,,,,,0.988941787588983,0.2632787526299958,0.36413224016733003,rolling_ridge,,,,,,,0.0026509,336,,,,,,,,,,,,,,,,
,,,1.0,,,,,,,,1.0639760441696722,0.3081494406908844,0.4097944096583708,rolling_ridge,,,,,,,0.0028592,336,,,,,,,,,,,,,,,,
,,,10.0,,,,,,,,1.519323963010899,0.4712314453083142,0.6133014563773225,rolling_ridge,,,,,,,0.0027647,336,,,,,,,,,,,,,,,,
,,,,,,,,,,,1.1369459353091622,0.2890212826009422,0.4024800234802273,rls,,,,,,,0.002801,,0.9,1.0e-6,,,,,,,,,,,,,,
,,,,,,,,,,,1.1369459353091602,0.28902128260094223,0.40248002348022716,rls,,,,,,,0.0028574,,0.9,0.0001,,,,,,,,,,,,,,
,,,,,,,,,,,1.1369459353091629,0.28902128260094256,0.4024800234802277,rls,,,,,,,0.0030162,,0.9,0.01,,,,,,,,,,,,,,
,,,,,,,,,,,1.1369459353091609,0.2890212826009425,0.4024800234802273,rls,,,,,,,0.0028739,,0.9,0.1,,,,,,,,,,,,,,
,,,,,,,,,,,1.0389257361590176,0.26728171519016225,0.37005723406601954,rls,,,,,,,0.0029189,,0.95,1.0e-6,,,,,,,,,,,,,,
,,,,,,,,,,,1.038925736159018,0.26728171519016225,0.37005723406601954,rls,,,,,,,0.0030123,,0.95,0.0001,,,,,,,,,,,,,,
,,,,,,,,,,,1.0389257361590174,0.26728171519016225,0.3700572340660196,rls,,,,,,,0.0029034,,0.95,0.01,,,,,,,,,,,,,,
,,,,,,,,,,,1.0389257361590163,0.26728171519016214,0.3700572340660193,rls,,,,,,,0.0028629,,0.95,0.1,,,,,,,,,,,,,,
,,,,,,,,,,,0.9921286552048659,0.25652455414384556,0.3543914557690035,rls,,,,,,,0.0160719,,0.98,1.0e-6,,,,,,,,,,,,,,
,,,,,,,,,,,0.9921286552048646,0.2565245541438454,0.3543914557690032,rls,,,,,,,0.0028644,,0.98,0.0001,,,,,,,,,,,,,,
,,,,,,,,,,,0.9921286552048637,0.2565245541438453,0.354391455769003,rls,,,,,,,0.0027919,,0.98,0.01,,,,,,,,,,,,,,
,,,,,,,,,,,0.9921286552048644,0.2565245541438454,0.3543914557690031,rls,,,,,,,0.0028271,,0.98,0.1,,,,,,,,,,,,,,
,,,,,,,,,,,0.9829769941689377,0.2538065115468099,0.3507018227018098,rls,,,,,,,0.0028232,,0.99,1.0e-6,,,,,,,,,,,,,,
,,,,,,,,,,,0.9829769941689384,0.25380651154681005,0.35070182270180994,rls,,,,,,,0.0030131,,0.99,0.0001,,,,,,,,,,,,,,
,,,,,,,,,,,0.982976994168938,0.25380651154680994,0.35070182270180983,rls,,,,,,,0.0028994,,0.99,0.01,,,,,,,,,,,,,,
,,,,,,,,,,,0.9829769941689382,0.25380651154680983,0.3507018227018098,rls,,,,,,,0.002804,,0.99,0.1,,,,,,,,,,,,,,
,,,,,,,,,,,0.9715427179707959,0.25321643480848066,0.35097282827618614,rls,,,,,,,0.0027429,,0.995,1.0e-6,,,,,,,,,,,,,,
,,,,,,,,,,,0.9715427179707977,0.25321643480848005,0.3509728282761857,rls,,,,,,,0.0158352,,0.995,0.0001,,,,,,,,,,,,,,
,,,,,,,,,,,0.9715427179708056,0.25321643480847134,0.3509728282761781,rls,,,,,,,0.003092,,0.995,0.01,,,,,,,,,,,,,,
,,,,,,,,,,,0.9715427179708656,0.2532164348083914,0.350972828276106,rls,,,,,,,0.0029991,,0.995,0.1,,,,,,,,,,,,,,
,,,,,,,,,,,1.0082847804280668,0.2825459856794799,0.3822633719114447,hedge,,,,,,,0.0012559,0,,,0.01,,,,,,,,,,,,,
,,,,,,,,,,,1.0081169316388061,0.28245575408406076,0.38217277535347,hedge,,,,,,,0.0014458,24,,,0.01,,,,,,,,,,,,,
,,,,,,,,,,,1.008176104470654,0.28245967514708653,0.3821802031255734,hedge,,,,,,,0.0014552,72,,,0.01,,,,,,,,,,,,,
,,,,,,,,,,,1.0081895615903573,0.28246734826294284,0.38218833807071223,hedge,,,,,,,0.0014771,168,,,0.01,,,,,,,,,,,,,
,,,,,,,,,,,1.0082163192580567,0.2824743416472076,0.38219862245512487,hedge,,,,,,,0.0014936,336,,,0.01,,,,,,,,,,,,,
,,,,,,,,,,,1.0080178257591759,0.28227653389487334,0.38202235327430845,hedge,,,,,,,0.0012802,0,,,0.05,,,,,,,,,,,,,
,,,,,,,,,,,1.0072194945617778,0.28184022587405333,0.3815836907697798,hedge,,,,,,,0.0014982,24,,,0.05,,,,,,,,,,,,,
,,,,,,,,,,,1.0074815238268882,0.2818580075791285,0.3816169889019166,hedge,,,,,,,0.0017183,72,,,0.05,,,,,,,,,,,,,
,,,,,,,,,,,1.007547499005765,0.28189249812571315,0.38165560782757163,hedge,,,,,,,0.0014601,168,,,0.05,,,,,,,,,,,,,
,,,,,,,,,,,1.0076791915189052,0.2819247571130509,0.38170521819481035,hedge,,,,,,,0.0014621,336,,,0.05,,,,,,,,,,,,,
,,,,,,,,,,,1.0076860342900722,0.28194402030648563,0.3817249491140451,hedge,,,,,,,0.001226,0,,,0.1,,,,,,,,,,,,,
,,,,,,,,,,,1.0062163255593626,0.2810975499035095,0.3808822160720796,hedge,,,,,,,0.001457,24,,,0.1,,,,,,,,,,,,,
,,,,,,,,,,,1.0066741855178418,0.2811229109450825,0.38093976000679647,hedge,,,,,,,0.0014589,72,,,0.1,,,,,,,,,,,,,
,,,,,,,,,,,1.006785363307487,0.2811898340762521,0.3810120583880247,hedge,,,,,,,0.0014188,168,,,0.1,,,,,,,,,,,,,
,,,,,,,,,,,1.0070380882836985,0.28125316574277215,0.38110690470660863,hedge,,,,,,,0.0014644,336,,,0.1,,,,,,,,,,,,,
,,,,,,,,,,,1.0067387112236135,0.28096792243627866,0.38085806558667795,hedge,,,,,,,0.0012459,0,,,0.25,,,,,,,,,,,,,
,,,,,,,,,,,1.0038024547978273,0.2790518430987391,0.3789913024966274,hedge,,,,,,,0.0014535,24,,,0.25,,,,,,,,,,,,,
,,,,,,,,,,,1.004832795771117,0.2790650596153185,0.3790759013705273,hedge,,,,,,,0.0013904,72,,,0.25,,,,,,,,,,,,,
,,,,,,,,,,,1.0051345764902817,0.27920310864717923,0.37922282570028143,hedge,,,,,,,0.0014062,168,,,0.25,,,,,,,,,,,,,
,,,,,,,,,,,1.0055526482572728,0.27932911968560525,0.37942962913881145,hedge,,,,,,,0.0014317,336,,,0.25,,,,,,,,,,,,,
,,,,,,,,,,,1.005447188407428,0.27939736343836064,0.3794947993391611,hedge,,,,,,,0.0148301,0,,,0.5,,,,,,,,,,,,,
,,,,,,,,,,,1.0006371745112888,0.2762286714572038,0.3764431651551827,hedge,,,,,,,0.0016191,24,,,0.5,,,,,,,,,,,,,
,,,,,,,,,,,1.0023643755447682,0.2761480027517851,0.37646525972822115,hedge,,,,,,,0.0015691,72,,,0.5,,,,,,,,,,,,,
,,,,,,,,,,,1.0027973898410227,0.27630976539433494,0.37666626387894436,hedge,,,,,,,0.0015303,168,,,0.5,,,,,,,,,,,,,
,,,,,,,,,,,1.00344488143453,0.2764636755738296,0.3769943316793084,hedge,,,,,,,0.0016699,336,,,0.5,,,,,,,,,,,,,
,,,,,,,,,,,1.0032257354676701,0.27654826764958673,0.37705272334435114,hedge,,,,,,,0.0013327,0,,,1.0,,,,,,,,,,,,,
,,,,,,,,,,,0.9982400991104657,0.2721070648127238,0.37295771102932757,hedge,,,,,,,0.0014913,24,,,1.0,,,,,,,,,,,,,
,,,,,,,,,,,1.0006623516860484,0.27172560232141224,0.3726877491440579,hedge,,,,,,,0.0015376,72,,,1.0,,,,,,,,,,,,,
,,,,,,,,,,,1.0015868795075222,0.2718791380270959,0.37284059648036916,hedge,,,,,,,0.0016001,168,,,1.0,,,,,,,,,,,,,
,,,,,,,,,,,1.0016355200942304,0.2719981435646083,0.3732517478098614,hedge,,,,,,,0.0015681,336,,,1.0,,,,,,,,,,,,,
,,,,,,,,,,,1.1382255998034807,0.28094239686195427,0.3986870677813504,exp3,,,,,,,0.0018584,,,,,0.01,2026,,,,,,,,,,,
,,,,,,,,,,,1.049442009927032,0.26289869882070327,0.37430517015004483,exp3,,,,,,,0.0018328,,,,,0.05,2026,,,,,,,,,,,
,,,,,,,,,,,1.0291874148938995,0.25930496423368976,0.3674866249781996,exp3,,,,,,,0.0018085,,,,,0.1,2026,,,,,,,,,,,
,,,,,,,,,,,1.078206022011569,0.26270787761726666,0.37596921665492955,exp3,,,,,,,0.0017497,,,,,0.2,2026,,,,,,,,,,,
,,,,,,,,,,,1.1096770855784235,0.2739180651280406,0.38672126832438025,exp3,,,,,,,0.0017749,,,,,0.4,2026,,,,,,,,,,,
,,,,,,,,,,,1.0017949339321013,0.2718044731409277,0.37318425508389,fixed_share,,,,,,,0.0014872,,,,0.01,,,0.005,,,,,,,,,,
,,,,,,,,,,,1.00311941357827,0.2758357832563807,0.3764636636411201,fixed_share,,,,,,,0.0014502,,,,0.01,,,0.01,,,,,,,,,,
,,,,,,,,,,,1.0051114256968805,0.27873474872733994,0.37892827277727015,fixed_share,,,,,,,0.0014425,,,,0.01,,,0.02,,,,,,,,,,
,,,,,,,,,,,1.006659016465589,0.2809211317499223,0.3808202086539569,fixed_share,,,,,,,0.0015563,,,,0.01,,,0.05,,,,,,,,,,
,,,,,,,,,,,1.0074199543666107,0.2817179984835637,0.38152580502407546,fixed_share,,,,,,,0.0015293,,,,0.01,,,0.1,,,,,,,,,,
,,,,,,,,,,,1.0047880636644764,0.2619111546130753,0.3661284319102716,fixed_share,,,,,,,0.001481,,,,0.05,,,0.005,,,,,,,,,,
,,,,,,,,,,,1.0029147905155156,0.2657403187006298,0.3686542692403571,fixed_share,,,,,,,0.0016211,,,,0.05,,,0.01,,,,,,,,,,
,,,,,,,,,,,1.0014728067396892,0.2703006550569899,0.3720071536057663,fixed_share,,,,,,,0.0026216,,,,0.05,,,0.02,,,,,,,,,,
,,,,,,,,,,,1.0025715541613256,0.27584313321985465,0.3764862058951708,fixed_share,,,,,,,0.0020507,,,,0.05,,,0.05,,,,,,,,,,
,,,,,,,,,,,1.0048603838894803,0.2786439364373411,0.37888018896425735,fixed_share,,,,,,,0.0023733,,,,0.05,,,0.1,,,,,,,,,,
,,,,,,,,,,,1.005294018472736,0.25877617364354466,0.36400510491821714,fixed_share,,,,,,,0.0024399,,,,0.1,,,0.005,,,,,,,,,,
,,,,,,,,,,,1.0047858947320232,0.2619752608523826,0.3662419031050833,fixed_share,,,,,,,0.0016122,,,,0.1,,,0.01,,,,,,,,,,
,,,,,,,,,,,1.0030211163876948,0.265938932434483,0.36888666744605647,fixed_share,,,,,,,0.0016764,,,,0.1,,,0.02,,,,,,,,,,
,,,,,,,,,,,1.0015319468714818,0.27194591464087675,0.37336315732866165,fixed_share,,,,,,,0.001647,,,,0.1,,,0.05,,,,,,,,,,
,,,,,,,,,,,1.002821640891756,0.2758072227279062,0.3764950312249048,fixed_share,,,,,,,0.0015528,,,,0.1,,,0.1,,,,,,,,,,
,,,,,,,,,,,1.0024586459650062,0.2543542295058995,0.3601416499442411,fixed_share,,,,,,,0.0015165,,,,0.25,,,0.005,,,,,,,,,,
,,,,,,,,,,,1.0054733670868823,0.2577837877863791,0.3632709064868034,fixed_share,,,,,,,0.0015217,,,,0.25,,,0.01,,,,,,,,,,
,,,,,,,,,,,1.0056508845513374,0.26112296392542944,0.36587183348212887,fixed_share,,,,,,,0.0015638,,,,0.25,,,0.02,,,,,,,,,,
,,,,,,,,,,,1.003628574559447,0.266393638743215,0.3694654159451996,fixed_share,,,,,,,0.0015153,,,,0.25,,,0.05,,,,,,,,,,
,,,,,,,,,,,1.0026162257406084,0.27075766368924975,0.3725550273250078,fixed_share,,,,,,,0.0015523,,,,0.25,,,0.1,,,,,,,,,,
,,,,,,,,,,,0.9982194041355368,0.2509524939782688,0.35692948731122903,fixed_share,,,,,,,0.0014371,,,,0.5,,,0.005,,,,,,,,,,
,,,,,,,,,,,1.003653914403692,0.2543073891276425,0.36020905528898683,fixed_share,,,,,,,0.0014083,,,,0.5,,,0.01,,,,,,,,,,
,,,,,,,,,,,1.0063331348888418,0.25798748638289254,0.3635085424314979,fixed_share,,,,,,,0.0013983,,,,0.5,,,0.02,,,,,,,,,,
,,,,,,,,,,,1.0061396654023156,0.2626826455908867,0.3671880777740811,fixed_share,,,,,,,0.0014313,,,,0.5,,,0.05,,,,,,,,,,
,,,,,,,,,,,1.004230147695561,0.2666922989247669,0.3698292338866997,fixed_share,,,,,,,0.0014251,,,,0.5,,,0.1,,,,,,,,,,
,,,,,,,,,,,0.9945918584233779,0.24916905762198766,0.3550426231698314,fixed_share,,,,,,,0.0013963,,,,1.0,,,0.005,,,,,,,,,,
,,,,,,,,,,,1.000749784250948,0.2511819591142144,0.3572330023943607,fixed_share,,,,,,,0.001392,,,,1.0,,,0.01,,,,,,,,,,
,,,,,,,,,,,1.0051436775778466,0.25461436980870467,0.36050373728111346,fixed_share,,,,,,,0.0014115,,,,1.0,,,0.02,,,,,,,,,,
,,,,,,,,,,,1.0074083500513673,0.2595414956015052,0.3648975798139202,fixed_share,,,,,,,0.0018185,,,,1.0,,,0.05,,,,,,,,,,
,,,,,,,,,,,1.0062871398335733,0.2631270625445708,0.3675241650463284,fixed_share,,,,,,,0.0028436,,,,1.0,,,0.1,,,,,,,,,,
,,,,,,,,,,,0.9922364439850385,0.27285660527308464,0.3728292102902641,passive_aggressive,,,,,,,0.0141213,,,,,,,,0.0001,0.0,,,,,,,,
,,,,,,,,,,,0.9916897229010954,0.27281433595837384,0.3727054373873083,passive_aggressive,,,,,,,0.0002954,,,,,,,,0.0001,0.01,,,,,,,,
,,,,,,,,,,,0.9920440256571645,0.27294181056267836,0.37287125541974153,passive_aggressive,,,,,,,0.0004284,,,,,,,,0.0001,0.05,,,,,,,,
,,,,,,,,,,,0.99131251733864,0.2730453001759885,0.37279226392382947,passive_aggressive,,,,,,,0.0003894,,,,,,,,0.0001,0.1,,,,,,,,
,,,,,,,,,,,0.9851019974335864,0.2568816076082568,0.3588072082807228,passive_aggressive,,,,,,,0.0002986,,,,,,,,0.001,0.0,,,,,,,,
,,,,,,,,,,,0.9841290052291649,0.25685861362032997,0.3585503926098558,passive_aggressive,,,,,,,0.0003155,,,,,,,,0.001,0.01,,,,,,,,
,,,,,,,,,,,0.9840716150938715,0.25719242670757725,0.3590489146467605,passive_aggressive,,,,,,,0.0002973,,,,,,,,0.001,0.05,,,,,,,,
,,,,,,,,,,,0.9839400074215979,0.257558989829012,0.3593231464908135,passive_aggressive,,,,,,,0.0003081,,,,,,,,0.001,0.1,,,,,,,,
,,,,,,,,,,,0.9885367041419569,0.2536665086212571,0.3543367846138916,passive_aggressive,,,,,,,0.000289,,,,,,,,0.01,0.0,,,,,,,,
,,,,,,,,,,,0.9886836135402242,0.2534991206218253,0.3540678901767956,passive_aggressive,,,,,,,0.0002977,,,,,,,,0.01,0.01,,,,,,,,
,,,,,,,,,,,0.9864112821317494,0.25260016548975134,0.3531166334670851,passive_aggressive,,,,,,,0.0003073,,,,,,,,0.01,0.05,,,,,,,,
,,,,,,,,,,,0.9877160492204708,0.252110420233426,0.35286292529644586,passive_aggressive,,,,,,,0.0003148,,,,,,,,0.01,0.1,,,,,,,,
,,,,,,,,,,,1.0756846322416036,0.2855732355760187,0.3915165727725923,passive_aggressive,,,,,,,0.0002889,,,,,,,,0.1,0.0,,,,,,,,
,,,,,,,,,,,1.0715961789533845,0.28465050716277934,0.39022206408068777,passive_aggressive,,,,,,,0.0002877,,,,,,,,0.1,0.01,,,,,,,,
,,,,,,,,,,,1.0581379431245954,0.28143105755307346,0.3854662957238294,passive_aggressive,,,,,,,0.0003073,,,,,,,,0.1,0.05,,,,,,,,
,,,,,,,,,,,1.0375455728119376,0.27711557234135925,0.37896950370403426,passive_aggressive,,,,,,,0.0003134,,,,,,,,0.1,0.1,,,,,,,,
,,,,,,,,,,,1.349633456805265,0.34013089876345864,0.47241754041501066,passive_aggressive,,,,,,,0.0002841,,,,,,,,1.0,0.0,,,,,,,,
,,,,,,,,,,,1.340831520717417,0.33809857229488427,0.46961226919680527,passive_aggressive,,,,,,,0.0002877,,,,,,,,1.0,0.01,,,,,,,,
,,,,,,,,,,,1.3089770666230514,0.3309204954471645,0.4587257611916349,passive_aggressive,,,,,,,0.0002952,,,,,,,,1.0,0.05,,,,,,,,
,,,,,,,,,,,1.274598120002473,0.32178789679788083,0.4462295915368772,passive_aggressive,,,,,,,0.0003115,,,,,,,,1.0,0.1,,,,,,,,
,,,,,,,,,,,1.5798321712064718,0.3813037392190202,0.5440800813031875,passive_aggressive,,,,,,,0.0003003,,,,,,,,10.0,0.0,,,,,,,,
,,,,,,,,,,,1.5663709882105163,0.3781221234410671,0.5395822250193895,passive_aggressive,,,,,,,0.0002926,,,,,,,,10.0,0.01,,,,,,,,
,,,,,,,,,,,1.5158839889515774,0.36683528047236647,0.5228041563836665,passive_aggressive,,,,,,,0.0003046,,,,,,,,10.0,0.05,,,,,,,,
,,,,,,,,,,,1.4640946428329784,0.35617501019242304,0.5057089030140488,passive_aggressive,,,,,,,0.0003148,,,,,,,,10.0,0.1,,,,,,,,
,,,,,,,,,,,0.9823675840710847,0.2552137301275214,0.3550135461300176,dma,,,,,,,0.0017344,,0.9,,,,,,,,0.9,,,,,,,
,,,,,,,,,,,0.9849661662299768,0.25591769936391323,0.3559497675092054,dma,,,,,,,0.0016919,,0.9,,,,,,,,0.95,,,,,,,
,,,,,,,,,,,0.9857863971372227,0.25651079512828906,0.3564456622149091,dma,,,,,,,0.0016957,,0.9,,,,,,,,0.98,,,,,,,
,,,,,,,,,,,0.9793984448684774,0.25601776673700466,0.35512487870524606,dma,,,,,,,0.0016816,,0.9,,,,,,,,0.995,,,,,,,
,,,,,,,,,,,0.9800511189231473,0.2520878826567911,0.35184082452563975,dma,,,,,,,0.0017107,,0.95,,,,,,,,0.9,,,,,,,
,,,,,,,,,,,0.9830209026400532,0.25309477097672156,0.35257662696529635,dma,,,,,,,0.0017209,,0.95,,,,,,,,0.95,,,,,,,
,,,,,,,,,,,0.9897950338783196,0.25363936307988605,0.3536698790151481,dma,,,,,,,0.0016755,,0.95,,,,,,,,0.98,,,,,,,
,,,,,,,,,,,0.9918037060989099,0.2538086268125693,0.35412846075940235,dma,,,,,,,0.001686,,0.95,,,,,,,,0.995,,,,,,,
,,,,,,,,,,,0.9981131144445434,0.24853677867292484,0.35321454017543763,dma,,,,,,,0.001673,,0.98,,,,,,,,0.9,,,,,,,
,,,,,,,,,,,0.9971108396199274,0.2484075309199512,0.35273285695785983,dma,,,,,,,0.0016749,,0.98,,,,,,,,0.95,,,,,,,
,,,,,,,,,,,0.9860531974865339,0.2510214089128282,0.3513062004200947,dma,,,,,,,0.0017402,,0.98,,,,,,,,0.98,,,,,,,
,,,,,,,,,,,1.0319843758074863,0.25424194635122876,0.3610706108984836,dma,,,,,,,0.0017296,,0.98,,,,,,,,0.995,,,,,,,
,,,,,,,,,,,0.9979781661713146,0.24789506155449625,0.3533144167967423,dma,,,,,,,0.0017115,,0.99,,,,,,,,0.9,,,,,,,
,,,,,,,,,,,0.994874180765045,0.24760098889188054,0.3522330504067228,dma,,,,,,,0.0016506,,0.99,,,,,,,,0.95,,,,,,,
,,,,,,,,,,,0.9912974634318277,0.24768413870747993,0.35165993067228635,dma,,,,,,,0.0016433,,0.99,,,,,,,,0.98,,,,,,,
,,,,,,,,,,,0.9810469537982291,0.24865527027627907,0.3514346629572046,dma,,,,,,,0.0016503,,0.99,,,,,,,,0.995,,,,,,,
,,,,,,,,,,,0.9932049823156197,0.24796590826563591,0.354004560771532,dma,,,,,,,0.0018084,,0.995,,,,,,,,0.9,,,,,,,
,,,,,,,,,,,0.9932162705812803,0.24786295350910653,0.3539000806972026,dma,,,,,,,0.0017035,,0.995,,,,,,,,0.95,,,,,,,
,,,,,,,,,,,0.9889196544785116,0.24761111376805925,0.35210844382197537,dma,,,,,,,0.001635,,0.995,,,,,,,,0.98,,,,,,,
,,,,,,,,,,,0.9852000712049647,0.248200985028788,0.35201345573207743,dma,,,,,,,0.001634,,0.995,,,,,,,,0.995,,,,,,,
,1.4237581,,,,,,,,,1,0.943207459395598,0.2461427847598898,0.34297113550869057,neural_gate,,,,,,,,,,,,,,,,,,250,8,0.001,0.0,,,
,1.4175064,,,,,,,,,1,0.9473054525203952,0.24832304854960568,0.3448469591403863,neural_gate,,,,,,,,,,,,,,,,,,250,8,0.001,0.0001,,,
,1.4330808,,,,,,,,,1,0.9798347760993319,0.2553099686168115,0.3543292877030288,neural_gate,,,,,,,,,,,,,,,,,,250,8,0.003,0.0,,,
,1.4316598,,,,,,,,,1,0.9501388423007079,0.25097821297757444,0.34701241724019016,neural_gate,,,,,,,,,,,,,,,,,,250,8,0.003,0.0001,,,
,1.9294737,,,,,,,,,1,0.9492967617828876,0.24740179962865302,0.34447102543358876,neural_gate,,,,,,,,,,,,,,,,,,250,16,0.001,0.0,,,
,1.9277157,,,,,,,,,1,0.9471665440464302,0.2477868295674706,0.34459212185594806,neural_gate,,,,,,,,,,,,,,,,,,250,16,0.001,0.0001,,,
,1.9728056,,,,,,,,,1,0.9727159805677928,0.2516821375719551,0.3502070196059153,neural_gate,,,,,,,,,,,,,,,,,,250,16,0.003,0.0,,,
,1.932198,,,,,,,,,1,0.9507018487433638,0.2496340705375996,0.3461242704244037,neural_gate,,,,,,,,,,,,,,,,,,250,16,0.003,0.0001,,,
,2.5156093,,,,,,,,,3,0.9558552092839041,0.2459619798267695,0.34391268716962176,neural_gate,,,,,,,,,,,,,,,,,,250,8,0.001,0.0,,,
,1.7648551,,,,,,,,,3,0.9504117413739133,0.24616375167159577,0.34351129718436313,neural_gate,,,,,,,,,,,,,,,,,,250,8,0.001,0.0001,,,
,1.8916616,,,,,,,,,3,0.963916660824621,0.24647998189472173,0.3454249296181279,neural_gate,,,,,,,,,,,,,,,,,,250,8,0.003,0.0,,,
,1.9192123,,,,,,,,,3,0.9709804876807029,0.25145809974582795,0.349703253660841,neural_gate,,,,,,,,,,,,,,,,,,250,8,0.003,0.0001,,,
,3.0693545,,,,,,,,,3,0.9544115421367017,0.24656187921737016,0.344015888332222,neural_gate,,,,,,,,,,,,,,,,,,250,16,0.001,0.0,,,
,3.0793859,,,,,,,,,3,0.9468757605628066,0.2463219119381861,0.3434251213020868,neural_gate,,,,,,,,,,,,,,,,,,250,16,0.001,0.0001,,,
,3.0616343,,,,,,,,,3,0.9655930002897837,0.24802613733472226,0.3472242031029929,neural_gate,,,,,,,,,,,,,,,,,,250,16,0.003,0.0,,,
,3.1572031,,,,,,,,,3,0.9706338654384119,0.25182313617412105,0.34995317011467336,neural_gate,,,,,,,,,,,,,,,,,,250,16,0.003,0.0001,,,
,2.4286105,,,,,,,,,5,0.9555838674282842,0.25025673893235234,0.34755053322726304,neural_gate,,,,,,,,,,,,,,,,,,250,8,0.001,0.0,,,
,2.3161731,,,,,,,,,5,0.9641075144825719,0.2520810260297072,0.3497004054438796,neural_gate,,,,,,,,,,,,,,,,,,250,8,0.001,0.0001,,,
,2.2722815,,,,,,,,,5,0.9874497569469463,0.25489895129407847,0.35553809567138783,neural_gate,,,,,,,,,,,,,,,,,,250,8,0.003,0.0,,,
,2.4357493,,,,,,,,,5,0.9784269339796487,0.25616990319313643,0.35548605458385313,neural_gate,,,,,,,,,,,,,,,,,,250,8,0.003,0.0001,,,
,3.9163393,,,,,,,,,5,0.9655654602080009,0.2523402931085229,0.3501676386226527,neural_gate,,,,,,,,,,,,,,,,,,250,16,0.001,0.0,,,
,3.9441265,,,,,,,,,5,0.9638297820319862,0.25412013860505184,0.35160665263854857,neural_gate,,,,,,,,,,,,,,,,,,250,16,0.001,0.0001,,,
,4.0846532,,,,,,,,,5,0.9912502744202321,0.254262628625897,0.3549960418523035,neural_gate,,,,,,,,,,,,,,,,,,250,16,0.003,0.0,,,
,3.8752722,,,,,,,,,5,0.990916555277879,0.26574523809020495,0.3648023708587574,neural_gate,,,,,,,,,,,,,,,,,,250,16,0.003,0.0001,,,
,2.3343651,,,,,,,,,1,1.0271527056403935,0.27075425848960083,0.3684491635630022,boosted_meta,,,,,,,,,,,,,,,,,,,,0.05,,1,20,100
,2.277939,,,,,,,,,1,1.0271527056403935,0.27075425848960083,0.3684491635630022,boosted_meta,,,,,,,,,,,,,,,,,,,,0.05,,1,50,100
,4.5814515,,,,,,,,,1,0.9656583597217124,0.2542495737429438,0.34504738807233,boosted_meta,,,,,,,,,,,,,,,,,,,,0.05,,2,20,100
,4.2587053,,,,,,,,,1,0.9673157545498995,0.253626403865229,0.3446663272527071,boosted_meta,,,,,,,,,,,,,,,,,,,,0.05,,2,50,100
,7.5047854,,,,,,,,,5,1.0187417078715153,0.2715509169557617,0.3681118003274672,boosted_meta,,,,,,,,,,,,,,,,,,,,0.05,,1,20,100
,7.9234534,,,,,,,,,5,1.0187417078715153,0.2715509169557617,0.3681118003274672,boosted_meta,,,,,,,,,,,,,,,,,,,,0.05,,1,50,100
,14.2763189,,,,,,,,,5,0.9587174823799017,0.254235927177305,0.3445504620737334,boosted_meta,,,,,,,,,,,,,,,,,,,,0.05,,2,20,100
,14.2886409,,,,,,,,,5,0.9601002156818782,0.25382226985107526,0.3443893415082867,boosted_meta,,,,,,,,,,,,,,,,,,,,0.05,,2,50,100
