dataset,objective_variant,tau,lambda,validation_rmse,validation_mae,validation_cvar_05,fit_seconds,preparation_seconds,solve_seconds,condition_number,linear_solver,converged,iterations,residual_norm,relative_objective_change,stationarity_residual,convergence_reason,n_parameters
safi,quadratic_stacked,1,0.0,0.35174926756904373,0.25990764390578114,0.9604043385299735,0.0203452,0.0202291,0.0001161,239000.85440498026,cholesky,true,0,8.009573144599156e-16,NaN,NaN,,42
safi,quadratic_stacked,1,1.0e-6,0.35174986234501526,0.2599081616805881,0.9604066794848458,0.0203483,0.0202291,0.0001192,238976.00822215097,cholesky,true,0,1.1127192596867193e-15,NaN,NaN,,42
safi,quadratic_stacked,1,0.0001,0.35180914734755225,0.2599592579745047,0.9606352935390302,0.0203474,0.0202291,0.0001183,236544.4989428919,cholesky,true,0,1.068481541120298e-15,NaN,NaN,,42
safi,quadratic_stacked,1,0.001,0.35237534294073036,0.26044978622029014,0.9625836666409862,0.0204142,0.0202291,0.0001851,216705.5587679256,cholesky,true,0,8.368949164595221e-16,NaN,NaN,,42
safi,quadratic_stacked,1,0.01,0.3581033760240694,0.2655863129381149,0.9744550958421521,0.0203616,0.0202291,0.0001325,119896.00650879013,cholesky,true,0,5.651340104093789e-16,NaN,NaN,,42
safi,quadratic_stacked,1,0.1,0.3767787892569741,0.2840492000706707,0.9971890078180068,0.020391,0.0202291,0.0001619,22586.223548537575,cholesky,true,0,4.039372322023044e-16,NaN,NaN,,42
safi,quadratic_stacked,1,1.0,0.3846927250936304,0.29164756174906514,0.9941877373252269,0.020367,0.0202291,0.0001379,2672.0659115480057,cholesky,true,0,4.756807952825795e-16,NaN,NaN,,42
safi,quadratic_stacked,1,2.0,0.4054692238454743,0.3072985409574382,1.033761957135176,0.0205737,0.0202291,0.0003446,1448.2720506425642,cholesky,true,0,3.3426344319495e-16,NaN,NaN,,42
safi,quadratic_stacked,2,0.0,0.352526570663801,0.2585948089874161,0.9658260369460949,0.0237108,0.0233558,0.000355,856126.3436353058,cholesky,true,0,2.3308385991328443e-15,NaN,NaN,,78
safi,quadratic_stacked,2,1.0e-6,0.35252736962444003,0.2585955686448207,0.9658273055105442,0.0237131,0.0233558,0.0003573,856028.6817812665,cholesky,true,0,1.7518678681497135e-15,NaN,NaN,,78
safi,quadratic_stacked,2,0.0001,0.35260668129730255,0.25867016520015523,0.965958577706688,0.0237064,0.0233558,0.0003506,846488.2762911627,cholesky,true,0,1.7565816800070707e-15,NaN,NaN,,78
safi,quadratic_stacked,2,0.001,0.35334128339510046,0.2593774372694983,0.9672207966433801,0.0237084,0.0233558,0.0003526,769850.4154997825,cholesky,true,0,1.7303145495262741e-15,NaN,NaN,,78
safi,quadratic_stacked,2,0.01,0.3602068260773876,0.266036562101964,0.9765944656844457,0.0237296,0.0233558,0.0003738,418340.72436500294,cholesky,true,0,1.3772086887399452e-15,NaN,NaN,,78
safi,quadratic_stacked,2,0.1,0.38083734396495394,0.28626430156227595,1.002969254809876,0.0237551,0.0233558,0.0003993,79607.96675946964,cholesky,true,0,7.187384832470375e-16,NaN,NaN,,78
safi,quadratic_stacked,2,1.0,0.38624621824335204,0.2924848219061776,1.0033848235860774,0.0237392,0.0233558,0.0003834,9448.044513249231,cholesky,true,0,4.946519611359243e-16,NaN,NaN,,78
safi,quadratic_stacked,2,2.0,0.40561177567799694,0.3072801453995009,1.0402656698404442,0.0237998,0.0233558,0.000444,5100.59292514439,cholesky,true,0,6.749717169516588e-16,NaN,NaN,,78
safi,quadratic_stacked,3,0.0,0.35316699165834514,0.25923843432841687,0.9675558139543495,0.010858,0.0099086,0.0009494,1.9926776295103126e6,cholesky,true,0,3.02062072213946e-15,NaN,NaN,,114
safi,quadratic_stacked,3,1.0e-6,0.35316762489047654,0.2592391621910171,0.9675559573064023,0.0108632,0.0099086,0.0009546,1.9924596940617003e6,cholesky,true,0,3.181308457439212e-15,NaN,NaN,,114
safi,quadratic_stacked,3,0.0001,0.3532308554463841,0.25931203049148965,0.9675687375373818,0.0108571,0.0099086,0.0009485,1.9711487451219175e6,cholesky,true,0,3.023685223154311e-15,NaN,NaN,,114
safi,quadratic_stacked,3,0.001,0.35384466918185437,0.2600445994852387,0.9677510161446653,0.0108543,0.0099086,0.0009457,1.798499309032181e6,cholesky,true,0,2.9937941247344486e-15,NaN,NaN,,114
safi,quadratic_stacked,3,0.01,0.36037934538174915,0.267237538294852,0.972955150017774,0.0108579,0.0099086,0.0009493,983019.8499359624,cholesky,true,0,2.023191304539584e-15,NaN,NaN,,114
safi,quadratic_stacked,3,0.1,0.3806011066919328,0.2870315681360989,0.9978192891443652,0.0109245,0.0099086,0.0010159,186345.46808288977,cholesky,true,0,8.624747051759176e-16,NaN,NaN,,114
safi,quadratic_stacked,3,1.0,0.3849465686059257,0.2918278632685993,0.9968844047231039,0.0109466,0.0099086,0.001038,22050.83943243473,cholesky,true,0,7.608680956817947e-16,NaN,NaN,,114
safi,quadratic_stacked,3,2.0,0.4042406712425804,0.30704137752288074,1.0350073586240573,0.0110116,0.0099086,0.001103,11886.809767278464,cholesky,true,0,5.158877865014244e-16,NaN,NaN,,114
safi,quadratic_stacked,4,0.0,0.35142833382857747,0.25810366960282277,0.9603413306268677,0.0430328,0.0406187,0.0024141,3.2138838420394314e6,cholesky,true,0,4.768465378662969e-15,NaN,NaN,,150
safi,quadratic_stacked,4,1.0e-6,0.35142901376237146,0.25810449801656404,0.9603421523188743,0.0427732,0.0406187,0.0021545,3.213536842645553e6,cholesky,true,0,4.783759833833681e-15,NaN,NaN,,150
safi,quadratic_stacked,4,0.0001,0.3514970972672729,0.25818819156848094,0.9604215026959898,0.042500500000000004,0.0406187,0.0018818,3.1795882482292713e6,cholesky,true,0,4.187678837969488e-15,NaN,NaN,,150
safi,quadratic_stacked,4,0.001,0.35217046645541045,0.25900849121097286,0.9609954589278464,0.0424454,0.0406187,0.0018267,2.9034366948690913e6,cholesky,true,0,4.133415662709303e-15,NaN,NaN,,150
safi,quadratic_stacked,4,0.01,0.35939944068935337,0.2667050398735747,0.9701250016681704,0.0425176,0.0406187,0.0018989,1.5843589330153207e6,cholesky,true,0,3.2883891874320585e-15,NaN,NaN,,150
safi,quadratic_stacked,4,0.1,0.38073640094408007,0.2870084941862097,0.9974988498416583,0.0425169,0.0406187,0.0018982,297375.91586725856,cholesky,true,0,1.443544414472124e-15,NaN,NaN,,150
safi,quadratic_stacked,4,1.0,0.38558958686806083,0.2920928549642348,0.9940520770343124,0.042346800000000004,0.0406187,0.0017281,35033.81290796849,cholesky,true,0,6.372993214822936e-16,NaN,NaN,,150
safi,quadratic_stacked,4,2.0,0.405328446373759,0.30812369647058535,1.0315784880470276,0.0425028,0.0406187,0.0018841,18875.010048070046,cholesky,true,0,7.121570807722521e-16,NaN,NaN,,150
safi,quadratic_stacked,5,0.0,0.3520657111465429,0.2584152054629501,0.960277705344394,0.028031599999999997,0.0248404,0.0031912,4.227974534755281e6,cholesky,true,0,6.159235723294278e-15,NaN,NaN,,186
safi,quadratic_stacked,5,1.0e-6,0.3520661909936658,0.2584157439205082,0.9602768172210934,0.18464029999999998,0.0248404,0.1597999,4.227470135703112e6,cholesky,true,0,7.736969470440498e-15,NaN,NaN,,186
safi,quadratic_stacked,5,0.0001,0.35211522433317144,0.2584696405454559,0.960189944043741,0.028155299999999998,0.0248404,0.0033149,4.1782274172265646e6,cholesky,true,0,6.818150645976847e-15,NaN,NaN,,186
safi,quadratic_stacked,5,0.001,0.3526680305946913,0.2590385785829992,0.959744117780727,0.0281369,0.0248404,0.0032965,3.784671231051635e6,cholesky,true,0,6.7445988651926755e-15,NaN,NaN,,186
safi,quadratic_stacked,5,0.01,0.3597813764866827,0.2665128607995916,0.9704287733123013,0.0279896,0.0248404,0.0031492,2.016799977052115e6,cholesky,true,0,4.2126611107566705e-15,NaN,NaN,,186
safi,quadratic_stacked,5,0.1,0.380773531145697,0.28710291894186996,0.9978251592600969,0.027894699999999998,0.0248404,0.0030543,376094.4789766483,cholesky,true,0,1.4718587540969318e-15,NaN,NaN,,186
safi,quadratic_stacked,5,1.0,0.3852572166578581,0.2924699593963366,0.9919550860648626,0.1123239,0.0248404,0.0874835,44355.181433816964,cholesky,true,0,1.0190294348093824e-15,NaN,NaN,,186
safi,quadratic_stacked,5,2.0,0.4055783348637568,0.30896225110538084,1.0337433728862504,0.0282889,0.0248404,0.0034485,23899.05590842484,cholesky,true,0,6.957467179462814e-16,NaN,NaN,,186
safi,quadratic_stacked,7,0.0,0.3522003415159823,0.25917123604995185,0.9625679836233714,0.0637053,0.0569322,0.0067731,6.218103184685307e6,cholesky,true,0,1.053636743370662e-14,NaN,NaN,,258
safi,quadratic_stacked,7,1.0e-6,0.35220138611569346,0.259171971491482,0.9625686229310509,0.0787868,0.0569322,0.0218546,6.217244042343191e6,cholesky,true,0,9.50815682538244e-15,NaN,NaN,,258
safi,quadratic_stacked,7,0.0001,0.35230562560785716,0.2592477209542946,0.9626290879972914,0.0645097,0.0569322,0.0075775,6.133628378718732e6,cholesky,true,0,9.874883156542971e-15,NaN,NaN,,258
safi,quadratic_stacked,7,0.001,0.35330227165549405,0.26010057600444864,0.9629666291762349,0.064442,0.0569322,0.0075098,5.48228669420724e6,cholesky,true,0,9.498577016504574e-15,NaN,NaN,,258
safi,quadratic_stacked,7,0.01,0.362233354686754,0.26842543934633994,0.9744789916924889,0.0646154,0.0569322,0.0076832,2.8023913108536373e6,cholesky,true,0,6.0568949164682e-15,NaN,NaN,,258
safi,quadratic_stacked,7,0.1,0.38304410415990736,0.2886278105113893,1.006701678194751,0.0648668,0.0569322,0.0079346,508227.86460540496,cholesky,true,0,2.3059411528447953e-15,NaN,NaN,,258
safi,quadratic_stacked,7,1.0,0.3852767432904194,0.2929906387983502,0.9913094123243701,0.0647625,0.0569322,0.0078303,59596.81355080381,cholesky,true,0,1.026889591767227e-15,NaN,NaN,,258
safi,quadratic_stacked,7,2.0,0.4062157297796124,0.3098238354398534,1.034219107464181,0.064565,0.0569322,0.0076328,32100.636615018866,cholesky,true,0,9.634036325230256e-16,NaN,NaN,,258
safi,quadratic_stacked,10,0.0,0.3526371867847071,0.25958704944993394,0.9706083204291249,0.1696421,0.1478339,0.0218082,1.1122548957283612e7,cholesky,true,0,1.4917519682775913e-14,NaN,NaN,,366
safi,quadratic_stacked,10,1.0e-6,0.35263678344080723,0.25958701141146057,0.9706048045040784,0.1683071,0.1478339,0.0204732,1.1120576215228371e7,cholesky,true,0,1.2830472758963684e-14,NaN,NaN,,366
safi,quadratic_stacked,10,0.0001,0.35260205950729345,0.25959005622228615,0.9702652839972576,0.1675701,0.1478339,0.0197362,1.0929353091291873e7,cholesky,true,0,1.3834327040436828e-14,NaN,NaN,,366
safi,quadratic_stacked,10,0.001,0.3526296787633326,0.2597418741517993,0.9682844656553241,0.16846899999999998,0.1478339,0.0206351,9.489860454535494e6,cholesky,true,0,1.3814357518488752e-14,NaN,NaN,,366
safi,quadratic_stacked,10,0.01,0.35889661296521164,0.26540609207643845,0.9739920979744051,0.17350549999999998,0.1478339,0.0256716,4.364670699822201e6,cholesky,true,0,7.963299244954259e-15,NaN,NaN,,366
safi,quadratic_stacked,10,0.1,0.38026475704596957,0.28541121292479893,1.0022083092017728,0.1671025,0.1478339,0.0192686,738579.2208720167,cholesky,true,0,3.0045129399401048e-15,NaN,NaN,,366
safi,quadratic_stacked,10,1.0,0.3862418243562335,0.2933525086993383,0.9999179422558897,0.16849139999999999,0.1478339,0.0206575,85687.46555676189,cholesky,true,0,1.4650403203608234e-15,NaN,NaN,,366
safi,quadratic_stacked,10,2.0,0.4085197525627928,0.31159935103589476,1.0430267026739979,0.3148563,0.1478339,0.1670224,46145.84998471589,cholesky,true,0,1.1593685307459625e-15,NaN,NaN,,366
safi,quadratic_stacked,15,0.0,0.356095222416206,0.26347988410341333,0.9729950647234831,0.19037579999999998,0.1355747,0.0548011,2.170034872783022e7,cholesky,true,0,2.2243110212407214e-14,NaN,NaN,,546
safi,quadratic_stacked,15,1.0e-6,0.3560950203404792,0.263480220089366,0.9729913175819621,0.1908935,0.1355747,0.0553188,2.1695261274651602e7,cholesky,true,0,2.199146759765149e-14,NaN,NaN,,546
safi,quadratic_stacked,15,0.0001,0.35608225511878566,0.2635188173547587,0.9726320838982854,0.3086858,0.1355747,0.1731111,2.1205260384753395e7,cholesky,true,0,2.1062591589486356e-14,NaN,NaN,,546
safi,quadratic_stacked,15,0.001,0.356383302779944,0.26409215113428786,0.9701330471655604,0.2500849,0.1355747,0.1145102,1.7700007707852144e7,cholesky,true,0,1.9209723167030468e-14,NaN,NaN,,546
safi,quadratic_stacked,15,0.01,0.3630950893565783,0.27128295955289294,0.9756370566230164,0.2178291,0.1355747,0.0822544,7.199049252541446e6,cholesky,true,0,1.2800265204811865e-14,NaN,NaN,,546
safi,quadratic_stacked,15,0.1,0.380668616161474,0.286897836244503,0.9995403265569143,0.2174006,0.1355747,0.0818259,1.1314881138472857e6,cholesky,true,0,4.225858789399656e-15,NaN,NaN,,546
safi,quadratic_stacked,15,1.0,0.3898304635824502,0.2967953999194309,0.998993630189388,0.20935189999999998,0.1355747,0.0737772,129951.46323480953,cholesky,true,0,1.80000494619275e-15,NaN,NaN,,546
safi,quadratic_stacked,15,2.0,0.415460566475666,0.31695655769116216,1.058047414428585,0.2064285,0.1355747,0.0708538,69949.53623359659,cholesky,true,0,1.604044397261162e-15,NaN,NaN,,546
safi,quadratic_stacked,25,0.0,0.3664840457847541,0.27259734778329414,0.9884827816823643,0.5958987,0.2978136,0.2980851,4.8465288328150354e7,cholesky,true,0,3.524862461529815e-14,NaN,NaN,,906
safi,quadratic_stacked,25,1.0e-6,0.3664813802196706,0.2725957183049487,0.988473277780136,0.5807499,0.2978136,0.2829363,4.844987002179204e7,cholesky,true,0,3.468415671932369e-14,NaN,NaN,,906
safi,quadratic_stacked,25,0.0001,0.36623712958211097,0.2724587699267073,0.987562106941992,0.5818006,0.2978136,0.283987,4.697722252555058e7,cholesky,true,0,3.261974633023779e-14,NaN,NaN,,906
safi,quadratic_stacked,25,0.001,0.3651257880735819,0.27198137793689026,0.9825250242623872,0.5835435,0.2978136,0.2857299,3.710202871694331e7,cholesky,true,0,2.928377139633421e-14,NaN,NaN,,906
safi,quadratic_stacked,25,0.01,0.3687125737823201,0.2757383636489794,0.9846708879733911,0.5820198000000001,0.2978136,0.2842062,1.314309593062656e7,cholesky,true,0,1.6028713303965948e-14,NaN,NaN,,906
safi,quadratic_stacked,25,0.1,0.38361662027296883,0.28849294332699243,1.0086346567020725,0.5822261,0.2978136,0.2844125,1.994240410481296e6,cholesky,true,0,5.249033779485038e-15,NaN,NaN,,906
safi,quadratic_stacked,25,1.0,0.39839392192810746,0.3014021457161241,1.0335043310887972,0.5808992,0.2978136,0.2830856,228146.4447229066,cholesky,true,0,2.7494890742290354e-15,NaN,NaN,,906
safi,quadratic_stacked,25,2.0,0.43070317566504074,0.3258789377898466,1.119762574382144,0.5951691,0.2978136,0.2973555,122628.65292234225,cholesky,true,0,2.628455009331946e-15,NaN,NaN,,906
