regime,seed,tau,lambda,quadratic_validation_rmse,irls_norm_validation_rmse,exact_norm_validation_rmse,quadratic_vs_irls_prediction_max_abs,irls_vs_exact_prediction_max_abs,irls_vs_exact_prediction_relative_l2,quadratic_fit_seconds,irls_fit_seconds,exact_fit_seconds,quadratic_objective,irls_norm_objective,exact_norm_objective,irls_vs_exact_relative_objective,irls_iterations,irls_converged,irls_stationarity_residual,irls_relative_objective_change,irls_convergence_reason
gradual,1,1,0.001,0.16589546584830478,0.16889869237843022,0.16890054810919844,0.02333728571190319,8.395399362148837e-6,2.7045783238207806e-6,0.00048090000000000003,0.0007875,0.5398685000000001,0.005399638398607741,1.7669307504520215,1.7669307505169283,3.673417683464203e-11,2,true,1.8893587680129284e-9,1.7482980693924108e-9,strict_smoothed_stationarity
gradual,1,1,0.01,0.14613985526407658,0.1646079131463222,0.16460519851892266,0.1531336967470951,1.995756781081326e-5,4.470046505057929e-6,0.0005628,0.0015687,0.8654267999999999,0.007573308473170384,1.881367016228184,1.8813670166872567,2.4401022007856124e-10,3,true,2.8687463134493906e-8,3.82834092072537e-9,objective_and_practical_stationarity
gradual,1,1,0.1,0.1280945248097417,0.13937206926909937,0.1393791958413253,0.24895502895363386,5.7609785599543883e-5,1.5543666942692605e-5,0.0005084,0.0013874,0.8206755,0.023273231054416837,2.939086305429734,2.9390863101859717,1.61827082433253e-9,6,true,6.22848074348664e-8,1.1535720865898644e-10,objective_and_practical_stationarity
gradual,1,3,0.001,0.22247247431437225,0.2282247650965657,0.2282257836291999,0.02918109447271222,4.023870656899575e-6,1.4224745057173726e-6,0.0031333,0.0068567,2.5193132,0.004829940895716868,1.6647625165534528,1.6647625165782165,1.4875242782237135e-11,2,true,2.0292555628128766e-9,2.526386040471932e-9,strict_smoothed_stationarity
gradual,1,3,0.01,0.18877514005771523,0.22074650454267983,0.2207531900677078,0.18793297060547354,2.8176097849774706e-5,9.280481922931323e-6,0.00195,0.0329485,2.9693036,0.00706659477572104,1.7817350796139115,1.781735080655216,5.844327741901933e-10,3,true,3.464744166006548e-8,6.7063715822546994e-9,objective_and_practical_stationarity
gradual,1,3,0.1,0.15137381524195007,0.17916150147584745,0.1791600620006249,0.3264903357415725,9.80360844460293e-6,2.9713473712378213e-6,0.0019734,0.009795700000000001,3.8184340000000003,0.022823541271774876,2.856964984402947,2.8569649846567176,8.882514816932974e-11,7,true,1.4462209086264172e-8,6.626445587935359e-12,objective_and_practical_stationarity
gradual,1,5,0.001,0.23792152767257949,0.24554881604588805,0.24554820253594764,0.0355810170079367,6.841556361214529e-6,1.678987455107753e-6,0.0346724,0.011127,6.0107684,0.004249755683530663,1.5532707544518378,1.5532707545888553,8.821225021169404e-11,2,true,2.942039975901081e-9,5.928268393978836e-9,strict_smoothed_stationarity
gradual,1,5,0.01,0.1984804287483446,0.23659813561353885,0.23659528539318664,0.2078737156833501,1.473593095480119e-5,5.392850284746264e-6,0.0206001,0.0183134,7.3187287,0.006539698494778102,1.6733062211307894,1.6733062213219227,1.142249571230371e-10,4,true,1.4517133705605307e-9,1.3168696933648557e-11,strict_smoothed_stationarity
gradual,1,5,0.1,0.15639490298084613,0.18981086182793797,0.1898082837620474,0.3332809926170829,1.794149576594961e-5,5.325521475266331e-6,0.0211796,0.0266225,9.7785093,0.022318309185892525,2.7643830443669293,2.764383044904865,1.9459528918176027e-10,7,true,2.2857669504634422e-8,1.8326583633914856e-11,objective_and_practical_stationarity
gradual,2,1,0.001,0.15341736259942476,0.15394833023999946,0.15394759005092032,0.005157839417191168,6.4909924714084966e-6,2.0956155616678786e-6,0.0005179,0.0009480000000000001,0.5339668000000001,0.00971103094666329,2.3986358759692346,2.3986358760644912,3.971286028620521e-11,2,true,2.5496084317957137e-10,2.5650739356780023e-11,strict_smoothed_stationarity
gradual,2,1,0.01,0.14879577173121647,0.15269798594685968,0.15269741686740393,0.040854291178051616,5.384478939607362e-6,1.7172760786332335e-6,0.0005054,0.000996,0.559665,0.011548562777435717,2.499871766896899,2.4998717670093185,4.497006950528311e-11,3,true,2.0085853656676418e-9,1.5081865528363638e-11,strict_smoothed_stationarity
gradual,2,1,0.1,0.14113403348708772,0.14504341910887458,0.14504428384461437,0.11675734538345417,1.4029427170658693e-5,4.0400720082740175e-6,0.0005342,0.0015390999999999998,0.9658449,0.026940277659481447,3.476106275977846,3.476106276441806,1.3347117281457803e-10,5,true,2.9186416169241353e-8,2.089799997156596e-11,objective_and_practical_stationarity
gradual,2,3,0.001,0.18185821182001402,0.18299344715882668,0.18299270982476523,0.007847966561668862,5.633647951253096e-6,1.8806729721094113e-6,0.0022789,0.0040369,2.5349207000000002,0.008375562965815396,2.222247107597888,2.2222471076498933,2.3402217885525404e-11,2,true,5.604746871445567e-10,1.1845411893963194e-10,strict_smoothed_stationarity
gradual,2,3,0.01,0.17257929946722958,0.18068823665912173,0.18068873989544848,0.05983032553365497,3.935647105102191e-6,1.4070068569706497e-6,0.0019911,0.0050499,3.0565968,0.010348802306261654,2.328140077560703,2.3281400775936683,1.4159451337847479e-11,3,true,5.805488201863308e-9,1.2076229826732234e-10,strict_smoothed_stationarity
gradual,2,3,0.1,0.1504347512988942,0.16591097926075804,0.16591003071206326,0.15811913783020115,2.115134753255532e-5,6.3095119314044765e-6,0.0021091,0.007299,2.8803455000000002,0.026084900201397816,3.3359572729052376,3.335957273958637,3.157713073851116e-10,5,true,8.650854908332483e-8,1.7939064295397363e-10,objective_and_practical_stationarity
gradual,2,5,0.001,0.20333851223246316,0.20557121610905468,0.20557068743543658,0.016675751348137036,5.66441239235882e-6,1.975908724695006e-6,0.0297053,0.0114106,5.8657292,0.007421825485373046,2.085308845231532,2.0853088453004913,3.3069204558622715e-11,2,true,1.4507647598747183e-9,7.088786264807178e-10,strict_smoothed_stationarity
gradual,2,5,0.01,0.18792467324493908,0.20167446945574616,0.2016757615584528,0.10812822507470066,1.0853263401333635e-5,3.4437818189094744e-6,0.0210552,0.0145193,6.995788999999999,0.009564056148614627,2.1974967271153516,2.197496727233373,5.370728931530675e-11,3,true,2.0062919559579303e-8,1.3015864880202951e-9,objective_and_practical_stationarity
gradual,2,5,0.1,0.15773687080311494,0.17954526352156328,0.17954859694989195,0.19440723646336444,7.203558449653258e-5,1.952143867019093e-5,0.021326400000000002,0.024077099999999997,7.4987724,0.025608791618453836,3.2420660509115145,3.242066058357485,2.296674519521881e-9,6,true,2.737890296830638e-8,1.7167081613122945e-11,objective_and_practical_stationarity
gradual,3,1,0.001,0.0985933502680607,0.09863161365918596,0.09863161949916142,0.005821184770989363,5.025030309635525e-7,2.0422429642376156e-7,0.0004885,0.0009044,0.5821372,0.007518444223556274,2.0842604956696573,2.084260495672733,1.4757089499164428e-12,2,true,1.109132669295121e-9,5.773976532879473e-10,strict_smoothed_stationarity
gradual,3,1,0.01,0.09936362614905699,0.09858505190689239,0.09858504621910938,0.04930909600380362,1.6857419093407877e-6,6.719001132980693e-7,0.0005074000000000001,0.0009837000000000001,0.594423,0.010664805862522771,2.2204436463887856,2.2204436464104864,9.773210576009994e-12,3,true,1.6332248759940838e-8,1.1090195988985503e-9,objective_and_practical_stationarity
gradual,3,1,0.1,0.13030041594365493,0.10060194391657652,0.10060110880161512,0.2101115756575037,3.619930178078157e-5,1.487690511524298e-5,0.0005045,0.0016118,0.8013281,0.03191410119297007,3.497109547820903,3.497109565250656,4.984045501315907e-9,7,true,3.4141184899259014e-8,2.066391446821476e-11,objective_and_practical_stationarity
gradual,3,3,0.001,0.10872922913150573,0.10913235576553862,0.10913233737415277,0.012348995350613734,5.38783964776357e-7,2.0390739131509328e-7,0.0022039,0.0044084,2.4520603000000003,0.006585555889391878,1.9418879604760542,1.9418879604785908,1.3062739036902967e-12,2,true,1.7027022500086538e-9,1.4449214295438676e-9,strict_smoothed_stationarity
gradual,3,3,0.01,0.10742804545148482,0.10862695254448712,0.10862709084355256,0.07139806928038994,1.5647647334082748e-5,4.4042013933816396e-6,0.0256325,0.0050149,2.5293286,0.00980079047753641,2.0811713075067355,2.0811713082747265,3.690186392014899e-10,3,true,2.7911657011184652e-8,3.4502423903605006e-9,objective_and_practical_stationarity
gradual,3,3,0.1,0.13385900496400288,0.10776195967234513,0.10776114818967654,0.2530327910469933,1.8239397657882073e-5,6.722424643236101e-6,0.0020283000000000002,0.0096933,3.3689136,0.030831975628818578,3.373694747899113,3.3736947508228066,8.666147791963544e-10,7,true,5.853773230179749e-8,6.583790415239291e-11,objective_and_practical_stationarity
gradual,3,5,0.001,0.11425726948228392,0.11497465145273791,0.11497461427866111,0.015307512088304165,1.1896091363094996e-6,3.994695856692987e-7,0.008779499999999999,0.0430744,6.9362141,0.005927005712781854,1.8340476544119304,1.8340476544190405,3.876720584207855e-12,2,true,2.2956575774299663e-9,2.868794774210936e-9,strict_smoothed_stationarity
gradual,3,5,0.01,0.1126391645567898,0.1141469945702092,0.11414693306620384,0.07935668612974134,6.756348247760613e-6,2.6761559884874737e-6,0.0051847,0.0309734,7.183457199999999,0.009206997256527526,1.9762204222456785,1.9762204224544657,1.0564975818034695e-10,3,true,4.079417729022666e-8,8.027165404628388e-9,objective_and_practical_stationarity
gradual,3,5,0.1,0.1391324390773334,0.11312442570380045,0.11312426301497759,0.20655256891800478,5.420172634940101e-6,2.5305840926538784e-6,0.0053922,0.19360380000000002,7.671974199999999,0.03010727881130496,3.284461892672845,3.2844618928095057,4.160830884169295e-11,7,true,9.021565913635896e-8,1.684996363619459e-10,objective_and_practical_stationarity
gradual,4,1,0.001,0.21674413298143574,0.2169586355344584,0.21695873067213928,0.003659374734387044,1.7306957045271076e-6,5.705673530743033e-7,0.0005551,0.0008311,0.7165252,0.01621899785482758,3.1107847152743964,3.110784715285275,3.4969984361291707e-12,2,true,2.376285967946412e-10,1.0696423980321848e-11,strict_smoothed_stationarity
gradual,4,1,0.01,0.2145784863423068,0.21623681886379248,0.21623673036755395,0.029931532203392508,1.5823519043944856e-6,5.134780614610286e-7,0.0005437,0.0010454,0.8180780999999999,0.01801556640526021,3.210465311581034,3.210465311590211,2.8584963956536044e-12,3,true,1.8553697635709273e-9,6.39713926006893e-12,strict_smoothed_stationarity
gradual,4,1,0.1,0.20977214320083665,0.21176374805065862,0.21176404091319026,0.10456020752534134,5.4770889588162674e-6,2.094708507682158e-6,0.0007639000000000001,0.0017432,0.8325122,0.03332391622478572,4.170770568494157,4.170770568827543,7.993406640738769e-11,5,true,2.0034585743281215e-8,6.049996874471626e-12,objective_and_practical_stationarity
gradual,4,3,0.001,0.22160934370660568,0.222070144735569,0.22206990104953697,0.004796312865115615,4.531083299452732e-6,1.5796038528488755e-6,0.0019950999999999997,0.0049113,3.2713987999999996,0.013653104792410407,2.8491662741941726,2.849166274248078,1.891968367576797e-11,2,true,6.018976441668608e-10,7.008282021876865e-11,strict_smoothed_stationarity
gradual,4,3,0.01,0.21756354379064916,0.2208197786837142,0.22082104122178026,0.03884697941494153,1.9218805580756282e-5,6.453651968138587e-6,0.0021089999999999998,0.0056719000000000006,3.309278,0.015674274335096633,2.955907661738261,2.955907663356713,5.47531324850641e-10,3,true,6.6399594123386095e-9,8.363891308078417e-11,strict_smoothed_stationarity
gradual,4,3,0.1,0.20914556047092894,0.21349087213875603,0.21349083521995027,0.12646468370971647,2.0325466009163407e-5,6.900219383446757e-6,0.0022258,0.0317776,3.5932745,0.03178742362298821,3.966752268490223,3.9667522699292084,3.6276159371235634e-10,5,true,8.451056855054033e-8,1.0963553501999287e-10,objective_and_practical_stationarity
gradual,4,5,0.001,0.23254878506830176,0.23335567179511132,0.23335566710008093,0.009976071127855812,4.000877540377701e-7,1.53857755785713e-7,0.0057034,0.0129645,7.1858623,0.01169369384999862,2.6316603098187152,2.631660309819246,2.016546754878386e-13,2,true,1.2039722219140297e-9,2.9703919314092044e-10,strict_smoothed_stationarity
gradual,4,5,0.01,0.22667002059376196,0.23152325395406867,0.23152346497099924,0.06334179562854536,5.9802228397909385e-6,2.031090678891903e-6,0.0055168000000000005,0.0151496,7.9861588,0.013869791249554501,2.743571188938158,2.743571189015462,2.8176393357582487e-11,3,true,1.5146082120901508e-8,4.738749999355424e-10,objective_and_practical_stationarity
gradual,4,5,0.1,0.2141862924253546,0.2219607048030669,0.2219608240698592,0.15204883312593598,1.1406915845446619e-5,4.434122887434209e-6,0.0065074,0.0355148,8.6541742,0.030474612078856076,3.789141552552416,3.789141552852105,7.909145491290219e-11,6,true,1.678337087823424e-8,4.902027288631023e-12,objective_and_practical_stationarity
gradual,5,1,0.001,0.09207548361110257,0.09583182540055742,0.0958317217742048,0.023728795603546793,8.841971990136699e-7,2.5411571793170784e-7,0.0005299,0.0007702,0.5431325,0.0016133172267342097,0.8620260711770956,0.8620260711803435,3.7676893365780285e-12,2,true,8.593577048673519e-10,5.909138844906181e-9,strict_smoothed_stationarity
gradual,5,1,0.01,0.0823613395081092,0.09378900506947183,0.09378893623211558,0.12948599955382223,5.037903012539147e-7,2.1212740441396474e-7,0.0005122,0.0014213,0.6404419,0.004826747793463821,1.005628206807936,1.005628206810942,2.988995134098543e-12,4,true,2.633735743407482e-10,4.243370649851055e-12,strict_smoothed_stationarity
gradual,5,1,0.1,0.10796539507193578,0.08317237544665197,0.08317510528417417,0.19439212281162885,3.200800046188057e-5,1.03731585884058e-5,0.0005029,0.0018634,0.9612056,0.024085444677673918,2.36487525899774,2.3648752616778603,1.1333029565074521e-9,9,true,2.4099548209257546e-8,4.0427019140453266e-11,objective_and_practical_stationarity
gradual,5,3,0.001,0.08634087771100059,0.08938222050690571,0.08938225614810939,0.03341068699023442,6.449542242492612e-7,2.343452888494286e-7,0.0486461,0.0040259,2.6976283999999997,0.001379310136756029,0.7669158367148347,0.7669158367177901,3.8536349753847905e-12,2,true,1.2409227066506826e-9,1.3810075416564871e-8,strict_smoothed_stationarity
gradual,5,3,0.01,0.08710581300711845,0.0878600674281269,0.0878595738467873,0.16669484696875458,4.158387932440277e-6,1.5642350788927422e-6,0.0023207,0.0062023,2.6165448000000002,0.004629644092390619,0.91430778272093,0.9143077827481486,2.976958224812053e-11,4,true,5.266040122228458e-10,1.8495427411835408e-11,strict_smoothed_stationarity
gradual,5,3,0.1,0.12619330347428495,0.08385426444918505,0.08385453937421965,0.2851209094892224,9.256293597714738e-6,3.2018427876194114e-6,0.0016803,0.0262593,3.5241454,0.02361609298331423,2.2986196896550193,2.298619689714129,2.5715261364538358e-11,9,true,7.043780352501421e-8,3.6237570029873625e-10,objective_and_practical_stationarity
gradual,5,5,0.001,0.09338134024908996,0.09592282233206222,0.09592283267589377,0.03865052575596295,7.881626282735255e-7,2.624749369818381e-7,0.005179700000000001,0.0122656,6.136868600000001,0.0012004614698676113,0.6911869424844042,0.6911869424888353,6.410888087567569e-12,2,true,1.5702807962157733e-9,2.4993753178215172e-8,strict_smoothed_stationarity
gradual,5,5,0.01,0.09879601819513754,0.09468074994328923,0.09468055801463632,0.17668666009245948,3.830478841004847e-6,1.5900438804747702e-6,0.0053186,0.0246452,6.3433061,0.004382375884265869,0.839135050395806,0.8391350504454266,5.91329487200687e-11,4,true,8.065434477622941e-10,4.788991425641598e-11,strict_smoothed_stationarity
gradual,5,5,0.1,0.13258532574856882,0.0938496398043966,0.09385045807045243,0.33009527458001675,1.2116127258154918e-5,4.663839539032014e-6,0.0062721,0.0543995,9.7589056,0.02301165398406317,2.2217076686697292,2.221707669183178,2.3110548976502243e-10,10,true,3.04387965931037e-8,7.552408850057826e-11,objective_and_practical_stationarity
recurring,1,1,0.001,0.05119974007870997,0.048318596360631134,0.04831858838097106,0.21264324336818663,4.205825380410033e-6,5.277243132096213e-7,0.0006456999999999999,0.0010381000000000001,0.5617853,0.001540254370928526,0.7229284546945743,0.7229284547438859,6.821083679285836e-11,3,true,2.0347331856269443e-9,1.0322842691756762e-8,strict_smoothed_stationarity
recurring,1,1,0.01,0.06154418455374415,0.04865738287535807,0.048657106818762064,0.24671819517311988,3.5407174530099894e-5,3.6443749467836793e-6,0.0005161,0.0014579999999999999,0.9055603,0.004678403346652871,0.9304205623345082,0.9304205627306767,4.257951278002237e-10,6,true,1.6614647842188104e-8,5.129970670481043e-9,objective_and_practical_stationarity
recurring,1,1,0.1,0.09047100309800464,0.060155255289916984,0.060155564781715465,0.19923664252946716,3.62819197741171e-6,1.2311476937999642e-6,0.0005627,0.046789,1.0834873,0.024380491153472576,2.345750502322328,2.3457505028378423,2.1976518700204412e-10,8,true,6.643485519622208e-8,3.94093852658847e-10,objective_and_practical_stationarity
recurring,1,3,0.001,0.05102150858914969,0.05064362845130079,0.050643786148742105,0.19428397146855314,6.4975432036984415e-6,1.0213056247867343e-6,0.0020967,0.0050917,2.6567544,0.0013698606982341314,0.6504562468003822,0.650456246848588,7.411087826856642e-11,3,true,2.7834172028058473e-9,2.0868732963919e-8,strict_smoothed_stationarity
recurring,1,3,0.01,0.061919866533940146,0.0496234243733589,0.04962355978849348,0.28379838151009684,2.3084649110494126e-5,3.84861712364815e-6,0.0205573,0.0089178,1.9428662,0.004441708603866408,0.8607575331668026,0.8607575343482654,1.3725849258620113e-9,7,true,4.245954282083341e-9,3.5478664450749875e-10,strict_smoothed_stationarity
recurring,1,3,0.1,0.0928200933664619,0.05971304022082676,0.05971274893677983,0.17740377518685624,2.7656091368122304e-6,8.177913814962512e-7,0.0009682,0.0044983,5.4430054,0.023957516551503796,2.2749545104580227,2.2749545104540148,1.761751762718523e-12,8,true,8.291178132463575e-8,6.506651915949626e-10,objective_and_practical_stationarity
recurring,1,5,0.001,0.05473831712656311,0.05116626905748521,0.05116646515015507,0.19781738833774265,2.0626195313844242e-5,3.3986630362710903e-6,0.1880347,0.0250342,6.3321016,0.0012689601796667493,0.6096241155338187,0.6096241161044837,9.360933330530438e-10,3,true,3.5620545999954703e-9,3.554905070313197e-8,strict_smoothed_stationarity
recurring,1,5,0.01,0.0663091510581785,0.05136803489818325,0.05136831275518496,0.2600601414083439,1.277018203926783e-5,1.8692526157504278e-6,0.0050456,0.027774399999999998,8.4435105,0.004280623668516668,0.8199432115664063,0.8199432118696872,3.6988043990622575e-10,7,true,5.842800130484845e-9,7.083450492828547e-10,strict_smoothed_stationarity
recurring,1,5,0.1,0.09910997572367554,0.06389118206662699,0.0638923354422089,0.19260706347632994,2.1489610075864363e-5,4.655466875151904e-6,0.0050849,0.0384402,10.3047179,0.02349441649886245,2.225645793635016,2.2256457984362847,2.1572474467008333e-9,9,true,2.43295279272145e-8,5.965749665469172e-11,objective_and_practical_stationarity
recurring,2,1,0.001,0.06463683225782674,0.06412395281830127,0.06412409160563477,0.014608784241934014,3.929240187217076e-6,1.0449167589043946e-6,0.0006434,0.0009453,0.5386456,0.0034189975680833243,1.3694092160826161,1.3694092162309792,1.0834095303658582e-10,2,true,3.658218228083337e-9,1.5602708080914004e-8,strict_smoothed_stationarity
recurring,2,1,0.01,0.06957066974102279,0.06459806808906551,0.0645981307672072,0.08908501385394751,2.2379006807682345e-6,9.120601975663058e-7,0.0006134000000000001,0.0010834,0.6960455999999999,0.006214632958325377,1.5018683196850127,1.5018683197897222,6.971954396052344e-11,4,true,9.93503117455585e-10,1.2563031000360781e-11,strict_smoothed_stationarity
recurring,2,1,0.1,0.09962045879301798,0.07009783724637056,0.07009733358162348,0.14566401121817518,4.930723776164214e-6,2.1673301447793746e-6,0.0006085999999999999,0.0024187,1.0140654,0.02522468849606729,2.728052703661718,2.7280527046275163,3.5402472485824905e-10,7,true,2.852526222576837e-8,4.767843689097294e-11,objective_and_practical_stationarity
recurring,2,3,0.001,0.05961465825447591,0.05912668039752474,0.05912669445274425,0.01875322636489385,6.232998702726533e-7,1.9100712650229892e-7,0.0026433999999999997,0.0061061,2.6553734,0.0024658834896711095,1.1307533715578195,1.130753371562481,4.122368775031871e-12,2,true,4.424391302394071e-9,4.0035837553764134e-8,strict_smoothed_stationarity
recurring,2,3,0.01,0.06544233755495772,0.059462811624614496,0.059462890548525174,0.12103013040898958,1.483353529918574e-5,4.16682793208936e-6,0.0035203,0.0079846,3.1191953,0.005403097293233572,1.2695310023480935,1.2695310041815164,1.4441734490618687e-9,4,true,1.7350411993415589e-9,5.987432163077495e-11,strict_smoothed_stationarity
recurring,2,3,0.1,0.0999728324932583,0.06477441680207081,0.0647733082067464,0.18568575857802994,1.4997294724206078e-5,3.4667991190625583e-6,0.0020106000000000004,0.0108296,3.8152303,0.02461890550812591,2.5432089027500018,2.543208904145029,5.485303242651221e-10,7,true,7.909486122843326e-8,4.466381207435064e-10,objective_and_practical_stationarity
recurring,2,5,0.001,0.06488375111507155,0.06523941317298708,0.0652394245508658,0.04042329586757465,1.1453332739996824e-6,2.862120499871977e-7,0.0042052,0.0394883,5.8568209,0.0020900264481161107,1.0145925308380745,1.0145925308454715,7.290583854095188e-12,3,true,5.483352782465388e-11,6.1569355977393934e-12,strict_smoothed_stationarity
recurring,2,5,0.01,0.06940594614644453,0.06492680178434371,0.06492687096167714,0.13959140846196916,2.8218066048246726e-6,7.515109403758233e-7,0.005257700000000001,0.032761700000000005,7.2889844,0.005093621433549784,1.1604862531583726,1.1604862531967157,3.304055206345013e-11,4,true,6.388631768061379e-9,8.172187787882143e-10,strict_smoothed_stationarity
recurring,2,5,0.1,0.10157748445202423,0.0683173054602868,0.06831713265883461,0.22625920498311902,2.803835606024485e-6,1.250483799709815e-6,0.0051234,0.0964068,8.9909585,0.024262372454076593,2.4622691907448813,2.462269190915728,6.938595212065682e-11,8,true,3.124984119343345e-8,7.432360489315487e-11,objective_and_practical_stationarity
recurring,3,1,0.001,0.08312421547824325,0.08262732136585635,0.08262730815074455,0.046797503342650204,1.7307835123991921e-6,2.014713395314311e-7,0.0005107,0.00084,0.6482471000000001,0.007058780134852145,2.0106064337188227,2.0106064337178537,4.819454666227412e-13,2,true,9.938704517297634e-9,2.176710120330169e-8,strict_smoothed_stationarity
recurring,3,1,0.01,0.08776192167725338,0.08329485286702988,0.08329451759049578,0.16130885602744827,1.5256576147870682e-5,4.233658611627226e-6,0.0005348,0.0014246999999999999,0.6045509,0.010220756158627102,2.1542394711421826,2.154239473440929,1.0670803106173238e-9,4,true,6.8145770574541755e-9,1.0896436788658485e-10,strict_smoothed_stationarity
recurring,3,1,0.1,0.11351369892143216,0.08991723957450538,0.08991649592964067,0.12521630783274085,1.4820150309069469e-5,5.920305750652664e-6,0.0005208,0.0015704,0.696535,0.030883417179932916,3.423276336386871,3.4232763388979657,7.335355486928037e-10,7,true,3.603315919006794e-8,2.7938389773237486e-11,objective_and_practical_stationarity
recurring,3,3,0.001,0.06935777436418965,0.07030585644805082,0.07030584227485832,0.1866423498633457,8.882150690503465e-7,3.5756988706856605e-7,0.0029162,0.0061865,2.4567276000000002,0.004372102939827336,1.544945792708674,1.5449457927224575,8.921619720024344e-12,3,true,1.429245166896665e-10,8.121225032623425e-12,strict_smoothed_stationarity
recurring,3,3,0.01,0.08154933036775752,0.06935238122528195,0.06935232973021092,0.6131409227141387,4.7719537208834595e-5,6.448315664047724e-6,0.0019957,0.005971,2.6413022,0.0075186829664644645,1.6982714102745837,1.6982714126893037,1.4218692969121715e-9,4,true,2.8795196589708775e-8,3.1741815101231608e-9,objective_and_practical_stationarity
recurring,3,3,0.1,0.11185357089739296,0.08415233132110826,0.08415223352158475,0.14915437953267752,3.277588641936724e-6,1.436637832149919e-6,0.0279377,0.0090276,3.7121516,0.027467567066858774,2.984429860510552,2.9844298606881074,5.949387725000982e-11,7,true,6.634171165465485e-8,1.4985747879898137e-10,objective_and_practical_stationarity
recurring,3,5,0.001,0.07002139793331857,0.07159589269536613,0.07159571301610829,0.16295692669645157,1.1586547811859305e-5,1.2351480505830937e-6,0.0050676,0.0441041,5.7462107,0.0032522961220894857,1.298892512624098,1.2988925126593134,2.7111855538062456e-11,3,true,1.2117497965600106e-10,1.1220591074050321e-11,strict_smoothed_stationarity
recurring,3,5,0.01,0.07932029949387798,0.07019465383634904,0.07019459576510392,0.5120934184341058,6.370190786153529e-5,7.090051246587272e-6,0.0049977,0.029388400000000002,6.0071629,0.006534297992158676,1.4587867903452518,1.4587867917237691,9.44975172609771e-10,4,true,2.808552728769253e-8,5.3788277798129105e-9,objective_and_practical_stationarity
recurring,3,5,0.1,0.1122547145758083,0.08002470649417102,0.08002138988796366,0.17901484042554938,8.433351639802744e-5,9.044369741207115e-6,0.0051877,0.1660752,8.5506907,0.0265262106755808,2.7985937983108964,2.7985938026518076,1.551104408917572e-9,8,true,5.068613801679062e-8,1.034440079311074e-10,objective_and_practical_stationarity
recurring,4,1,0.001,0.12239059674706568,0.12257338918800371,0.12257320660738608,0.015133331448454773,1.0014184636419898e-5,3.209032531617415e-6,0.0008681,0.0008352,0.5819266000000001,0.009263279167985217,2.3217378816239918,2.321737882134048,2.1968734948598795e-10,2,true,7.822324158723904e-9,1.0106824535857908e-8,strict_smoothed_stationarity
recurring,4,1,0.01,0.12263162236068716,0.12231754774045293,0.12231756487931451,0.06500857325361864,1.2292441929712128e-5,2.9229741866658606e-6,0.0004955,0.001096,0.7124181,0.01226354522181752,2.459928076967785,2.4599280774107872,1.8008741130782747e-10,4,true,5.7171860826640296e-9,5.6403686583677054e-11,strict_smoothed_stationarity
recurring,4,1,0.1,0.13709451447675028,0.1237450065655134,0.12374552602218479,0.19190844671738905,2.186216195743107e-5,7.110992446138905e-6,0.0005299,0.0015894000000000001,0.8381296,0.03250519361849785,3.6799690823135873,3.679969086604226,1.1659441724033691e-9,7,true,1.4924333532271645e-8,3.998043242532878e-12,objective_and_practical_stationarity
recurring,4,3,0.001,0.11388115071700096,0.11305249405524248,0.11305251727032413,0.033747335150874025,1.0729810587806199e-6,2.5088044660363396e-7,0.0019948,0.0051660000000000005,2.9527813,0.005369661687805287,1.735097145056221,1.7350971450591997,1.7167502024606604e-12,3,true,6.745116215243213e-11,1.6658171737183419e-12,strict_smoothed_stationarity
recurring,4,3,0.01,0.11847984317264679,0.11394824722727774,0.11394994119459459,0.11165434089617121,8.152306690445421e-5,1.2947195122544602e-5,0.0019985,0.0061833999999999995,3.3381379,0.00849775092971955,1.882156860946944,1.8821568660656784,2.7196110162899687e-9,4,true,1.1833220172293969e-8,5.066863276676042e-10,objective_and_practical_stationarity
recurring,4,3,0.1,0.13409449729804737,0.1196594243194829,0.119659587560919,0.22739548085981376,1.3096632182185708e-5,3.7188623869103663e-6,0.024018900000000003,0.0088852,3.6895967,0.02886344151204137,3.15334614983822,3.1533461508196448,3.112327896560491e-10,7,true,4.3901664155756704e-8,5.607542360397225e-11,objective_and_practical_stationarity
recurring,4,5,0.001,0.1173856425999881,0.11804847672821273,0.11804850936554082,0.07082838358448074,1.3570411009355965e-6,3.4750622152100713e-7,0.0049846,0.0380578,6.7428839,0.004159469745929442,1.4987886697478905,1.4987886697534143,3.6855120059246234e-12,3,true,1.493041743114304e-10,1.1244982022895928e-11,strict_smoothed_stationarity
recurring,4,5,0.01,0.11959166492890928,0.11742606487976683,0.11742513063163078,0.20271194293439554,2.2457829868205437e-5,6.9840942525042265e-6,0.0053221,0.1636645,6.147904,0.007402046024674614,1.6556535580944018,1.6556535608926117,1.6900938409572416e-9,4,true,2.9629418882325082e-8,4.18164030158313e-9,objective_and_practical_stationarity
recurring,4,5,0.1,0.13531209179913492,0.12022293064187713,0.12022250535529662,0.25769727936990794,2.442918574629971e-5,6.1538093622069066e-6,0.0049876,0.029964,9.6154305,0.02771735540975296,2.966437554397682,2.96643755662024,7.492347622730996e-10,8,true,1.9273271718853807e-8,1.2649885074107015e-11,objective_and_practical_stationarity
recurring,5,1,0.001,0.012739261055791604,0.01065295290109362,0.010652967666057755,0.05377469604896512,1.8092718226947468e-6,3.938525237681359e-7,0.0005042,0.0007960999999999999,0.49449580000000004,0.0005495693440337176,0.26301019909442824,0.263010199160956,2.529475415574944e-10,2,true,5.7361851459885805e-9,1.7071333654472554e-6,strict_smoothed_stationarity
recurring,5,1,0.01,0.02890663882128001,0.010602286415005413,0.010602279006498808,0.1909413725310054,1.2255452265241829e-6,2.384740671899816e-7,0.0004677,0.0010485,0.5323535,0.0033858718841537233,0.41765055097120707,0.4176505509571036,3.376865208581828e-11,4,true,7.893244244813289e-9,1.450039255335156e-8,strict_smoothed_stationarity
recurring,5,1,0.1,0.06592463393148192,0.017804582313822363,0.017803549397064813,0.1780223817934955,9.316085178956435e-6,1.69774621425126e-6,0.0005725,0.0465695,1.3181030999999999,0.022777488981405192,1.827949624150457,1.8279496241012714,2.6907494537950447e-11,13,true,5.769503249057252e-8,5.691434584041598e-10,objective_and_practical_stationarity
recurring,5,3,0.001,0.01361711041056502,0.012824205470724874,0.012824272023229395,0.06758906838102086,2.25405740761353e-6,3.343312580654202e-7,0.0019055,0.003941200000000001,2.9280596,0.0005413843248247693,0.24949772602796289,0.2494977260249403,1.211466826851899e-11,2,true,6.06707272097954e-9,2.123997330627514e-6,strict_smoothed_stationarity
recurring,5,3,0.01,0.03293559378291524,0.012458552330219655,0.012458594540427425,0.2317520145269596,2.230748188281062e-6,3.527663004365894e-7,0.0019451,0.0058851,2.547663,0.0033858709173888667,0.40498551685512285,0.4049855168354234,4.864239204397719e-11,4,true,8.95137240945103e-9,2.0067094874676172e-8,strict_smoothed_stationarity
recurring,5,3,0.1,0.07084613497116812,0.018834185924215766,0.018832732848928023,0.2025340552786935,2.4160455178390272e-5,3.709452024824691e-6,0.0020578000000000003,0.0374906,3.8122033,0.02265253270823392,1.8232202729791678,1.823220273565878,3.2179887666713695e-10,13,true,7.804008827696734e-8,1.0728486060621433e-9,objective_and_practical_stationarity
recurring,5,5,0.001,0.017531655053380033,0.01658997114825202,0.016589977172535013,0.07231441477924516,7.135237248823145e-7,1.893271433585514e-7,0.0049489,0.0107893,6.1497963,0.0005244296174425023,0.23750651061111022,0.23750651062368697,5.295326501915922e-11,2,true,8.602818272207439e-9,3.86174436650677e-6,strict_smoothed_stationarity
recurring,5,5,0.01,0.0350850153692088,0.016232191555102873,0.016232246894760844,0.25551552751836537,1.7367477065377557e-6,2.2886685658517225e-7,0.004963,0.021721,6.3884399,0.0032836035702270396,0.3931465720362649,0.3931465720427093,1.6391852370110705e-11,5,true,6.387630268687122e-10,9.200162853773008e-11,strict_smoothed_stationarity
recurring,5,5,0.1,0.07547762512347421,0.022391929449344653,0.022391324289651477,0.22963903110884354,1.202873786443348e-5,1.9648165756688108e-6,0.0052192,0.0622577,9.789814100000001,0.02225356288497983,1.7934014843881814,1.7934014843385557,2.7671236678728372e-11,13,true,5.8514446959417425e-8,6.341967033174218e-10,objective_and_practical_stationarity
stationary,1,1,0.001,0.04323083508970222,0.040112181305681,0.040112177556265456,0.05525094385743157,3.0647246596071653e-7,8.355050117065232e-8,0.0006551,0.4224622,2.231971,0.0030454621020659777,0.968310649279365,0.9683106492808281,1.5109323675595755e-12,3,true,5.973475943787569e-10,8.584877253525747e-10,strict_smoothed_stationarity
stationary,1,1,0.01,0.07164867566744855,0.04028858839157688,0.0402887446925919,0.1672504835313775,4.5197661593388005e-6,1.5046264605493096e-6,0.00030869999999999997,0.0008345,0.29135160000000004,0.008301877032759196,1.2674809432903453,1.2674809437666843,3.75815487098209e-10,6,true,7.128967298031399e-9,5.85723583079909e-10,strict_smoothed_stationarity
stationary,1,1,0.1,0.10847255094044282,0.07600619018867363,0.07600615542553,0.12906481100977663,1.0012138158432826e-5,3.965534019264637e-6,0.00027529999999999997,0.0012287,0.4331507,0.02646515643681808,3.1364939765149895,3.1364939786823536,6.910148977577341e-10,12,true,9.240051740476487e-8,1.0346498488943822e-10,objective_and_practical_stationarity
stationary,1,3,0.001,0.046235342390091035,0.04378130591138066,0.043781292139407214,0.06406749833005893,3.5339598988826104e-7,1.5242644844952176e-7,0.0014138,0.0031603,1.4545941999999998,0.002847501180299918,0.9112537651654233,0.9112537651690069,3.932579502944986e-12,3,true,7.201955551721121e-10,1.3496626039000148e-9,strict_smoothed_stationarity
stationary,1,3,0.01,0.0743846920100301,0.04348398713921617,0.04348396045372892,0.16971146317264918,4.084237823831494e-6,1.7949544228463013e-6,0.0011903,0.0212949,1.4335419999999999,0.00788473118512247,1.2107692975553908,1.2107692979342426,3.129017554670842e-10,6,true,9.548137500824902e-9,1.168122330979472e-9,strict_smoothed_stationarity
stationary,1,3,0.1,0.11165524948092437,0.07805722059137711,0.07805782295840222,0.15153256591663933,1.2902949958482068e-5,3.7347135921965855e-6,0.0008898,0.0067841,1.971538,0.025895112054461544,3.0612837605543333,3.061283762549521,6.517486536602376e-10,12,true,8.190408446840818e-8,9.118390981560787e-11,objective_and_practical_stationarity
stationary,1,5,0.001,0.050550743070508476,0.04778236478951552,0.04778236007039099,0.07926403819835193,4.931683141862209e-7,1.604642630969331e-7,0.0028201,0.0079575,2.4905614,0.0026146730898873793,0.8425774936779828,0.8425774936809746,3.55067398179302e-12,3,true,9.27504851148691e-10,2.4632654804790377e-9,strict_smoothed_stationarity
stationary,1,5,0.01,0.07965783846528818,0.047340895754880805,0.047340869275557564,0.1961206773570836,2.9945362303163137e-6,1.2067570122694458e-6,0.0024955999999999997,0.0112986,2.7638487,0.007412573648873374,1.1418188437189847,1.1418188437401409,1.852849778109535e-11,6,true,1.3181367465954548e-8,2.5888130056673543e-9,objective_and_practical_stationarity
stationary,1,5,0.1,0.11597966379743442,0.08258717004230037,0.08258626064924653,0.15624667488968047,1.7635991232792247e-5,7.76139095338885e-6,0.0024384999999999997,0.0204039,7.3991458,0.025241986461005977,2.9730232392446307,2.9730232442916087,1.6975911494695337e-9,12,true,7.530847895029819e-8,8.912993462707716e-11,objective_and_practical_stationarity
stationary,2,1,0.001,0.10177931734465885,0.10178694614955604,0.10178686554514181,0.0030387094833241868,4.117255498647943e-6,1.2045010924455838e-6,0.0005078,0.0007830999999999999,0.5720269,0.009334729776142092,2.352034455488081,2.3520344555529498,2.757976390135759e-11,2,true,1.6723547977611603e-10,1.3903262760357241e-11,strict_smoothed_stationarity
stationary,2,1,0.01,0.10208866208950726,0.10178127832090524,0.101781341883353,0.023766148600737336,1.4305386152102528e-5,5.181103125584039e-6,0.0005218,0.0009478,0.6669738,0.011084724785302686,2.4505270225269036,2.450527023941086,5.77093227304189e-10,3,true,1.0585341407230294e-9,5.325568536819109e-12,strict_smoothed_stationarity
stationary,2,1,0.1,0.11183516642629483,0.10315713956027799,0.10315720639404898,0.08991092545630375,2.191623300729084e-6,7.411823492407457e-7,0.000589,0.0013162,1.1146093,0.0261786290710977,3.4068540389085094,3.406854038948696,1.1795785882905868e-11,5,true,1.180570906385249e-8,4.3295013074941506e-12,objective_and_practical_stationarity
stationary,2,3,0.001,0.10825995208100349,0.10847751198816763,0.10847742177565749,0.004557877040924918,1.6039386531163657e-6,6.020070820767415e-7,0.002088,0.0044316,2.4654078000000004,0.008158424899005565,2.193776169210962,2.19377616922803,7.780248929125447e-12,2,true,4.720280094031271e-10,9.398667832500709e-11,strict_smoothed_stationarity
stationary,2,3,0.01,0.10711571230581671,0.10804769090901832,0.10804769033326769,0.031273112867198916,1.4204953212582083e-6,4.491071852682049e-7,0.0022351000000000003,0.0268437,2.4792145,0.010050573007339166,2.2972137688080725,2.297213768824728,7.250333443695016e-12,3,true,4.265372838102031e-9,7.42304235930493e-11,strict_smoothed_stationarity
stationary,2,3,0.1,0.11458872722818055,0.10719178295536615,0.10719210987318421,0.10326135343596721,1.1170710707997245e-5,4.018738203050232e-6,0.0020331999999999998,0.0093233,3.8731664,0.025528118081600895,3.286617052033071,3.2866170534646804,4.355875583698002e-10,5,true,4.602509439979414e-8,6.022994530387742e-11,objective_and_practical_stationarity
stationary,2,5,0.001,0.11745283521537454,0.11845976380923277,0.1184595159988891,0.012264225330026024,3.5059461230835254e-6,1.4140769359159613e-6,0.0055863,0.0377589,6.0759762,0.007232775278236691,2.058185289610368,2.0581852897206145,5.3564894843783887e-11,2,true,2.2226047244397895e-9,1.4623460304637827e-9,strict_smoothed_stationarity
stationary,2,5,0.01,0.11242449645047373,0.11675827648572998,0.11675835663548112,0.061812627855170166,9.737001075982299e-6,3.0334707757013935e-6,0.0051503,0.155917,6.1213695,0.009319394188706425,2.1695337895160227,2.16953378980836,1.3474658328874026e-10,3,true,2.9215460161026583e-8,2.5603023655840723e-9,objective_and_practical_stationarity
stationary,2,5,0.1,0.11660122595509581,0.11110777841357586,0.11110819930828679,0.10242140032020097,4.577574979375276e-5,1.7721019662999102e-5,0.0051643,0.0266986,10.4102514,0.0251235582303512,3.199701314190788,3.199701336067621,6.837148374805533e-9,6,true,1.7507866125675566e-8,7.891369166700297e-12,objective_and_practical_stationarity
stationary,3,1,0.001,0.09526691945244525,0.09519287814021497,0.09519287886645644,0.005548051816945954,1.0166113695309065e-7,4.148185252335468e-8,0.0005004,0.0007808,0.5150247,0.0075821295975224984,2.0933324090894523,2.093332409089539,4.136820102948979e-14,2,true,1.4192683532883373e-9,8.31532449549812e-10,strict_smoothed_stationarity
stationary,3,1,0.01,0.09743190917314537,0.09531092878670391,0.09531092566398738,0.042073798006855845,1.4225957867264327e-7,6.888209173523685e-8,0.0005204999999999999,0.0009268,0.5471883000000001,0.010694179002402335,2.229675662890329,2.2296756628915073,5.284036119425249e-13,3,true,2.496714275450589e-8,2.2522583487207872e-9,objective_and_practical_stationarity
stationary,3,1,0.1,0.12698262893900403,0.09974311125352489,0.09974242762452562,0.15339180820500709,9.536170901269791e-6,4.41776935544192e-6,0.0474832,0.0018197999999999999,0.7829307,0.030636106693329092,3.492934119662336,3.4929341215060177,5.278317848711718e-10,7,true,9.268328197296518e-8,1.2782839813581657e-10,objective_and_practical_stationarity
stationary,3,3,0.001,0.09698809629426929,0.09704666723436012,0.09704669620706924,0.009757925470299966,5.464259225096413e-7,3.2952348689203564e-7,0.002104,0.0040495999999999996,2.4317532,0.006817089768943694,1.9779243887561402,1.9779243887636142,3.778719471904843e-12,2,true,1.930765335387584e-9,1.6452437905316477e-9,strict_smoothed_stationarity
stationary,3,3,0.01,0.09929506088899372,0.09698742608595097,0.09698741185523883,0.06287291426829689,1.6758072267641921e-6,6.482864528713203e-7,0.0020078,0.0050684,3.0143092,0.00998092947744936,2.1167596354049363,2.1167596354159515,5.203797623888659e-12,3,true,3.685758194991895e-8,5.248717799585917e-9,objective_and_practical_stationarity
stationary,3,3,0.1,0.13266198631850223,0.10178285962819406,0.10178298636183748,0.208016124616347,7.203824803125869e-6,2.7178753761744904e-6,0.0025937,0.011000699999999999,3.383404,0.029733868440452314,3.39219273334491,3.39219273396263,1.821005307602504e-10,8,true,2.4949233146866668e-8,9.936717001473879e-12,objective_and_practical_stationarity
stationary,3,5,0.001,0.10485436477200327,0.10540685372111312,0.10540679649430534,0.012336712357426838,1.1617393688156952e-6,5.005887778473336e-7,0.024542,0.0111954,6.0080468,0.005975491778671,1.8412925146834713,1.8412925146968135,7.246114408352007e-12,2,true,2.576684767989375e-9,3.4228836437290664e-9,strict_smoothed_stationarity
stationary,3,5,0.01,0.10512668981831813,0.10477422472318028,0.10477401622594618,0.0782795537107015,7.119328597982033e-6,2.1364262012091393e-6,0.0052082,0.0179543,6.1129356999999995,0.009248468852777178,1.9843164134733096,1.9843164136178626,7.284777529208987e-11,4,true,1.257483728214273e-9,7.064458018311201e-12,strict_smoothed_stationarity
stationary,3,5,0.1,0.13678978100048378,0.10677388900347623,0.10677223333107574,0.20224880163753944,2.3756724945367402e-5,1.1143395792639385e-5,0.0057276,0.051528500000000005,6.4561874,0.02899106064410295,3.286202189051981,3.2862021958194005,2.0593436162491628e-9,8,true,4.504644116494154e-8,3.5616033608211894e-11,objective_and_practical_stationarity
stationary,4,1,0.001,0.11359273080816412,0.11364190826991016,0.11364190581873283,0.003882260423529904,1.6105538878652403e-6,5.566068941184382e-7,0.0004856,0.0161103,0.6310124,0.01000314475468453,2.4343977372942676,2.4343977373112677,6.983320260988463e-12,2,true,2.740309559520979e-10,2.8770418439886055e-11,strict_smoothed_stationarity
stationary,4,1,0.01,0.11349803533102028,0.11353636422398707,0.11353642721392722,0.03150689340457169,5.6004466091330585e-6,1.6712455710055066e-6,0.0005042,0.0009631,0.6041736000000001,0.011897915337148509,2.5372499187456814,2.537249918925015,7.068024148967637e-11,3,true,2.19573063041936e-9,1.7605168825491436e-11,strict_smoothed_stationarity
stationary,4,1,0.1,0.1237288542210766,0.11425451819366976,0.11425451106128524,0.10626380566553961,1.9739492659653912e-5,7.0476268656032e-6,0.0005295,0.0013411,0.8200083,0.02765908331126055,3.5280533281761115,3.5280533318160936,1.0317253599008485e-9,5,true,3.477906124534006e-8,2.9316116123938134e-11,objective_and_practical_stationarity
stationary,4,3,0.001,0.12219375204648171,0.12243539788363007,0.12243534644657743,0.0055774807526830505,3.434708192751046e-6,1.486818679255925e-6,0.0385097,0.0039416,2.8519261,0.008602192542313435,2.2515786501694186,2.251578650265761,4.2788862618829847e-11,2,true,6.649544410533421e-10,1.6641116943552878e-10,strict_smoothed_stationarity
stationary,4,3,0.01,0.12073452852202557,0.12196320578703332,0.12196381425048092,0.04247404315386516,1.1135947229679033e-5,4.2312455491160225e-6,0.0021043,0.0053882,2.4969751,0.010660073064320295,2.3599618005357503,2.359961801469929,3.958447597508403e-10,3,true,7.120905991449264e-9,1.8377593378823187e-10,strict_smoothed_stationarity
stationary,4,3,0.1,0.12847566058682133,0.12046105683365849,0.12046123593127062,0.13233588569858545,1.1782091129175498e-5,4.776143872507667e-6,0.002071,0.0338543,3.3803701,0.026827694633921678,3.3879268042995228,3.3879268057276324,4.2152906849641357e-10,6,true,1.0146441881713034e-8,2.5472762882722885e-12,objective_and_practical_stationarity
stationary,4,5,0.001,0.13440051323650679,0.13501478713757933,0.1350148182971382,0.011002470488339355,8.405378637554861e-7,3.6511400503006706e-7,0.0058518,0.0114742,7.0224508,0.007410865772237011,2.0839089871296372,2.083908987132908,1.5695104972149682e-12,2,true,9.880736921213276e-10,4.3953070607971194e-10,strict_smoothed_stationarity
stationary,4,5,0.01,0.13032133957048572,0.133943529164767,0.133943345068627,0.0815599457977354,4.17561172261216e-6,1.6159761759429625e-6,0.0051819,0.0164791,7.0074625,0.00956650106073887,2.19582668465729,2.1958266847378254,3.667665520510993e-11,3,true,1.2146466080177917e-8,6.347801730905899e-10,objective_and_practical_stationarity
stationary,4,5,0.1,0.1331819690634438,0.12856728444470517,0.12856724083152477,0.2278894315588016,2.053629798770551e-6,7.711349417073311e-7,0.005264700000000001,0.0276723,8.4258075,0.025912971866791444,3.2473818993540737,3.2473818993841754,9.269528452127912e-12,6,true,2.1411789551812804e-8,1.2686575608942773e-11,objective_and_practical_stationarity
stationary,5,1,0.001,0.00886972976901539,0.008308700169249051,0.008308700282145007,0.011755278520794388,1.4590534336278438e-8,5.6635985319820315e-9,0.000482,0.0007661,0.6009981,0.0005849343103005857,0.2240112526082882,0.22401125260831564,1.2253966693295477e-13,2,true,2.647512902746239e-10,3.513441540481388e-8,strict_smoothed_stationarity
stationary,5,1,0.01,0.028656478936117318,0.008289205987212998,0.008289212301261471,0.08674052057561499,5.350346828913999e-7,1.9262870119507428e-7,0.0005262,0.0011002,0.49584389999999995,0.0043716671296649265,0.38383404749812444,0.3838340475238786,6.709716539029789e-11,4,true,6.134481690324543e-11,6.552758335942599e-12,strict_smoothed_stationarity
stationary,5,1,0.1,0.08646338814973804,0.009453191551428373,0.009453442040287014,0.26179441924290936,2.552228292818093e-6,1.0144147978126089e-6,0.0004906,0.0021446,0.6902303000000001,0.02451853910320318,1.9565824040518631,1.9565824048724445,4.193952570458151e-10,11,true,4.212602112775192e-8,6.933444289606456e-10,objective_and_practical_stationarity
stationary,5,3,0.001,0.00988630160922771,0.009185652662394923,0.00918562241136742,0.018045765752799703,1.278114646452444e-6,4.1450051655720424e-7,0.0019272999999999998,0.0037772,3.1099512,0.0005755265108159701,0.2110968538710619,0.211096853980978,5.206903936439496e-10,2,true,5.362068120934724e-10,9.761887342918385e-8,strict_smoothed_stationarity
stationary,5,3,0.01,0.033371840056006886,0.009140679618732765,0.009140654159497545,0.11039960916693625,1.6333477611540914e-6,5.197451423021174e-7,0.0019214000000000002,0.0061113,2.3725259,0.0042792871025349715,0.3712021913432207,0.371202191524726,4.889661616373152e-10,4,true,1.2974868976749576e-10,2.5544011350575602e-11,strict_smoothed_stationarity
stationary,5,3,0.1,0.09206267232125322,0.010568959606098221,0.010568282525212191,0.25845977550527754,6.951694902890271e-6,1.987502461544703e-6,0.0019236000000000001,0.0137106,3.956553,0.023998163485780984,1.9429119241092403,1.9429119247350948,3.2212189929186583e-10,12,true,3.5627013318797975e-8,4.721587430350893e-10,objective_and_practical_stationarity
stationary,5,5,0.001,0.011597522318635799,0.010150942084105247,0.010150944787724962,0.023598139859938194,1.0744762057868229e-7,3.768292878499243e-8,0.0049882,0.0405614,7.051302,0.0005610940653345602,0.19413608330302357,0.19413608330377372,3.864041807157551e-12,2,true,7.335374094409939e-10,1.9724030964063388e-7,strict_smoothed_stationarity
stationary,5,5,0.01,0.03930329919660903,0.010149659249254227,0.010149706048323787,0.11966531319006724,2.325156615023971e-6,6.889201664109235e-7,0.0054396,0.0364274,7.2740111,0.004146776593445098,0.35413149305822095,0.3541314933770766,9.003877657239911e-10,4,true,2.606901378057611e-10,9.724854255210857e-11,strict_smoothed_stationarity
stationary,5,5,0.1,0.09533227905164679,0.012428762466703672,0.012427897086188454,0.25292289746280394,7.856913659232134e-6,2.7460655297139938e-6,0.0048783,0.0581697,9.5077218,0.02344492309461575,1.9205470727050165,1.9205470761289858,1.7828093738719407e-9,13,true,4.414622017498688e-8,6.989996316690692e-10,objective_and_practical_stationarity
