cvar_05_ci_high,cvar_05_ci_low,cvar_05_mean,cvar_05_sd,cvar_05_se,cvar_15_ci_high,cvar_15_ci_low,cvar_15_mean,cvar_15_sd,cvar_15_se,mae_ci_high,mae_ci_low,mae_mean,mae_sd,mae_se,method,regime,replications,rmse_ci_high,rmse_ci_low,rmse_mean,rmse_sd,rmse_se
0.25856519256041377,0.218318822060492,0.2384420073104529,0.05389087984645815,0.009839083511901891,0.20889550008432406,0.17641944977986157,0.19265747493209281,0.043486230015417696,0.007939463040100833,0.08794560981427524,0.07436938398447326,0.08115749689937425,0.018178900255456872,0.0033189979135167186,adaptive_ridge,gradual,30,0.11045404350359113,0.0933907521051766,0.10192239780438386,0.02284816680646638,0.004171485452514136
0.2439595677705036,0.20713538870132348,0.22554747823591353,0.049308481361455964,0.009002455839330825,0.19628571195556543,0.1664998128282213,0.18139276239189336,0.039884051432502336,0.007281798218092588,0.08317484239071311,0.07022634682375674,0.07670059460723493,0.01733835399623423,0.0031655358645824435,rolling_ridge,gradual,30,0.10413050379853167,0.08814640919682723,0.09613845649767945,0.02140309575584086,0.003907652781972374
0.24152324903183536,0.2047870454771511,0.22315514725449323,0.04919067998403397,0.008980948348757758,0.1943387129023,0.16457402884437813,0.17945637087333907,0.03985564393282059,0.007276611741966583,0.08195800582275162,0.06922397610153733,0.07559099096214447,0.01705117895459718,0.0031131051151634106,rls,gradual,30,0.10278587249080542,0.08699337911128016,0.09488962580104279,0.02114653700744608,0.003860811777365336
0.25980533429213953,0.21798662137723873,0.23889597783468913,0.05599628500748474,0.010223476145029244,0.21009302049389178,0.17621266872365482,0.1931528446087733,0.045366624212961594,0.008282774479766372,0.08804130276233602,0.07412203951494128,0.08108167113863865,0.018638235793660664,0.003402860725429383,neural_gate,gradual,30,0.11083823688834964,0.09316864177220456,0.1020034393302771,0.023660022394853927,0.004319709325579632
0.2986600554378654,0.2558597670138079,0.27725991122583665,0.05731063875335334,0.01046344321008046,0.24035749734484754,0.20622601348439415,0.22329175541462085,0.0457028962576537,0.008344169074545122,0.10098655432002453,0.08669703063477817,0.09384179247740135,0.019134023625465204,0.003493378785168024,boosted_meta,gradual,30,0.12692086488097593,0.10899197159685942,0.11795641823891767,0.02400722901848183,0.004383100292205035
2.3872889461679554,0.9018404287740092,1.6445646874709823,1.9890520952474993,0.36314956687332317,1.979183927821012,0.7683926996935361,1.373788313757274,1.6212792304908614,0.2960037355181541,0.9661409772923257,0.41135061331427103,0.6887457953032984,0.74287794088593,0.13563033523207105,adaptive_ridge,abrupt,30,1.1323834958415495,0.46647648016859766,0.7994299880050736,0.8916658701090653,0.16279517027206883
0.20406836864818778,0.1571365073535957,0.18060243800089174,0.06284291643149334,0.01147349430298032,0.14191131768064014,0.11172147708809888,0.1268163973843695,0.0404249389882133,0.0073805503232048306,0.053968454620668904,0.043032555244645415,0.04850050493265716,0.014643438202393519,0.0026735138076279434,rolling_ridge,abrupt,30,0.07614175287732258,0.06017775826830724,0.06815975557281491,0.021376181371326967,0.0039027389101324982
0.19128674719311545,0.14971823885609625,0.17050249302460585,0.05566125492461857,0.010162308300419701,0.13677981179901505,0.10845522909159136,0.1226175204453032,0.037927312809233386,0.006924548257057252,0.053233360111180274,0.04255997152914678,0.047896665820163525,0.014291929793521214,0.0026093374460639065,rls,abrupt,30,0.07351251736289681,0.05860152733891612,0.06605702235090646,0.019966182336259155,0.003645309484276779
0.7981541419421739,0.5970954986577991,0.6976248202999865,0.2692224678334956,0.04915307287320485,0.6759270890783942,0.5003736394833227,0.5881503642808584,0.23507038625452267,0.04291778438435147,0.35925560708131454,0.25331819309041714,0.30628690008586584,0.14185280256859545,0.025898659937382166,neural_gate,abrupt,30,0.4082116840945018,0.29459270635806234,0.3514021952262821,0.1521386053304797,0.02777658200229315
0.9584369422199025,0.7253829045529655,0.841909923386434,0.31206508774909886,0.05697502932333683,0.8117324087105768,0.6094325504197249,0.7105824795651509,0.2708844852513843,0.04945651435011955,0.3703872041522313,0.2691275826906046,0.31975739342141796,0.13558912333466114,0.024755073800914663,boosted_meta,abrupt,30,0.4517185106936434,0.33289698348505153,0.39230774708934746,0.1591049470158639,0.02904845616375097
2.448695833093717,1.0841972232596446,1.7664465281766808,1.827097194599699,0.33358078274555375,1.6581555450565146,0.8145996171135808,1.2363775810850477,1.1295421324173447,0.206225235192489,0.4580840875801282,0.2699030760391582,0.3639935818096432,0.25197900223969466,0.04600486118144185,adaptive_ridge,member_degradation,30,0.7816764090703184,0.39303453682605494,0.5873554729481867,0.5204010244963294,0.09501179335514605
0.24024068889922245,0.18006686379314857,0.2101537763461855,0.08057423162417884,0.014710774738069624,0.18882886816204475,0.14174474555239197,0.16528680685721836,0.06304679807680132,0.011510717828379135,0.07334452384117487,0.05586552771289637,0.06460502577703563,0.023404805662850883,0.004273113338522694,rolling_ridge,member_degradation,30,0.09660743349781956,0.07291774030987508,0.08476258690384732,0.03172108176048958,0.00579145067622861
0.23294095267894352,0.17574863986701508,0.2043447962729793,0.07658191334035136,0.013981880477805415,0.1825461517159127,0.13824779666019243,0.16039697418805257,0.05931658681391413,0.010829677544064753,0.07106045820283265,0.054560256269352,0.06281035723609232,0.02209417616530738,0.0040338262250772805,rls,member_degradation,30,0.09349721183896295,0.07118579697320748,0.08234150440608522,0.029875533192173086,0.005454501148949174
0.989983720042533,0.8072674570642615,0.8986255885533972,0.2446615695240151,0.04466888686097385,0.7547922743353899,0.6121590431840795,0.6834756587597347,0.19098940417750943,0.03486973497083111,0.2597674425161624,0.20937456467613003,0.23457100359614622,0.06747730269987223,0.012319613602774756,neural_gate,member_degradation,30,0.3693772786280911,0.2993656254897856,0.33437145205893837,0.09374732529323744,0.01711584158962692
1.0816867772243017,0.8129697684162126,0.9473282728202571,0.3598186831382599,0.06569360312220957,0.8323331997767287,0.6227729784527987,0.7275530891147637,0.28060628990102443,0.05123146491887506,0.26259404792250646,0.19669933456397198,0.22964669124323922,0.08823464168349,0.016109367867811027,boosted_meta,member_degradation,30,0.3905700917329983,0.2921032414445447,0.3413366665887715,0.1318495340533762,0.02407232133252657
0.08384221782393071,0.06126571776141738,0.07255396779267405,0.030230488789661808,0.005519306878168273,0.058881108995811136,0.04319225619503118,0.05103668259542116,0.02100775972375557,0.0038354746277831408,0.021751601277264044,0.015687325320564483,0.018719463298914264,0.008120214639948619,0.0014825415766945163,adaptive_ridge,recurring,30,0.03112038110598122,0.022996574994784413,0.027058478050382816,0.010877976165211724,0.001986037641896668
0.1594225725303301,0.12142853481575583,0.14042555367304296,0.05087495085704438,0.00928845273212333,0.09080129445597802,0.07045944279833448,0.08063036862715625,0.027238239620605644,0.004972999422312223,0.02850326734965323,0.021573276637704336,0.025038271993678782,0.00927942798706369,0.0016941840097531799,rolling_ridge,recurring,30,0.05007736410356048,0.03885934939778431,0.04446835675067239,0.015021197566770879,0.0027424829160207077
0.1774347221591816,0.13115710252611956,0.15429591234265058,0.06196687075745836,0.01131355097728906,0.09596719846479557,0.07406887202840262,0.0850180352465991,0.029322397626500612,0.005353512873390109,0.027479869968086653,0.021188662578451086,0.02433426627326887,0.008424081409394641,0.0015380198047284523,rls,recurring,30,0.054579668323919174,0.041424694073792616,0.048002181198855895,0.017614834030765563,0.003216013981786649
0.0736420182617254,0.05798598821269959,0.0658140032372125,0.020963809251972877,0.003827450406180349,0.0514708298695855,0.04050538060855134,0.04598810523906842,0.014683006225119685,0.002680737907162276,0.019244211981752524,0.01474262117437624,0.016993416578064382,0.006027740795128529,0.0011005098680953406,neural_gate,recurring,30,0.028308371727360608,0.022238497343718258,0.025273434535539433,0.008127711071302684,0.001483910231545653
0.1870488583528934,0.15014170574240085,0.16859528204764712,0.049419584973775806,0.009022740490893454,0.14102921212857605,0.11210188886219512,0.1265655504953856,0.03873439724039758,0.007071901039977204,0.05321342346907754,0.041495822002749795,0.04735462273591367,0.01569015652509032,0.0028646175531929466,boosted_meta,recurring,30,0.0708917363686157,0.0560306563151182,0.06346119634186695,0.019899351658385845,0.0036331079276752543
