condition_number,fit_seconds,iterations,lambda,linear_solver,method,n_parameters,objective_variant,preparation_seconds,residual_norm,selection_metric,solve_seconds,tau,validation_cvar_05,validation_mae,validation_rmse,fit_and_validation_seconds,window,forgetting,ridge,epochs,hidden,learning_rate,weight_decay,max_depth,min_leaf,n_trees,regime,seed
283500.6336817909,0.0067142,0,0.001,cholesky,adaptive_ridge,110,quadratic_stacked_beta,0.0058528,8.348373924264556e-16,rmse,0.0008614,1,0.17155210105030463,0.05478608179734188,0.07021296592035142,,,,,,,,,,,,gradual,1
,,,0.0,,rolling_ridge,,,,,rmse,,,0.16155319467777765,0.05283283156919656,0.06674107609315583,0.0096896,336,,,,,,,,,,gradual,1
,,,,,rls,,,,,rmse,,,0.16150723590550217,0.05263884915064551,0.06669031759701369,0.0024777,,0.995,0.1,,,,,,,,gradual,1
,2.6479034,,,,neural_gate,,,,,rmse,,3,0.16961992924092745,0.05562737748818788,0.07089095706471629,,,,,250,16,0.003,0.0001,,,,gradual,1
,4.072008,,,,boosted_meta,,,,,rmse,,1,0.20465425798178663,0.06880775372659222,0.0872210405219644,,,,,,,0.05,,2,50,100,gradual,1
116086.3239380597,0.0041697999999999995,0,0.01,cholesky,adaptive_ridge,110,quadratic_stacked_beta,0.0033252,7.642635782924525e-16,rmse,0.0008446,1,0.2084305118502051,0.07445103661388705,0.09084018188398148,,,,,,,,,,,,gradual,2
,,,0.001,,rolling_ridge,,,,,rmse,,,0.19666895049730093,0.07015030925696263,0.08628222677689046,0.30861,336,,,,,,,,,,gradual,2
,,,,,rls,,,,,rmse,,,0.19611536866073895,0.06931787719731655,0.08563132795536331,0.0024159,,0.995,0.1,,,,,,,,gradual,2
,5.1582136,,,,neural_gate,,,,,rmse,,1,0.2022080068609447,0.07168649475146528,0.08860616047882923,,,,,250,16,0.001,0.0001,,,,gradual,2
,4.3291041,,,,boosted_meta,,,,,rmse,,1,0.249168202871056,0.08392285661330798,0.10548901919964915,,,,,,,0.05,,2,20,100,gradual,2
1.7500154929376687e6,0.0201607,0,0.001,cholesky,adaptive_ridge,210,quadratic_stacked_beta,0.0161862,1.064838266709788e-15,rmse,0.0039745,2,0.17706441837335304,0.056109413087857385,0.0715837854899327,,,,,,,,,,,,gradual,3
,,,0.0,,rolling_ridge,,,,,rmse,,,0.13971589350334995,0.04691095287759881,0.05876953091456878,0.0080577,336,,,,,,,,,,gradual,3
,,,,,rls,,,,,rmse,,,0.13817713013685462,0.04676836314931886,0.05869795597828911,0.0025375,,0.99,1.0e-6,,,,,,,,gradual,3
,2.1836836,,,,neural_gate,,,,,rmse,,3,0.17870020435594774,0.06107825691305948,0.07650631136651792,,,,,250,8,0.001,0.0001,,,,gradual,3
,13.6844589,,,,boosted_meta,,,,,rmse,,5,0.21522886079040027,0.0743695145282329,0.0928966226203581,,,,,,,0.05,,2,20,100,gradual,3
36061.41904731732,0.0123911,0,0.01,cholesky,adaptive_ridge,110,quadratic_stacked_beta,0.011506,7.060655881258221e-16,rmse,0.0008851,1,0.1991517935748066,0.068971042899246,0.0856267633914104,,,,,,,,,,,,gradual,4
,,,0.0001,,rolling_ridge,,,,,rmse,,,0.1741431857244811,0.06283673011552648,0.07784024939125643,0.0103148,336,,,,,,,,,,gradual,4
,,,,,rls,,,,,rmse,,,0.1729215356026235,0.06225860870364822,0.07737202808024217,0.0089857,,0.995,0.1,,,,,,,,gradual,4
,2.3359001,,,,neural_gate,,,,,rmse,,3,0.180440821225697,0.06541054106795482,0.08053345882325862,,,,,250,16,0.003,0.0001,,,,gradual,4
,4.0206221,,,,boosted_meta,,,,,rmse,,1,0.21417744870968916,0.07688646884430642,0.09542045560357416,,,,,,,0.05,,2,50,100,gradual,4
1.750319290593472e6,0.0046803,0,0.001,cholesky,adaptive_ridge,110,quadratic_stacked_beta,0.0037239,6.35734145270199e-16,rmse,0.0009564,1,0.13430003191090742,0.04751501303085476,0.058851344090325594,,,,,,,,,,,,gradual,5
,,,0.0001,,rolling_ridge,,,,,rmse,,,0.12383473559232472,0.04369073632685461,0.05441689131607463,0.0032672,336,,,,,,,,,,gradual,5
,,,,,rls,,,,,rmse,,,0.12241492103948587,0.043275525656496075,0.05385930552950398,0.0259965,,0.995,0.1,,,,,,,,gradual,5
,2.7322731,,,,neural_gate,,,,,rmse,,3,0.1406644807251619,0.048157735595343046,0.05983537180349592,,,,,250,16,0.003,0.0001,,,,gradual,5
,18.0139271,,,,boosted_meta,,,,,rmse,,5,0.15348738416061225,0.05350157510727554,0.06658827939268334,,,,,,,0.05,,2,20,100,gradual,5
68589.02966015009,0.011270599999999999,0,0.01,cholesky,adaptive_ridge,110,quadratic_stacked_beta,0.0102668,6.313683098972226e-16,rmse,0.0010038,1,0.31640316556046966,0.10361658836353002,0.13128396756671307,,,,,,,,,,,,gradual,6
,,,0.001,,rolling_ridge,,,,,rmse,,,0.2791905761401663,0.09352869265186715,0.11803806865696949,0.0072292,72,,,,,,,,,,gradual,6
,,,,,rls,,,,,rmse,,,0.2749522364531735,0.09078327005414942,0.11561695524508236,0.0026991,,0.98,1.0e-6,,,,,,,,gradual,6
,1.6247568,,,,neural_gate,,,,,rmse,,1,0.309004980362151,0.10101845694104565,0.12775343910251638,,,,,250,16,0.003,0.0001,,,,gradual,6
,21.9091914,,,,boosted_meta,,,,,rmse,,5,0.3533000783567261,0.12283929931342519,0.15344030015983398,,,,,,,0.05,,2,50,100,gradual,6
8563.377133707208,0.0106437,0,0.01,cholesky,adaptive_ridge,110,quadratic_stacked_beta,0.0097362,7.276571913343998e-16,rmse,0.0009075,1,0.23724902211378332,0.08033092945850413,0.10114700090210328,,,,,,,,,,,,gradual,7
,,,0.0,,rolling_ridge,,,,,rmse,,,0.23373393264111805,0.07828808235030607,0.09880407571570116,0.0132865,336,,,,,,,,,,gradual,7
,,,,,rls,,,,,rmse,,,0.23255223630273522,0.07718158146223414,0.09752879925351786,0.0029403,,0.995,0.1,,,,,,,,gradual,7
,1.953171,,,,neural_gate,,,,,rmse,,1,0.24084409709274063,0.07983627298763356,0.10039148290642613,,,,,250,16,0.001,0.0001,,,,gradual,7
,4.0344347,,,,boosted_meta,,,,,rmse,,1,0.2883453607112599,0.09691043156879314,0.12258174925379933,,,,,,,0.05,,2,50,100,gradual,7
97800.3699857891,0.0179566,0,0.001,cholesky,adaptive_ridge,110,quadratic_stacked_beta,0.0104591,6.905038414239346e-16,rmse,0.0074975,1,0.17547158208514824,0.06046329960882548,0.07549426867806222,,,,,,,,,,,,gradual,8
,,,0.0,,rolling_ridge,,,,,rmse,,,0.1626198189759313,0.05784108149521064,0.0714917924856418,0.0103262,336,,,,,,,,,,gradual,8
,,,,,rls,,,,,rmse,,,0.16168619099894282,0.05696196859295,0.07045760356580263,0.0229196,,0.995,0.1,,,,,,,,gradual,8
,1.469567,,,,neural_gate,,,,,rmse,,1,0.17028685458984888,0.05924006392143474,0.07383491068069584,,,,,250,16,0.001,0.0001,,,,gradual,8
,4.2696921,,,,boosted_meta,,,,,rmse,,1,0.19817424383781407,0.06706673809784432,0.08404177694139289,,,,,,,0.05,,2,50,100,gradual,8
4615.159873547695,0.012333,0,0.1,cholesky,adaptive_ridge,110,quadratic_stacked_beta,0.0114796,7.413583869354331e-16,rmse,0.0008534,1,0.24633464383772893,0.08867915389972474,0.1095391745177521,,,,,,,,,,,,gradual,9
,,,0.0,,rolling_ridge,,,,,rmse,,,0.24191839059357698,0.08490284324427821,0.10619866195947555,0.0088517,336,,,,,,,,,,gradual,9
,,,,,rls,,,,,rmse,,,0.23933341236054306,0.083710269352733,0.10472581608704097,0.0160008,,0.995,0.1,,,,,,,,gradual,9
,1.0964047,,,,neural_gate,,,,,rmse,,1,0.26804793693801315,0.09167883337344915,0.11446813845079437,,,,,250,8,0.003,0.0001,,,,gradual,9
,14.7791198,,,,boosted_meta,,,,,rmse,,5,0.3200030749265126,0.10254716146863636,0.12983227787987425,,,,,,,0.05,,2,50,100,gradual,9
57325.56600679523,0.0172965,0,0.01,cholesky,adaptive_ridge,110,quadratic_stacked_beta,0.0101865,6.781326732071404e-16,rmse,0.00711,1,0.17140868061960973,0.058000210608184916,0.07231945361745867,,,,,,,,,,,,gradual,10
,,,0.001,,rolling_ridge,,,,,rmse,,,0.16369735096375848,0.05629578933855478,0.07032777010978757,0.0028211,336,,,,,,,,,,gradual,10
,,,,,rls,,,,,rmse,,,0.1611164940927139,0.055650546282209085,0.06954589861715472,0.0024693,,0.995,0.1,,,,,,,,gradual,10
,1.2998411,,,,neural_gate,,,,,rmse,,1,0.16818586965270396,0.056435790364867795,0.07057631507043197,,,,,250,16,0.003,0.0001,,,,gradual,10
,16.7727844,,,,boosted_meta,,,,,rmse,,5,0.2183854904581556,0.08022805480732607,0.09827231189029474,,,,,,,0.05,,2,20,100,gradual,10
30271.357861921908,0.0064087,0,0.01,cholesky,adaptive_ridge,110,quadratic_stacked_beta,0.005131,7.644444344592333e-16,rmse,0.0012777,1,0.22560849610669742,0.07630466212126437,0.09589953294537773,,,,,,,,,,,,gradual,11
,,,0.001,,rolling_ridge,,,,,rmse,,,0.22254271303671197,0.07558288924017686,0.09424964434947808,0.0026865,336,,,,,,,,,,gradual,11
,,,,,rls,,,,,rmse,,,0.21706248278219722,0.07409498927407977,0.09209859963069383,0.0023828,,0.995,0.1,,,,,,,,gradual,11
,0.9116382,,,,neural_gate,,,,,rmse,,1,0.2250541365492942,0.07479062156237637,0.09491841905368767,,,,,250,8,0.001,0.0001,,,,gradual,11
,15.1082783,,,,boosted_meta,,,,,rmse,,5,0.2753386644537822,0.09486655462193679,0.11787314774057622,,,,,,,0.05,,2,20,100,gradual,11
22522.535401496167,0.0113445,0,0.01,cholesky,adaptive_ridge,110,quadratic_stacked_beta,0.0104831,7.383689034205686e-16,rmse,0.0008614,1,0.2149440311765241,0.07142747382066444,0.09047681717242098,,,,,,,,,,,,gradual,12
,,,0.0,,rolling_ridge,,,,,rmse,,,0.20624403537972497,0.0683210201636537,0.08647218756072052,0.0080262,336,,,,,,,,,,gradual,12
,,,,,rls,,,,,rmse,,,0.20421209181121427,0.06734019825274942,0.08546526557091173,0.0071363,,0.995,0.1,,,,,,,,gradual,12
,1.6808806,,,,neural_gate,,,,,rmse,,1,0.2156268148158425,0.07121714163550344,0.09050373890007284,,,,,250,16,0.001,0.0001,,,,gradual,12
,11.3118514,,,,boosted_meta,,,,,rmse,,1,0.2426078370967106,0.08153919124355254,0.10282678281689452,,,,,,,0.05,,2,20,100,gradual,12
165119.53801605845,0.0043645,0,0.01,cholesky,adaptive_ridge,110,quadratic_stacked_beta,0.0034535,7.405704982314126e-16,rmse,0.000911,1,0.18490814899854768,0.06233103891817019,0.07859302236601157,,,,,,,,,,,,gradual,13
,,,0.0,,rolling_ridge,,,,,rmse,,,0.17774921782717418,0.05932438156581735,0.07459314558134363,0.0028317,336,,,,,,,,,,gradual,13
,,,,,rls,,,,,rmse,,,0.17613808726395244,0.058221131057297044,0.07321858826997549,0.0029079,,0.995,0.1,,,,,,,,gradual,13
,1.0074195,,,,neural_gate,,,,,rmse,,1,0.18607864642513067,0.061444278537914974,0.07754999690109395,,,,,250,8,0.001,0.0001,,,,gradual,13
,16.2109571,,,,boosted_meta,,,,,rmse,,5,0.23446017546959272,0.07961222995207862,0.09902765886630024,,,,,,,0.05,,2,20,100,gradual,13
7044.488596632861,0.0051492,0,0.1,cholesky,adaptive_ridge,110,quadratic_stacked_beta,0.0040628,5.461321676515169e-16,rmse,0.0010864,1,0.313087127242644,0.10970818625754077,0.13707513251360665,,,,,,,,,,,,gradual,14
,,,0.01,,rolling_ridge,,,,,rmse,,,0.30278712289709264,0.09982026449176838,0.126290728038319,0.0093952,72,,,,,,,,,,gradual,14
,,,,,rls,,,,,rmse,,,0.3001260397225624,0.09652742617389634,0.12305286414579988,0.0024984,,0.98,0.01,,,,,,,,gradual,14
,1.0241892,,,,neural_gate,,,,,rmse,,1,0.32199702985139433,0.10816131914298714,0.13590973882658575,,,,,250,8,0.001,0.0001,,,,gradual,14
,5.0232735,,,,boosted_meta,,,,,rmse,,1,0.3340348628597068,0.11128635140880401,0.14188739704219253,,,,,,,0.05,,2,50,100,gradual,14
17631.562940545093,0.012102,0,0.1,cholesky,adaptive_ridge,110,quadratic_stacked_beta,0.0110615,7.964629152901884e-16,rmse,0.0010405,1,0.3190794277178491,0.10959731126116089,0.13688581937969982,,,,,,,,,,,,gradual,15
,,,0.1,,rolling_ridge,,,,,rmse,,,0.3153305703560429,0.09975228689902411,0.12803563863313056,0.00821,24,,,,,,,,,,gradual,15
,,,,,rls,,,,,rmse,,,0.309642591217505,0.10181413990510127,0.128535385045568,0.0024729,,0.98,1.0e-6,,,,,,,,gradual,15
,1.4048458,,,,neural_gate,,,,,rmse,,1,0.3406671939237229,0.11910462365149421,0.14854246091267495,,,,,250,16,0.001,0.0001,,,,gradual,15
,17.2448314,,,,boosted_meta,,,,,rmse,,5,0.29947052773186444,0.1010380579379876,0.12697656814065839,,,,,,,0.05,,2,20,100,gradual,15
96465.27355943015,0.0267582,0,0.01,cholesky,adaptive_ridge,210,quadratic_stacked_beta,0.0166006,1.2105536314778655e-15,rmse,0.0101576,2,0.20077322332770892,0.06979365260104702,0.08731993877349256,,,,,,,,,,,,gradual,16
,,,0.001,,rolling_ridge,,,,,rmse,,,0.19358843656007546,0.06705409808905848,0.08371954324879012,0.0027507,336,,,,,,,,,,gradual,16
,,,,,rls,,,,,rmse,,,0.19163869834879216,0.06650715406389777,0.083214369035415,0.0067816,,0.995,0.1,,,,,,,,gradual,16
,2.0400102,,,,neural_gate,,,,,rmse,,3,0.19716512055025398,0.06806206104969435,0.08567851829970333,,,,,250,16,0.001,0.0001,,,,gradual,16
,14.7090733,,,,boosted_meta,,,,,rmse,,5,0.25505125931496253,0.08820653975774914,0.11015571818134368,,,,,,,0.05,,2,20,100,gradual,16
149771.14908388778,0.011710700000000001,0,0.01,cholesky,adaptive_ridge,110,quadratic_stacked_beta,0.0033675,8.755113465090672e-16,rmse,0.0083432,1,0.1895158818975891,0.06418029740319743,0.08136916403693778,,,,,,,,,,,,gradual,17
,,,0.001,,rolling_ridge,,,,,rmse,,,0.18075756564519807,0.061223623836229715,0.0767641495137963,0.0146358,72,,,,,,,,,,gradual,17
,,,,,rls,,,,,rmse,,,0.18164630561458048,0.0600435607693447,0.07570163391033578,0.0094175,,0.995,1.0e-6,,,,,,,,gradual,17
,6.059784,,,,neural_gate,,,,,rmse,,3,0.1909354132886817,0.06454230640042691,0.0814021378878837,,,,,250,8,0.003,0.0001,,,,gradual,17
,4.643508,,,,boosted_meta,,,,,rmse,,1,0.2167451228042745,0.07366139449590457,0.09266075509677114,,,,,,,0.05,,2,50,100,gradual,17
254156.5204905928,0.0052488,0,0.001,cholesky,adaptive_ridge,110,quadratic_stacked_beta,0.0037252,8.827254228293375e-16,rmse,0.0015236,1,0.16602552170980264,0.0579747599271997,0.07202340765900384,,,,,,,,,,,,gradual,18
,,,0.001,,rolling_ridge,,,,,rmse,,,0.15984838471098256,0.05624411404531173,0.06936966518562232,0.0028616,336,,,,,,,,,,gradual,18
,,,,,rls,,,,,rmse,,,0.15719326372217407,0.055833329452598016,0.06874819376740263,0.0087885,,0.995,0.1,,,,,,,,gradual,18
,2.6020777,,,,neural_gate,,,,,rmse,,3,0.15974489747484164,0.0568336445871272,0.07015853806244075,,,,,250,8,0.001,0.0001,,,,gradual,18
,5.2922673,,,,boosted_meta,,,,,rmse,,1,0.1840386591526501,0.06665852798652126,0.08203314208167196,,,,,,,0.05,,2,50,100,gradual,18
22068.71550192088,0.036276,0,0.01,cholesky,adaptive_ridge,210,quadratic_stacked_beta,0.0194601,9.459572931221152e-16,rmse,0.0168159,2,0.23574253615398677,0.08284001165371208,0.10316144565463628,,,,,,,,,,,,gradual,19
,,,0.001,,rolling_ridge,,,,,rmse,,,0.22587563401581456,0.0768897757748176,0.09639495812367793,0.0084147,72,,,,,,,,,,gradual,19
,,,,,rls,,,,,rmse,,,0.21886395503825817,0.07493456154033827,0.09341459610425001,0.0026313,,0.98,0.01,,,,,,,,gradual,19
,1.9275027,,,,neural_gate,,,,,rmse,,3,0.23744212766579934,0.08447197469444795,0.10502702098503658,,,,,250,8,0.001,0.0001,,,,gradual,19
,15.7168307,,,,boosted_meta,,,,,rmse,,5,0.29284034228328204,0.10431044969384425,0.12972424983359174,,,,,,,0.05,,2,50,100,gradual,19
102170.81643407038,0.0134767,0,0.001,cholesky,adaptive_ridge,110,quadratic_stacked_beta,0.0125677,8.450014379957562e-16,rmse,0.000909,1,0.1577266895646423,0.0544720897195082,0.06814458398027715,,,,,,,,,,,,gradual,20
,,,0.0,,rolling_ridge,,,,,rmse,,,0.13677328726308044,0.04490267826388897,0.05699268714523695,0.009751,336,,,,,,,,,,gradual,20
,,,,,rls,,,,,rmse,,,0.13561045841667518,0.044336680046807436,0.05633544910209395,0.0153905,,0.995,1.0e-6,,,,,,,,gradual,20
,2.7332377,,,,neural_gate,,,,,rmse,,3,0.1442608058730423,0.04689858908377055,0.05976678569724408,,,,,250,16,0.001,0.0001,,,,gradual,20
,4.9152556,,,,boosted_meta,,,,,rmse,,1,0.15117976959590573,0.05148912584008864,0.06491050379319695,,,,,,,0.05,,2,20,100,gradual,20
64946.48227140341,0.029314800000000002,0,0.01,cholesky,adaptive_ridge,210,quadratic_stacked_beta,0.0160761,1.0863524850028598e-15,rmse,0.0132387,2,0.20568883764362572,0.0695403700560301,0.08715804683650775,,,,,,,,,,,,gradual,21
,,,0.0,,rolling_ridge,,,,,rmse,,,0.17165498488137323,0.05858448564579513,0.07385466249792004,0.0029279,336,,,,,,,,,,gradual,21
,,,,,rls,,,,,rmse,,,0.17049791091469912,0.05829012445045972,0.07330329106393799,0.0031718,,0.995,0.1,,,,,,,,gradual,21
,3.2585664,,,,neural_gate,,,,,rmse,,3,0.19768600855095567,0.06512140689293414,0.08245102987571233,,,,,250,16,0.001,0.0001,,,,gradual,21
,4.7975747,,,,boosted_meta,,,,,rmse,,1,0.22467394801283846,0.07378622643960285,0.09336521232795292,,,,,,,0.05,,2,50,100,gradual,21
104735.68003751468,0.0049416,0,0.01,cholesky,adaptive_ridge,110,quadratic_stacked_beta,0.0036702,7.214612342021829e-16,rmse,0.0012714,1,0.15614421973674655,0.04991683532108061,0.06325056296263425,,,,,,,,,,,,gradual,22
,,,0.001,,rolling_ridge,,,,,rmse,,,0.14258400790846668,0.04609251466826465,0.05861642118237302,0.010062,336,,,,,,,,,,gradual,22
,,,,,rls,,,,,rmse,,,0.1412675034167916,0.045834931666762016,0.05834524522931382,0.0035829,,0.995,0.1,,,,,,,,gradual,22
,3.8435697,,,,neural_gate,,,,,rmse,,5,0.14256962902525377,0.04715739775787348,0.05979575474114731,,,,,250,16,0.003,0.0001,,,,gradual,22
,4.865751,,,,boosted_meta,,,,,rmse,,1,0.18827752233417613,0.06311004278072695,0.07930207023851134,,,,,,,0.05,,2,50,100,gradual,22
211287.67594029586,0.006548399999999999,0,0.001,cholesky,adaptive_ridge,110,quadratic_stacked_beta,0.0055393,7.513392730570601e-16,rmse,0.0010091,1,0.1296012807156241,0.04498925978696539,0.05606719586867124,,,,,,,,,,,,gradual,23
,,,0.0001,,rolling_ridge,,,,,rmse,,,0.11841983983379631,0.04178081206356911,0.05213486496346657,0.0103566,336,,,,,,,,,,gradual,23
,,,,,rls,,,,,rmse,,,0.11858578055651885,0.04162985358100308,0.052140104766592386,0.0087432,,0.995,0.1,,,,,,,,gradual,23
,1.6806762,,,,neural_gate,,,,,rmse,,1,0.12206300905518154,0.04409296790094831,0.05455428251071417,,,,,250,8,0.003,0.0001,,,,gradual,23
,15.5746854,,,,boosted_meta,,,,,rmse,,5,0.18117372793399464,0.05663998264730812,0.07312039221883823,,,,,,,0.05,,2,20,100,gradual,23
201142.93525069152,0.0477518,0,0.01,cholesky,adaptive_ridge,310,quadratic_stacked_beta,0.0310803,1.7547789084267075e-15,rmse,0.0166715,3,0.20188545574855035,0.0692356514990897,0.08618158749911166,,,,,,,,,,,,gradual,24
,,,0.001,,rolling_ridge,,,,,rmse,,,0.18126035379767125,0.058382520121550714,0.07431595719994252,0.0033151,336,,,,,,,,,,gradual,24
,,,,,rls,,,,,rmse,,,0.1793414262228641,0.057785278362323556,0.07355181928457905,0.0027712,,0.99,0.1,,,,,,,,gradual,24
,3.0910921,,,,neural_gate,,,,,rmse,,5,0.20472178611800423,0.06906571865186764,0.08645746712440307,,,,,250,16,0.003,0.0001,,,,gradual,24
,18.3713277,,,,boosted_meta,,,,,rmse,,5,0.2558056054792311,0.08434216071837898,0.10728341746403837,,,,,,,0.05,,2,20,100,gradual,24
35752.46489843231,0.0120014,0,0.1,cholesky,adaptive_ridge,110,quadratic_stacked_beta,0.0111252,6.004449063730082e-16,rmse,0.0008762,1,0.24400726283568994,0.08396845983923097,0.10482510649442611,,,,,,,,,,,,gradual,25
,,,0.001,,rolling_ridge,,,,,rmse,,,0.21737177237277844,0.07383876852840102,0.09241890800192379,0.0026658,72,,,,,,,,,,gradual,25
,,,,,rls,,,,,rmse,,,0.22329541076828907,0.07151996318704264,0.09099755675928148,0.0025712,,0.95,0.1,,,,,,,,gradual,25
,1.3425331,,,,neural_gate,,,,,rmse,,1,0.2402091165509435,0.08180928422948454,0.1026629711930414,,,,,250,8,0.001,0.0001,,,,gradual,25
,4.4271239,,,,boosted_meta,,,,,rmse,,1,0.1906677727558391,0.06628198020522558,0.082962488436488,,,,,,,0.05,,2,20,100,gradual,25
16720.925871136045,0.018699399999999998,0,0.01,cholesky,adaptive_ridge,110,quadratic_stacked_beta,0.0097289,5.723641179706052e-16,rmse,0.0089705,1,0.23176964979828546,0.08021803775271985,0.10062618558389307,,,,,,,,,,,,gradual,26
,,,0.01,,rolling_ridge,,,,,rmse,,,0.22661382016254394,0.07908046140661587,0.09830729051283682,0.0079888,72,,,,,,,,,,gradual,26
,,,,,rls,,,,,rmse,,,0.22773093195962754,0.07664165605608296,0.09653090476802395,0.0050625,,0.98,1.0e-6,,,,,,,,gradual,26
,1.906449,,,,neural_gate,,,,,rmse,,1,0.2356436283703012,0.07953252991373524,0.10051402668733794,,,,,250,16,0.003,0.0001,,,,gradual,26
,4.82654,,,,boosted_meta,,,,,rmse,,1,0.2658120620879836,0.08802041751344185,0.11181363966770522,,,,,,,0.05,,2,50,100,gradual,26
238962.134334519,0.01068,0,0.001,cholesky,adaptive_ridge,110,quadratic_stacked_beta,0.0097759,9.382913864189606e-16,rmse,0.0009041,1,0.1527646547068619,0.05103756674777637,0.06430443552055659,,,,,,,,,,,,gradual,27
,,,0.0,,rolling_ridge,,,,,rmse,,,0.14205138718183302,0.04676853864056164,0.05928310179385159,0.0042081,336,,,,,,,,,,gradual,27
,,,,,rls,,,,,rmse,,,0.14200288330226377,0.04637602675919656,0.05869343847493325,0.002499,,0.995,1.0e-6,,,,,,,,gradual,27
,2.3363868,,,,neural_gate,,,,,rmse,,3,0.15255331782632017,0.050261500048218936,0.06359219513234567,,,,,250,16,0.003,0.0001,,,,gradual,27
,4.3974859,,,,boosted_meta,,,,,rmse,,1,0.18101826058219,0.060473247598619634,0.07615284768033748,,,,,,,0.05,,2,20,100,gradual,27
86166.46537808471,0.0047649,0,0.001,cholesky,adaptive_ridge,110,quadratic_stacked_beta,0.0038209,8.035309548018325e-16,rmse,0.000944,1,0.18195304082954805,0.06366011472639738,0.0792737293858946,,,,,,,,,,,,gradual,28
,,,0.0,,rolling_ridge,,,,,rmse,,,0.17830970086433293,0.06136826583177127,0.07652386898716847,0.0032194,336,,,,,,,,,,gradual,28
,,,,,rls,,,,,rmse,,,0.1749459724851083,0.06023366442697636,0.07539201175984808,0.0026745,,0.995,0.1,,,,,,,,gradual,28
,1.684653,,,,neural_gate,,,,,rmse,,3,0.1827370555074232,0.06212647510057905,0.07778066621118418,,,,,250,8,0.003,0.0001,,,,gradual,28
,4.770202,,,,boosted_meta,,,,,rmse,,1,0.20486511646637218,0.0707524663227974,0.08933924592755645,,,,,,,0.05,,2,20,100,gradual,28
40198.36881142518,0.0044359,0,0.01,cholesky,adaptive_ridge,110,quadratic_stacked_beta,0.0035056,6.670006125585279e-16,rmse,0.0009303,1,0.20688211149074834,0.0694303387988113,0.08702260675866291,,,,,,,,,,,,gradual,29
,,,0.0,,rolling_ridge,,,,,rmse,,,0.18457558839611166,0.06558075176261005,0.08156008854450578,0.0059355,336,,,,,,,,,,gradual,29
,,,,,rls,,,,,rmse,,,0.18377641063280492,0.0651680074963615,0.0809751658970706,0.0025232,,0.995,0.1,,,,,,,,gradual,29
,2.684039,,,,neural_gate,,,,,rmse,,3,0.20200004151575024,0.06851761155569573,0.08591434974743509,,,,,250,16,0.001,0.0001,,,,gradual,29
,4.1674109,,,,boosted_meta,,,,,rmse,,1,0.24347265392889292,0.082696872695646,0.10353504086712689,,,,,,,0.05,,2,20,100,gradual,29
47068.04945385115,0.0193178,0,0.01,cholesky,adaptive_ridge,210,quadratic_stacked_beta,0.0148782,1.084842096598274e-15,rmse,0.0044396,2,0.23021197175152705,0.07836974295783766,0.09900293939160085,,,,,,,,,,,,gradual,30
,,,0.0,,rolling_ridge,,,,,rmse,,,0.210615502031603,0.0706379114492296,0.08898688114453367,0.0027055,336,,,,,,,,,,gradual,30
,,,,,rls,,,,,rmse,,,0.20826066476722058,0.07008043400625677,0.08796042075043192,0.0024562,,0.995,0.1,,,,,,,,gradual,30
,1.2511996,,,,neural_gate,,,,,rmse,,5,0.2538291910196587,0.08489027339547597,0.10726304055444429,,,,,250,8,0.003,0.0001,,,,gradual,30
,10.5227883,,,,boosted_meta,,,,,rmse,,5,0.28483574487477464,0.1055309284816899,0.1295149876024053,,,,,,,0.05,,2,50,100,gradual,30
2.7248011524739957e9,0.0049378,0,1.0e-6,cholesky,adaptive_ridge,110,quadratic_stacked_beta,0.0041236,9.40085689302147e-16,rmse,0.0008142,1,0.03928602527909732,0.013590485658600068,0.017020327182673323,,,,,,,,,,,,abrupt,1
,,,1.0e-6,,rolling_ridge,,,,,rmse,,,0.038747238515729296,0.013470598939058089,0.016881617637471816,0.0088707,336,,,,,,,,,,abrupt,1
,,,,,rls,,,,,rmse,,,0.03846516857108776,0.013395030238240822,0.01676821154868534,0.0026551,,0.995,0.1,,,,,,,,abrupt,1
,2.7350985,,,,neural_gate,,,,,rmse,,1,0.03846175023429711,0.013285805181786051,0.01659698102188164,,,,,250,8,0.001,0.0,,,,abrupt,1
,4.4339887,,,,boosted_meta,,,,,rmse,,1,0.0747204857577413,0.016915497537155155,0.024857990618694384,,,,,,,0.05,,2,20,100,abrupt,1
5.3096531188198484e7,0.006767799999999999,0,0.0,cholesky,adaptive_ridge,110,quadratic_stacked_beta,0.0056462,1.0969983084254103e-15,rmse,0.0011216,1,0.03926666382709948,0.013495987026868508,0.016914257949356092,,,,,,,,,,,,abrupt,2
,,,0.0,,rolling_ridge,,,,,rmse,,,0.039456742277136636,0.013476584029742616,0.01684992848322273,0.0087338,336,,,,,,,,,,abrupt,2
,,,,,rls,,,,,rmse,,,0.0395746819570085,0.013370370052639764,0.0167648042000714,0.0074679,,0.995,0.1,,,,,,,,abrupt,2
,2.0579416,,,,neural_gate,,,,,rmse,,1,0.03905033499045353,0.01334341849051772,0.016736614629169772,,,,,250,16,0.001,0.0,,,,abrupt,2
,4.7238873,,,,boosted_meta,,,,,rmse,,1,0.08527423231919208,0.019473290762566195,0.02881978690226494,,,,,,,0.05,,2,20,100,abrupt,2
2.3856572177048326e8,0.0042442,0,0.0,cholesky,adaptive_ridge,110,quadratic_stacked_beta,0.0033899,7.877402034183398e-16,rmse,0.0008543,1,0.1033265816373078,0.03507264220650655,0.043710105219114254,,,,,,,,,,,,abrupt,3
,,,0.0001,,rolling_ridge,,,,,rmse,,,0.10130430598891546,0.03252932282321659,0.04134428223980259,0.0100543,72,,,,,,,,,,abrupt,3
,,,,,rls,,,,,rmse,,,0.09763904311794537,0.030171989151654838,0.039052599009560506,0.0023989,,0.95,0.1,,,,,,,,abrupt,3
,1.3725183,,,,neural_gate,,,,,rmse,,1,0.10403952629611761,0.035487553413314055,0.044366833559225605,,,,,250,8,0.003,0.0001,,,,abrupt,3
,4.4904922,,,,boosted_meta,,,,,rmse,,1,0.09040237541869409,0.020290296965997982,0.029570277823966654,,,,,,,0.05,,2,20,100,abrupt,3
2.549081825081087e7,0.0043456,0,0.0001,cholesky,adaptive_ridge,110,quadratic_stacked_beta,0.0033344,5.963614997259699e-16,rmse,0.0010112,1,0.06579138065515801,0.02297304768314508,0.028581711301033364,,,,,,,,,,,,abrupt,4
,,,0.0001,,rolling_ridge,,,,,rmse,,,0.06564672521133377,0.022456260353965633,0.028384249609989032,0.0128738,72,,,,,,,,,,abrupt,4
,,,,,rls,,,,,rmse,,,0.06647501673390138,0.021664576229537935,0.02779168962171721,0.0085311,,0.95,0.0001,,,,,,,,abrupt,4
,1.2076345,,,,neural_gate,,,,,rmse,,1,0.07018743522839721,0.025313607707163514,0.031102403423153173,,,,,250,8,0.003,0.0001,,,,abrupt,4
,4.5553625,,,,boosted_meta,,,,,rmse,,1,0.09063941409048061,0.02312518032097968,0.03242440976296916,,,,,,,0.05,,2,20,100,abrupt,4
4.729776059364949e8,0.0048392,0,1.0e-6,cholesky,adaptive_ridge,110,quadratic_stacked_beta,0.0038918,8.311335168329405e-16,rmse,0.0009474,1,0.017917916423123802,0.00612751943241077,0.007684520665352955,,,,,,,,,,,,abrupt,5
,,,0.0,,rolling_ridge,,,,,rmse,,,0.01826041503696375,0.006082608477220489,0.0076718093351884325,0.0028774,336,,,,,,,,,,abrupt,5
,,,,,rls,,,,,rmse,,,0.017996880685324033,0.005980031693845133,0.007564137892430095,0.0077463,,0.995,0.1,,,,,,,,abrupt,5
,1.5917097,,,,neural_gate,,,,,rmse,,1,0.03146038044272477,0.010544332657410845,0.013247877769946683,,,,,250,8,0.003,0.0,,,,abrupt,5
,5.2870992,,,,boosted_meta,,,,,rmse,,1,0.07180325876380957,0.017321968680351046,0.02434688068339514,,,,,,,0.05,,2,20,100,abrupt,5
1.0566128467200692e8,0.004693,0,0.0,cholesky,adaptive_ridge,110,quadratic_stacked_beta,0.003761,6.952498147103233e-16,rmse,0.000932,1,0.010726935843462538,0.0037298720230455385,0.004660612029016859,,,,,,,,,,,,abrupt,6
,,,0.0,,rolling_ridge,,,,,rmse,,,0.010661266752561354,0.0036570611793373766,0.004574015051994853,0.0029004,336,,,,,,,,,,abrupt,6
,,,,,rls,,,,,rmse,,,0.010671484438187627,0.003666407681614252,0.004581089303346255,0.0230222,,0.995,1.0e-6,,,,,,,,abrupt,6
,1.5601159,,,,neural_gate,,,,,rmse,,1,0.057972948463108895,0.0195682359261265,0.024590195904098954,,,,,250,16,0.001,0.0,,,,abrupt,6
,5.1945353,,,,boosted_meta,,,,,rmse,,1,0.0844080314184169,0.019071820392308453,0.028263854854784044,,,,,,,0.05,,2,20,100,abrupt,6
15355.18375926465,0.17286379999999998,0,0.01,cholesky,adaptive_ridge,110,quadratic_stacked_beta,0.0146182,6.391320217330162e-16,rmse,0.1582456,1,0.16610297162620263,0.05636030364574231,0.07098492180181547,,,,,,,,,,,,abrupt,7
,,,0.001,,rolling_ridge,,,,,rmse,,,0.1675296594121928,0.05605873042499758,0.07077111843810029,0.0087149,336,,,,,,,,,,abrupt,7
,,,,,rls,,,,,rmse,,,0.16582184469765177,0.05573697384541867,0.0702150165069192,0.0079326,,0.995,1.0e-6,,,,,,,,abrupt,7
,1.0515194,,,,neural_gate,,,,,rmse,,1,0.1634077475022558,0.05568471887880015,0.06971884995213781,,,,,250,8,0.003,0.0001,,,,abrupt,7
,4.35963,,,,boosted_meta,,,,,rmse,,1,0.1795288633993171,0.06543145354682624,0.08052236292744673,,,,,,,0.05,,2,50,100,abrupt,7
845297.3593823552,0.012822,0,0.0001,cholesky,adaptive_ridge,110,quadratic_stacked_beta,0.0119962,7.820920402463225e-16,rmse,0.0008258,1,0.08521443703022151,0.029086432218865782,0.03638938031792793,,,,,,,,,,,,abrupt,8
,,,0.0,,rolling_ridge,,,,,rmse,,,0.08561099797961116,0.02932519735124866,0.03671039094229331,0.0028534,336,,,,,,,,,,abrupt,8
,,,,,rls,,,,,rmse,,,0.08443750396639178,0.029108306317339804,0.03638950166329774,0.0249276,,0.995,0.1,,,,,,,,abrupt,8
,1.3539547,,,,neural_gate,,,,,rmse,,3,0.08334827093349931,0.028812010629302876,0.03596250290585289,,,,,250,8,0.001,0.0001,,,,abrupt,8
,4.4579216,,,,boosted_meta,,,,,rmse,,1,0.10681962304173252,0.03409300616607829,0.0434073396735258,,,,,,,0.05,,2,20,100,abrupt,8
1.0188312942603366e6,0.0045353,0,0.0001,cholesky,adaptive_ridge,110,quadratic_stacked_beta,0.0036964,8.244080544924966e-16,rmse,0.0008389,1,0.08837026351930274,0.029877449808038598,0.037643874593058416,,,,,,,,,,,,abrupt,9
,,,0.0001,,rolling_ridge,,,,,rmse,,,0.08722892985006878,0.029118943670004786,0.03679078723588976,0.0177179,336,,,,,,,,,,abrupt,9
,,,,,rls,,,,,rmse,,,0.08651337483863669,0.028944780791176534,0.036558530477066566,0.024362,,0.995,0.1,,,,,,,,abrupt,9
,2.0722696,,,,neural_gate,,,,,rmse,,3,0.08447653373717806,0.02875306776141075,0.036464643839228615,,,,,250,16,0.003,0.0001,,,,abrupt,9
,4.5992279,,,,boosted_meta,,,,,rmse,,1,0.10002061072428209,0.03357424524432814,0.042481726256435634,,,,,,,0.05,,2,20,100,abrupt,9
297800.69230836694,0.005140700000000001,0,0.0001,cholesky,adaptive_ridge,110,quadratic_stacked_beta,0.0041555,7.8055617216629715e-16,rmse,0.0009852,1,0.1259478630662603,0.04351406494187156,0.05409494149733959,,,,,,,,,,,,abrupt,10
,,,0.0001,,rolling_ridge,,,,,rmse,,,0.12923850451517688,0.042694180115667675,0.05382415746018087,0.0028778,336,,,,,,,,,,abrupt,10
,,,,,rls,,,,,rmse,,,0.12658726724675165,0.042195015812288045,0.053099786025039,0.0024719,,0.995,1.0e-6,,,,,,,,abrupt,10
,1.4391649,,,,neural_gate,,,,,rmse,,1,0.12434916984975894,0.042359149656064445,0.05303221845071356,,,,,250,16,0.003,0.0001,,,,abrupt,10
,4.7359761,,,,boosted_meta,,,,,rmse,,1,0.1271458238620263,0.04378946048756395,0.05487592919988123,,,,,,,0.05,,2,50,100,abrupt,10
302515.936254439,0.0053734,0,0.001,cholesky,adaptive_ridge,110,quadratic_stacked_beta,0.0043483,7.469374178768919e-16,rmse,0.0010251,1,0.1851480258160631,0.0629849763575015,0.07905536465195234,,,,,,,,,,,,abrupt,11
,,,0.001,,rolling_ridge,,,,,rmse,,,0.1857809592726781,0.06085866542147431,0.07685381146101286,0.0078372,72,,,,,,,,,,abrupt,11
,,,,,rls,,,,,rmse,,,0.18295880333282838,0.057597047996162845,0.0739545569104973,0.0205486,,0.95,0.1,,,,,,,,abrupt,11
,1.1548062,,,,neural_gate,,,,,rmse,,1,0.18324046671866567,0.06163282174965295,0.07797174816840582,,,,,250,8,0.003,0.0001,,,,abrupt,11
,4.1783564,,,,boosted_meta,,,,,rmse,,1,0.12832178072719327,0.04448762385402133,0.0552253907987973,,,,,,,0.05,,2,50,100,abrupt,11
63828.105895780885,0.0121378,0,0.001,cholesky,adaptive_ridge,110,quadratic_stacked_beta,0.0046181,5.948893921251893e-16,rmse,0.0075197,1,0.14774415516009337,0.05034295846107355,0.06324027306558712,,,,,,,,,,,,abrupt,12
,,,0.001,,rolling_ridge,,,,,rmse,,,0.1454476433457973,0.04950752994604025,0.06245444527581194,0.0086768,336,,,,,,,,,,abrupt,12
,,,,,rls,,,,,rmse,,,0.14385797202172354,0.04896228538739578,0.06168318522716362,0.0166648,,0.995,0.1,,,,,,,,abrupt,12
,2.5565051,,,,neural_gate,,,,,rmse,,1,0.1441555038493326,0.04911945726527399,0.06181734750138648,,,,,250,16,0.003,0.0001,,,,abrupt,12
,5.1316605,,,,boosted_meta,,,,,rmse,,1,0.1618723758011825,0.05555826454346816,0.06919536172557506,,,,,,,0.05,,2,50,100,abrupt,12
9.066815720697519e8,0.0078431,0,0.0,cholesky,adaptive_ridge,110,quadratic_stacked_beta,0.0065995,9.284644544126214e-16,rmse,0.0012436,1,0.01849926887317055,0.006321311054975869,0.007897965295904898,,,,,,,,,,,,abrupt,13
,,,0.0,,rolling_ridge,,,,,rmse,,,0.018490699569412402,0.006278641480788802,0.007852164969880298,0.0042474,336,,,,,,,,,,abrupt,13
,,,,,rls,,,,,rmse,,,0.018465563457954918,0.006238105744396455,0.007801967115179602,0.0024283,,0.995,1.0e-6,,,,,,,,abrupt,13
,1.0376972,,,,neural_gate,,,,,rmse,,1,0.018388202779067088,0.006194612332554619,0.007833110320276667,,,,,250,8,0.001,0.0,,,,abrupt,13
,4.8047535,,,,boosted_meta,,,,,rmse,,1,0.06843214233832032,0.01574211672257814,0.023249723899343974,,,,,,,0.05,,2,20,100,abrupt,13
2.298914707811206e7,0.0043097,0,0.0001,cholesky,adaptive_ridge,110,quadratic_stacked_beta,0.0033269,1.1169248504160126e-15,rmse,0.0009828,1,0.22279863318851206,0.08064059223808767,0.1001784903649412,,,,,,,,,,,,abrupt,14
,,,0.0001,,rolling_ridge,,,,,rmse,,,0.22131209531149487,0.057796091503588005,0.08023105377588229,0.0026611,24,,,,,,,,,,abrupt,14
,,,,,rls,,,,,rmse,,,0.20537179517032073,0.05441605330967037,0.07503808871028168,0.0087211,,0.9,1.0e-6,,,,,,,,abrupt,14
,2.2361632,,,,neural_gate,,,,,rmse,,1,0.25126147543920185,0.09078250939905158,0.111566509931895,,,,,250,16,0.003,0.0001,,,,abrupt,14
,4.8459631,,,,boosted_meta,,,,,rmse,,1,0.099279128545984,0.022679563407085854,0.032965073927812075,,,,,,,0.05,,2,20,100,abrupt,14
5.047458458395703e6,0.0048628,0,0.0001,cholesky,adaptive_ridge,110,quadratic_stacked_beta,0.0039602,7.06982822894548e-16,rmse,0.0009026,1,0.032190786160062226,0.010590675856951589,0.01343539202570894,,,,,,,,,,,,abrupt,15
,,,0.0,,rolling_ridge,,,,,rmse,,,0.03193541097168495,0.010400861119901971,0.01321491835057844,0.0103406,336,,,,,,,,,,abrupt,15
,,,,,rls,,,,,rmse,,,0.03191003062486573,0.010433138221443075,0.013248991696560864,0.003818,,0.995,1.0e-6,,,,,,,,abrupt,15
,1.2290047,,,,neural_gate,,,,,rmse,,1,0.031455208046578254,0.010326446608394936,0.013117056796493236,,,,,250,8,0.003,0.0,,,,abrupt,15
,4.8741714,,,,boosted_meta,,,,,rmse,,1,0.07937666478822415,0.02121536638512032,0.028725962727751617,,,,,,,0.05,,2,20,100,abrupt,15
518880.57376136445,0.005021599999999999,0,0.0,cholesky,adaptive_ridge,110,quadratic_stacked_beta,0.004102,6.905980783029543e-16,rmse,0.0009196,1,0.10475614943937595,0.036513513242298956,0.04527397536789043,,,,,,,,,,,,abrupt,16
,,,1.0e-6,,rolling_ridge,,,,,rmse,,,0.10385800689271747,0.03616633258417679,0.045118593888088414,0.0080772,336,,,,,,,,,,abrupt,16
,,,,,rls,,,,,rmse,,,0.1030217910388729,0.035859325793456985,0.04464448612956165,0.0026839,,0.995,1.0e-6,,,,,,,,abrupt,16
,1.3288861,,,,neural_gate,,,,,rmse,,1,0.1028286436337807,0.03555585750811619,0.04445765193338972,,,,,250,8,0.003,0.0001,,,,abrupt,16
,4.8396565,,,,boosted_meta,,,,,rmse,,1,0.10974751315779194,0.037835861454716645,0.047486866044136856,,,,,,,0.05,,2,20,100,abrupt,16
2.500734700599207e10,0.005091200000000001,0,0.0,cholesky,adaptive_ridge,110,quadratic_stacked_beta,0.0045738,7.939720810146454e-16,rmse,0.0005174,1,0.0029666918358251105,0.0010410898763670083,0.0012982514789483153,,,,,,,,,,,,abrupt,17
,,,0.0,,rolling_ridge,,,,,rmse,,,0.002908485093332228,0.0010467876711317179,0.0012955834079735847,0.0095826,336,,,,,,,,,,abrupt,17
,,,,,rls,,,,,rmse,,,0.002888316867255477,0.0010401924323226426,0.0012903988683303411,0.0062787,,0.995,0.1,,,,,,,,abrupt,17
,1.7116754,,,,neural_gate,,,,,rmse,,1,0.05836704879200195,0.01977080547687269,0.02504380934859476,,,,,250,16,0.001,0.0,,,,abrupt,17
,4.0969778,,,,boosted_meta,,,,,rmse,,1,0.07828037718631566,0.01841260891082189,0.026834828344824438,,,,,,,0.05,,2,20,100,abrupt,17
927374.6673565926,0.0043579000000000005,0,0.0,cholesky,adaptive_ridge,110,quadratic_stacked_beta,0.00352,7.529019643645018e-16,rmse,0.0008379,1,0.07269776956591963,0.025814473085842636,0.032012818896189905,,,,,,,,,,,,abrupt,18
,,,0.0001,,rolling_ridge,,,,,rmse,,,0.07298702482517731,0.02587470904002094,0.03186895406312058,0.0084677,336,,,,,,,,,,abrupt,18
,,,,,rls,,,,,rmse,,,0.072980796227317,0.025787300477929497,0.031710235013559185,0.0025259,,0.995,1.0e-6,,,,,,,,abrupt,18
,2.166047,,,,neural_gate,,,,,rmse,,1,0.07377324872460107,0.025785179617092452,0.03190257463083333,,,,,250,16,0.001,0.0,,,,abrupt,18
,4.3679548,,,,boosted_meta,,,,,rmse,,1,0.09358586852532362,0.02992594764999563,0.0384992547659612,,,,,,,0.05,,2,20,100,abrupt,18
30605.278973861266,0.0069615,0,0.001,cholesky,adaptive_ridge,110,quadratic_stacked_beta,0.0057249,5.750418625236549e-16,rmse,0.0012366,1,0.16254235934890798,0.05298493488231253,0.06728056771664358,,,,,,,,,,,,abrupt,19
,,,0.0,,rolling_ridge,,,,,rmse,,,0.1610172687163871,0.05284972833392296,0.06679291246244314,0.0230771,336,,,,,,,,,,abrupt,19
,,,,,rls,,,,,rmse,,,0.1573216623697441,0.052268921447279126,0.06591236842727792,0.0079469,,0.995,0.1,,,,,,,,abrupt,19
,1.4716206,,,,neural_gate,,,,,rmse,,1,0.15647352461075364,0.05214537180966094,0.06580776457548715,,,,,250,8,0.003,0.0001,,,,abrupt,19
,4.6876261,,,,boosted_meta,,,,,rmse,,1,0.18129168030284318,0.05836856357438621,0.07440993829360869,,,,,,,0.05,,2,20,100,abrupt,19
188269.81971660675,0.0070929,0,0.001,cholesky,adaptive_ridge,110,quadratic_stacked_beta,0.0058436,8.083923074757517e-16,rmse,0.0012493,1,0.10522385141240934,0.036121366184082765,0.045321798050457066,,,,,,,,,,,,abrupt,20
,,,0.0001,,rolling_ridge,,,,,rmse,,,0.10541972653289726,0.035827882120889984,0.0450529319576222,0.0046528,336,,,,,,,,,,abrupt,20
,,,,,rls,,,,,rmse,,,0.10504751414668054,0.03552096410657868,0.04480179053529749,0.0025419,,0.995,1.0e-6,,,,,,,,abrupt,20
,2.751211,,,,neural_gate,,,,,rmse,,1,0.10518746066916645,0.03556068582511493,0.0446661737522866,,,,,250,16,0.001,0.0001,,,,abrupt,20
,4.570664,,,,boosted_meta,,,,,rmse,,1,0.12447194785606829,0.0406440195045388,0.05154637567539023,,,,,,,0.05,,2,20,100,abrupt,20
116662.12202033124,0.0054418,0,0.001,cholesky,adaptive_ridge,110,quadratic_stacked_beta,0.0045462,6.50667003946661e-16,rmse,0.0008956,1,0.15288562147555662,0.0528143072079624,0.0659886561988991,,,,,,,,,,,,abrupt,21
,,,0.0,,rolling_ridge,,,,,rmse,,,0.1492557466906571,0.052778336742760626,0.06548120239891968,0.0098353,336,,,,,,,,,,abrupt,21
,,,,,rls,,,,,rmse,,,0.145468761058374,0.051251490579767245,0.06367202464866176,0.0317534,,0.995,0.1,,,,,,,,abrupt,21
,1.3653357,,,,neural_gate,,,,,rmse,,1,0.14653477522629424,0.050716458301070334,0.0629794459235902,,,,,250,8,0.003,0.0001,,,,abrupt,21
,5.3165474,,,,boosted_meta,,,,,rmse,,1,0.1522268669393784,0.05252986446275879,0.06602033688784215,,,,,,,0.05,,2,20,100,abrupt,21
1.15661323791004e7,0.0060111,0,0.0001,cholesky,adaptive_ridge,110,quadratic_stacked_beta,0.0046561,6.048528837000163e-16,rmse,0.001355,1,0.05965844135056877,0.020265376944305417,0.025393152637595427,,,,,,,,,,,,abrupt,22
,,,0.0001,,rolling_ridge,,,,,rmse,,,0.05890832901806506,0.019923384884312802,0.025064563454069117,0.004117,336,,,,,,,,,,abrupt,22
,,,,,rls,,,,,rmse,,,0.05868382127232264,0.019822247296573666,0.02486651843408677,0.0093411,,0.995,0.1,,,,,,,,abrupt,22
,2.9126786,,,,neural_gate,,,,,rmse,,1,0.05905705372297687,0.019834882413759657,0.02497339659958862,,,,,250,16,0.003,0.0001,,,,abrupt,22
,5.3918485,,,,boosted_meta,,,,,rmse,,1,0.09419346264723426,0.02413913251331055,0.033295671723563104,,,,,,,0.05,,2,20,100,abrupt,22
691146.1066744322,0.0144379,0,0.001,cholesky,adaptive_ridge,110,quadratic_stacked_beta,0.0130138,7.11904814469955e-16,rmse,0.0014241,1,0.08499395485358256,0.028857784242823693,0.036165748655746885,,,,,,,,,,,,abrupt,23
,,,0.0,,rolling_ridge,,,,,rmse,,,0.08438616636233834,0.028820899574463894,0.03582300738600271,0.0033392,336,,,,,,,,,,abrupt,23
,,,,,rls,,,,,rmse,,,0.0840610435869247,0.02863081542353919,0.03568578962173307,0.0027431,,0.995,1.0e-6,,,,,,,,abrupt,23
,2.684792,,,,neural_gate,,,,,rmse,,1,0.08359455062785008,0.028526312246986357,0.03550686795931318,,,,,250,8,0.003,0.0001,,,,abrupt,23
,4.93804,,,,boosted_meta,,,,,rmse,,1,0.10544547894660308,0.0333220936613024,0.04262253688407087,,,,,,,0.05,,2,50,100,abrupt,23
1.8404055766582455e7,0.0045118,0,1.0e-6,cholesky,adaptive_ridge,110,quadratic_stacked_beta,0.003649,6.585006658909208e-16,rmse,0.0008628,1,0.0817467059705805,0.027225450319355502,0.03448624770632108,,,,,,,,,,,,abrupt,24
,,,0.0001,,rolling_ridge,,,,,rmse,,,0.0807416067216668,0.026609425290434915,0.03393049498951156,0.0031027,72,,,,,,,,,,abrupt,24
,,,,,rls,,,,,rmse,,,0.07922223175596767,0.026564791784844402,0.03370967772016801,0.0327923,,0.995,0.1,,,,,,,,abrupt,24
,2.8999958,,,,neural_gate,,,,,rmse,,1,0.08278271060341448,0.027975106684041868,0.03512445078580766,,,,,250,16,0.001,0.0,,,,abrupt,24
,5.2604835,,,,boosted_meta,,,,,rmse,,1,0.07551515371796266,0.021728352111283124,0.028635020653243956,,,,,,,0.05,,2,20,100,abrupt,24
6.568384925252354e9,0.019441,0,0.0,cholesky,adaptive_ridge,110,quadratic_stacked_beta,0.0117934,7.6407431016527e-16,rmse,0.0076476,1,0.008641637155250313,0.002962160113987835,0.0037230760582808724,,,,,,,,,,,,abrupt,25
,,,0.0,,rolling_ridge,,,,,rmse,,,0.008468582251990611,0.0029700487599183746,0.0037257854386699247,0.0095724,336,,,,,,,,,,abrupt,25
,,,,,rls,,,,,rmse,,,0.008421064787162957,0.0029551543834789532,0.0037024004700971793,0.003586,,0.995,1.0e-6,,,,,,,,abrupt,25
,1.7271031,,,,neural_gate,,,,,rmse,,1,0.11124851145714715,0.038808051223706855,0.04844274271729737,,,,,250,16,0.001,0.0,,,,abrupt,25
,5.0828599,,,,boosted_meta,,,,,rmse,,1,0.08864137823536879,0.01936366576215522,0.02940312001558958,,,,,,,0.05,,2,20,100,abrupt,25
28976.790134188846,0.0218674,0,0.01,cholesky,adaptive_ridge,110,quadratic_stacked_beta,0.0209839,5.862954748986762e-16,rmse,0.0008835,1,0.1278301969022022,0.04425457086823014,0.055539878207966895,,,,,,,,,,,,abrupt,26
,,,0.001,,rolling_ridge,,,,,rmse,,,0.1256724606629135,0.04353128991484974,0.05456585953757429,0.0092286,336,,,,,,,,,,abrupt,26
,,,,,rls,,,,,rmse,,,0.12487370434546032,0.04336976496135871,0.054343725828602536,0.0036769,,0.995,0.1,,,,,,,,abrupt,26
,1.552267,,,,neural_gate,,,,,rmse,,1,0.12349396942664034,0.042888665297905505,0.05381748682080447,,,,,250,16,0.001,0.0001,,,,abrupt,26
,4.6811918,,,,boosted_meta,,,,,rmse,,1,0.1436269313498206,0.04980836126025385,0.06201454201689383,,,,,,,0.05,,2,50,100,abrupt,26
1.4212782032391175e6,0.0044375,0,0.0,cholesky,adaptive_ridge,110,quadratic_stacked_beta,0.0036005,8.831497490393239e-16,rmse,0.000837,1,0.07932924058525247,0.02789312155031729,0.034708683144111775,,,,,,,,,,,,abrupt,27
,,,0.0,,rolling_ridge,,,,,rmse,,,0.07950440582237744,0.027830240758879646,0.03461312508280214,0.0027578,336,,,,,,,,,,abrupt,27
,,,,,rls,,,,,rmse,,,0.07869242679388011,0.027512371298090386,0.034286757395999595,0.0201178,,0.995,1.0e-6,,,,,,,,abrupt,27
,1.0753798,,,,neural_gate,,,,,rmse,,1,0.07833375799144486,0.02721414672528601,0.034033587381162994,,,,,250,8,0.001,0.0,,,,abrupt,27
,4.9274949,,,,boosted_meta,,,,,rmse,,1,0.10400006833675679,0.030696546284090596,0.04007634686845182,,,,,,,0.05,,2,20,100,abrupt,27
124064.18041597234,0.18418,0,0.001,cholesky,adaptive_ridge,110,quadratic_stacked_beta,0.1828104,6.580618116829679e-16,rmse,0.0013696,1,0.15440187949938142,0.051006422804936974,0.06476410775565133,,,,,,,,,,,,abrupt,28
,,,0.0001,,rolling_ridge,,,,,rmse,,,0.15311907052678908,0.05205454154526135,0.06527011428711925,0.0073327,168,,,,,,,,,,abrupt,28
,,,,,rls,,,,,rmse,,,0.1506834382027022,0.050062582848558815,0.06370747661721589,0.0024656,,0.995,0.1,,,,,,,,abrupt,28
,0.8496625,,,,neural_gate,,,,,rmse,,1,0.150315565924451,0.049835548348416976,0.06346335550951498,,,,,250,16,0.003,0.0001,,,,abrupt,28
,5.4853821,,,,boosted_meta,,,,,rmse,,1,0.15816266392922326,0.05589728514074387,0.06942745207179057,,,,,,,0.05,,2,20,100,abrupt,28
2.442243996730042e6,0.0077662,0,0.001,cholesky,adaptive_ridge,110,quadratic_stacked_beta,0.0065146,7.60307748749037e-16,rmse,0.0012516,1,0.08996575130095819,0.031368373150647395,0.03924646260302016,,,,,,,,,,,,abrupt,29
,,,0.0001,,rolling_ridge,,,,,rmse,,,0.08820700890794925,0.031127756866618686,0.03879632646326263,0.0049474,336,,,,,,,,,,abrupt,29
,,,,,rls,,,,,rmse,,,0.08727733234755616,0.030664032429598705,0.03824806232254482,0.0049381,,0.995,1.0e-6,,,,,,,,abrupt,29
,1.6700493,,,,neural_gate,,,,,rmse,,1,0.08823757346549023,0.030749476554631488,0.03848732680408291,,,,,250,16,0.003,0.0001,,,,abrupt,29
,5.2164252,,,,boosted_meta,,,,,rmse,,1,0.09633830957628899,0.029675717901980946,0.03831219768493749,,,,,,,0.05,,2,20,100,abrupt,29
144219.7884927762,0.0157523,0,0.0,cholesky,adaptive_ridge,110,quadratic_stacked_beta,0.0092108,6.878882256526002e-16,rmse,0.0065415,1,0.12795493139233025,0.044765602098929984,0.05537773283855238,,,,,,,,,,,,abrupt,30
,,,0.0,,rolling_ridge,,,,,rmse,,,0.1281935636312864,0.044818791579475235,0.055589083870901876,0.0106931,336,,,,,,,,,,abrupt,30
,,,,,rls,,,,,rmse,,,0.12670041827781012,0.0443065114662779,0.05503585803830415,0.0146524,,0.995,1.0e-6,,,,,,,,abrupt,30
,1.9011747,,,,neural_gate,,,,,rmse,,1,0.1251667930762218,0.043962392249603015,0.054433705316637146,,,,,250,16,0.003,0.0001,,,,abrupt,30
,5.0206581,,,,boosted_meta,,,,,rmse,,1,0.14019117981978416,0.047953757406026525,0.060023867106803894,,,,,,,0.05,,2,20,100,abrupt,30
2.7248011524739957e9,0.0050447,0,1.0e-6,cholesky,adaptive_ridge,110,quadratic_stacked_beta,0.004181,9.40085689302147e-16,rmse,0.0008637,1,0.03928602527909732,0.013590485658600068,0.017020327182673323,,,,,,,,,,,,member_degradation,1
,,,1.0e-6,,rolling_ridge,,,,,rmse,,,0.038747238515729296,0.013470598939058089,0.016881617637471816,0.0060129,336,,,,,,,,,,member_degradation,1
,,,,,rls,,,,,rmse,,,0.03846516857108776,0.013395030238240822,0.01676821154868534,0.0025479,,0.995,0.1,,,,,,,,member_degradation,1
,2.741514,,,,neural_gate,,,,,rmse,,1,0.03846175023429711,0.013285805181786051,0.01659698102188164,,,,,250,8,0.001,0.0,,,,member_degradation,1
,4.394249,,,,boosted_meta,,,,,rmse,,1,0.0747204857577413,0.016915497537155155,0.024857990618694384,,,,,,,0.05,,2,20,100,member_degradation,1
5.3096531188198484e7,0.0730752,0,0.0,cholesky,adaptive_ridge,110,quadratic_stacked_beta,0.0224663,1.0969983084254103e-15,rmse,0.0506089,1,0.03926666382709948,0.013495987026868508,0.016914257949356092,,,,,,,,,,,,member_degradation,2
,,,0.0,,rolling_ridge,,,,,rmse,,,0.039456742277136636,0.013476584029742616,0.01684992848322273,0.0087201,336,,,,,,,,,,member_degradation,2
,,,,,rls,,,,,rmse,,,0.0395746819570085,0.013370370052639764,0.0167648042000714,0.0024372,,0.995,0.1,,,,,,,,member_degradation,2
,2.0907676,,,,neural_gate,,,,,rmse,,1,0.03905033499045353,0.01334341849051772,0.016736614629169772,,,,,250,16,0.001,0.0,,,,member_degradation,2
,4.6852433,,,,boosted_meta,,,,,rmse,,1,0.08527423231919208,0.019473290762566195,0.02881978690226494,,,,,,,0.05,,2,20,100,member_degradation,2
2.3856572177048326e8,0.0042971,0,0.0,cholesky,adaptive_ridge,110,quadratic_stacked_beta,0.003417,7.877402034183398e-16,rmse,0.0008801,1,0.1033265816373078,0.03507264220650655,0.043710105219114254,,,,,,,,,,,,member_degradation,3
,,,0.0001,,rolling_ridge,,,,,rmse,,,0.10130430598891546,0.03252932282321659,0.04134428223980259,0.013654,72,,,,,,,,,,member_degradation,3
,,,,,rls,,,,,rmse,,,0.09763904311794537,0.030171989151654838,0.039052599009560506,0.0025209,,0.95,0.1,,,,,,,,member_degradation,3
,1.3789252,,,,neural_gate,,,,,rmse,,1,0.10403952629611761,0.035487553413314055,0.044366833559225605,,,,,250,8,0.003,0.0001,,,,member_degradation,3
,4.4641852,,,,boosted_meta,,,,,rmse,,1,0.09040237541869409,0.020290296965997982,0.029570277823966654,,,,,,,0.05,,2,20,100,member_degradation,3
2.549081825081087e7,0.0044596,0,0.0001,cholesky,adaptive_ridge,110,quadratic_stacked_beta,0.0035885,5.963614997259699e-16,rmse,0.0008711,1,0.06579138065515801,0.02297304768314508,0.028581711301033364,,,,,,,,,,,,member_degradation,4
,,,0.0001,,rolling_ridge,,,,,rmse,,,0.06564672521133377,0.022456260353965633,0.028384249609989032,0.0051985,72,,,,,,,,,,member_degradation,4
,,,,,rls,,,,,rmse,,,0.06647501673390138,0.021664576229537935,0.02779168962171721,0.3860343,,0.95,0.0001,,,,,,,,member_degradation,4
,1.1776256,,,,neural_gate,,,,,rmse,,1,0.07018743522839721,0.025313607707163514,0.031102403423153173,,,,,250,8,0.003,0.0001,,,,member_degradation,4
,4.3253636,,,,boosted_meta,,,,,rmse,,1,0.09063941409048061,0.02312518032097968,0.03242440976296916,,,,,,,0.05,,2,20,100,member_degradation,4
4.729776059364949e8,0.010011099999999998,0,1.0e-6,cholesky,adaptive_ridge,110,quadratic_stacked_beta,0.0090958,8.311335168329405e-16,rmse,0.0009153,1,0.017917916423123802,0.00612751943241077,0.007684520665352955,,,,,,,,,,,,member_degradation,5
,,,0.0,,rolling_ridge,,,,,rmse,,,0.01826041503696375,0.006082608477220489,0.0076718093351884325,0.0029026,336,,,,,,,,,,member_degradation,5
,,,,,rls,,,,,rmse,,,0.017996880685324033,0.005980031693845133,0.007564137892430095,0.0023458,,0.995,0.1,,,,,,,,member_degradation,5
,1.1577822,,,,neural_gate,,,,,rmse,,1,0.03146038044272477,0.010544332657410845,0.013247877769946683,,,,,250,8,0.003,0.0,,,,member_degradation,5
,5.1765053,,,,boosted_meta,,,,,rmse,,1,0.07180325876380957,0.017321968680351046,0.02434688068339514,,,,,,,0.05,,2,20,100,member_degradation,5
1.0566128467200692e8,0.015351,0,0.0,cholesky,adaptive_ridge,110,quadratic_stacked_beta,0.0090408,6.952498147103233e-16,rmse,0.0063102,1,0.010726935843462538,0.0037298720230455385,0.004660612029016859,,,,,,,,,,,,member_degradation,6
,,,0.0,,rolling_ridge,,,,,rmse,,,0.010661266752561354,0.0036570611793373766,0.004574015051994853,0.0311292,336,,,,,,,,,,member_degradation,6
,,,,,rls,,,,,rmse,,,0.010671484438187627,0.003666407681614252,0.004581089303346255,0.0025484,,0.995,1.0e-6,,,,,,,,member_degradation,6
,1.5647345,,,,neural_gate,,,,,rmse,,1,0.057972948463108895,0.0195682359261265,0.024590195904098954,,,,,250,16,0.001,0.0,,,,member_degradation,6
,5.0378163,,,,boosted_meta,,,,,rmse,,1,0.0844080314184169,0.019071820392308453,0.028263854854784044,,,,,,,0.05,,2,20,100,member_degradation,6
15355.18375926465,0.0104927,0,0.01,cholesky,adaptive_ridge,110,quadratic_stacked_beta,0.0096527,6.391320217330162e-16,rmse,0.00084,1,0.16610297162620263,0.05636030364574231,0.07098492180181547,,,,,,,,,,,,member_degradation,7
,,,0.001,,rolling_ridge,,,,,rmse,,,0.1675296594121928,0.05605873042499758,0.07077111843810029,0.0026883,336,,,,,,,,,,member_degradation,7
,,,,,rls,,,,,rmse,,,0.16582184469765177,0.05573697384541867,0.0702150165069192,0.0070803,,0.995,1.0e-6,,,,,,,,member_degradation,7
,1.2731197,,,,neural_gate,,,,,rmse,,1,0.1634077475022558,0.05568471887880015,0.06971884995213781,,,,,250,8,0.003,0.0001,,,,member_degradation,7
,4.538078,,,,boosted_meta,,,,,rmse,,1,0.1795288633993171,0.06543145354682624,0.08052236292744673,,,,,,,0.05,,2,50,100,member_degradation,7
845297.3593823552,0.0096264,0,0.0001,cholesky,adaptive_ridge,110,quadratic_stacked_beta,0.0088346,7.820920402463225e-16,rmse,0.0007918,1,0.08521443703022151,0.029086432218865782,0.03638938031792793,,,,,,,,,,,,member_degradation,8
,,,0.0,,rolling_ridge,,,,,rmse,,,0.08561099797961116,0.02932519735124866,0.03671039094229331,0.0029584,336,,,,,,,,,,member_degradation,8
,,,,,rls,,,,,rmse,,,0.08443750396639178,0.029108306317339804,0.03638950166329774,0.0278184,,0.995,0.1,,,,,,,,member_degradation,8
,1.3522867,,,,neural_gate,,,,,rmse,,3,0.08334827093349931,0.028812010629302876,0.03596250290585289,,,,,250,8,0.001,0.0001,,,,member_degradation,8
,4.206024,,,,boosted_meta,,,,,rmse,,1,0.10681962304173252,0.03409300616607829,0.0434073396735258,,,,,,,0.05,,2,20,100,member_degradation,8
1.0188312942603366e6,0.0066637,0,0.0001,cholesky,adaptive_ridge,110,quadratic_stacked_beta,0.0054394,8.244080544924966e-16,rmse,0.0012243,1,0.08837026351930274,0.029877449808038598,0.037643874593058416,,,,,,,,,,,,member_degradation,9
,,,0.0001,,rolling_ridge,,,,,rmse,,,0.08722892985006878,0.029118943670004786,0.03679078723588976,0.0027494,336,,,,,,,,,,member_degradation,9
,,,,,rls,,,,,rmse,,,0.08651337483863669,0.028944780791176534,0.036558530477066566,0.0025045,,0.995,0.1,,,,,,,,member_degradation,9
,2.1478576,,,,neural_gate,,,,,rmse,,3,0.08447653373717806,0.02875306776141075,0.036464643839228615,,,,,250,16,0.003,0.0001,,,,member_degradation,9
,4.6526534,,,,boosted_meta,,,,,rmse,,1,0.10002061072428209,0.03357424524432814,0.042481726256435634,,,,,,,0.05,,2,20,100,member_degradation,9
297800.69230836694,0.0100456,0,0.0001,cholesky,adaptive_ridge,110,quadratic_stacked_beta,0.0092066,7.8055617216629715e-16,rmse,0.000839,1,0.1259478630662603,0.04351406494187156,0.05409494149733959,,,,,,,,,,,,member_degradation,10
,,,0.0001,,rolling_ridge,,,,,rmse,,,0.12923850451517688,0.042694180115667675,0.05382415746018087,0.010183,336,,,,,,,,,,member_degradation,10
,,,,,rls,,,,,rmse,,,0.12658726724675165,0.042195015812288045,0.053099786025039,0.0027902,,0.995,1.0e-6,,,,,,,,member_degradation,10
,1.4321421,,,,neural_gate,,,,,rmse,,1,0.12434916984975894,0.042359149656064445,0.05303221845071356,,,,,250,16,0.003,0.0001,,,,member_degradation,10
,4.6883318,,,,boosted_meta,,,,,rmse,,1,0.1271458238620263,0.04378946048756395,0.05487592919988123,,,,,,,0.05,,2,50,100,member_degradation,10
302515.936254439,0.0079785,0,0.001,cholesky,adaptive_ridge,110,quadratic_stacked_beta,0.006644,7.469374178768919e-16,rmse,0.0013345,1,0.1851480258160631,0.0629849763575015,0.07905536465195234,,,,,,,,,,,,member_degradation,11
,,,0.001,,rolling_ridge,,,,,rmse,,,0.1857809592726781,0.06085866542147431,0.07685381146101286,0.0037418,72,,,,,,,,,,member_degradation,11
,,,,,rls,,,,,rmse,,,0.18295880333282838,0.057597047996162845,0.0739545569104973,0.0025483,,0.95,0.1,,,,,,,,member_degradation,11
,1.0669044,,,,neural_gate,,,,,rmse,,1,0.18324046671866567,0.06163282174965295,0.07797174816840582,,,,,250,8,0.003,0.0001,,,,member_degradation,11
,4.4234398,,,,boosted_meta,,,,,rmse,,1,0.12832178072719327,0.04448762385402133,0.0552253907987973,,,,,,,0.05,,2,50,100,member_degradation,11
63828.105895780885,0.0048237,0,0.001,cholesky,adaptive_ridge,110,quadratic_stacked_beta,0.003322,5.948893921251893e-16,rmse,0.0015017,1,0.14774415516009337,0.05034295846107355,0.06324027306558712,,,,,,,,,,,,member_degradation,12
,,,0.001,,rolling_ridge,,,,,rmse,,,0.1454476433457973,0.04950752994604025,0.06245444527581194,0.0028093,336,,,,,,,,,,member_degradation,12
,,,,,rls,,,,,rmse,,,0.14385797202172354,0.04896228538739578,0.06168318522716362,0.0113465,,0.995,0.1,,,,,,,,member_degradation,12
,4.0211572,,,,neural_gate,,,,,rmse,,1,0.1441555038493326,0.04911945726527399,0.06181734750138648,,,,,250,16,0.003,0.0001,,,,member_degradation,12
,4.9806947,,,,boosted_meta,,,,,rmse,,1,0.1618723758011825,0.05555826454346816,0.06919536172557506,,,,,,,0.05,,2,50,100,member_degradation,12
9.066815720697519e8,0.0042154,0,0.0,cholesky,adaptive_ridge,110,quadratic_stacked_beta,0.0034326,9.284644544126214e-16,rmse,0.0007828,1,0.01849926887317055,0.006321311054975869,0.007897965295904898,,,,,,,,,,,,member_degradation,13
,,,0.0,,rolling_ridge,,,,,rmse,,,0.018490699569412402,0.006278641480788802,0.007852164969880298,0.0029915,336,,,,,,,,,,member_degradation,13
,,,,,rls,,,,,rmse,,,0.018465563457954918,0.006238105744396455,0.007801967115179602,0.0079301,,0.995,1.0e-6,,,,,,,,member_degradation,13
,3.2184478,,,,neural_gate,,,,,rmse,,1,0.018388202779067088,0.006194612332554619,0.007833110320276667,,,,,250,8,0.001,0.0,,,,member_degradation,13
,4.7691564,,,,boosted_meta,,,,,rmse,,1,0.06843214233832032,0.01574211672257814,0.023249723899343974,,,,,,,0.05,,2,20,100,member_degradation,13
2.298914707811206e7,0.0089389,0,0.0001,cholesky,adaptive_ridge,110,quadratic_stacked_beta,0.0078567,1.1169248504160126e-15,rmse,0.0010822,1,0.22279863318851206,0.08064059223808767,0.1001784903649412,,,,,,,,,,,,member_degradation,14
,,,0.0001,,rolling_ridge,,,,,rmse,,,0.22131209531149487,0.057796091503588005,0.08023105377588229,0.0029458,24,,,,,,,,,,member_degradation,14
,,,,,rls,,,,,rmse,,,0.20537179517032073,0.05441605330967037,0.07503808871028168,0.002752,,0.9,1.0e-6,,,,,,,,member_degradation,14
,1.8192196,,,,neural_gate,,,,,rmse,,1,0.25126147543920185,0.09078250939905158,0.111566509931895,,,,,250,16,0.003,0.0001,,,,member_degradation,14
,4.4607205,,,,boosted_meta,,,,,rmse,,1,0.099279128545984,0.022679563407085854,0.032965073927812075,,,,,,,0.05,,2,20,100,member_degradation,14
5.047458458395703e6,0.0198281,0,0.0001,cholesky,adaptive_ridge,110,quadratic_stacked_beta,0.0112247,7.06982822894548e-16,rmse,0.0086034,1,0.032190786160062226,0.010590675856951589,0.01343539202570894,,,,,,,,,,,,member_degradation,15
,,,0.0,,rolling_ridge,,,,,rmse,,,0.03193541097168495,0.010400861119901971,0.01321491835057844,0.0157108,336,,,,,,,,,,member_degradation,15
,,,,,rls,,,,,rmse,,,0.03191003062486573,0.010433138221443075,0.013248991696560864,0.0035475,,0.995,1.0e-6,,,,,,,,member_degradation,15
,1.2084338,,,,neural_gate,,,,,rmse,,1,0.031455208046578254,0.010326446608394936,0.013117056796493236,,,,,250,8,0.003,0.0,,,,member_degradation,15
,4.8313262,,,,boosted_meta,,,,,rmse,,1,0.07937666478822415,0.02121536638512032,0.028725962727751617,,,,,,,0.05,,2,20,100,member_degradation,15
518880.57376136445,0.15739329999999999,0,0.0,cholesky,adaptive_ridge,110,quadratic_stacked_beta,0.1554633,6.905980783029543e-16,rmse,0.00193,1,0.10475614943937595,0.036513513242298956,0.04527397536789043,,,,,,,,,,,,member_degradation,16
,,,1.0e-6,,rolling_ridge,,,,,rmse,,,0.10385800689271747,0.03616633258417679,0.045118593888088414,0.0085643,336,,,,,,,,,,member_degradation,16
,,,,,rls,,,,,rmse,,,0.1030217910388729,0.035859325793456985,0.04464448612956165,0.0032128,,0.995,1.0e-6,,,,,,,,member_degradation,16
,1.201014,,,,neural_gate,,,,,rmse,,1,0.1028286436337807,0.03555585750811619,0.04445765193338972,,,,,250,8,0.003,0.0001,,,,member_degradation,16
,4.9492802,,,,boosted_meta,,,,,rmse,,1,0.10974751315779194,0.037835861454716645,0.047486866044136856,,,,,,,0.05,,2,20,100,member_degradation,16
2.500734700599207e10,0.0112978,0,0.0,cholesky,adaptive_ridge,110,quadratic_stacked_beta,0.0097886,7.939720810146454e-16,rmse,0.0015092,1,0.0029666918358251105,0.0010410898763670083,0.0012982514789483153,,,,,,,,,,,,member_degradation,17
,,,0.0,,rolling_ridge,,,,,rmse,,,0.002908485093332228,0.0010467876711317179,0.0012955834079735847,0.0028503,336,,,,,,,,,,member_degradation,17
,,,,,rls,,,,,rmse,,,0.002888316867255477,0.0010401924323226426,0.0012903988683303411,0.0025859,,0.995,0.1,,,,,,,,member_degradation,17
,1.7939882,,,,neural_gate,,,,,rmse,,1,0.05836704879200195,0.01977080547687269,0.02504380934859476,,,,,250,16,0.001,0.0,,,,member_degradation,17
,4.4800365,,,,boosted_meta,,,,,rmse,,1,0.07828037718631566,0.01841260891082189,0.026834828344824438,,,,,,,0.05,,2,20,100,member_degradation,17
927374.6673565926,0.0102809,0,0.0,cholesky,adaptive_ridge,110,quadratic_stacked_beta,0.0092256,7.529019643645018e-16,rmse,0.0010553,1,0.07269776956591963,0.025814473085842636,0.032012818896189905,,,,,,,,,,,,member_degradation,18
,,,0.0001,,rolling_ridge,,,,,rmse,,,0.07298702482517731,0.02587470904002094,0.03186895406312058,0.0027182,336,,,,,,,,,,member_degradation,18
,,,,,rls,,,,,rmse,,,0.072980796227317,0.025787300477929497,0.031710235013559185,0.008648,,0.995,1.0e-6,,,,,,,,member_degradation,18
,1.7427215,,,,neural_gate,,,,,rmse,,1,0.07377324872460107,0.025785179617092452,0.03190257463083333,,,,,250,16,0.001,0.0,,,,member_degradation,18
,4.3467315,,,,boosted_meta,,,,,rmse,,1,0.09358586852532362,0.02992594764999563,0.0384992547659612,,,,,,,0.05,,2,20,100,member_degradation,18
30605.278973861266,0.0048063,0,0.001,cholesky,adaptive_ridge,110,quadratic_stacked_beta,0.0038922,5.750418625236549e-16,rmse,0.0009141,1,0.16254235934890798,0.05298493488231253,0.06728056771664358,,,,,,,,,,,,member_degradation,19
,,,0.0,,rolling_ridge,,,,,rmse,,,0.1610172687163871,0.05284972833392296,0.06679291246244314,0.0149402,336,,,,,,,,,,member_degradation,19
,,,,,rls,,,,,rmse,,,0.1573216623697441,0.052268921447279126,0.06591236842727792,0.0085385,,0.995,0.1,,,,,,,,member_degradation,19
,1.420867,,,,neural_gate,,,,,rmse,,1,0.15647352461075364,0.05214537180966094,0.06580776457548715,,,,,250,8,0.003,0.0001,,,,member_degradation,19
,4.7867744,,,,boosted_meta,,,,,rmse,,1,0.18129168030284318,0.05836856357438621,0.07440993829360869,,,,,,,0.05,,2,20,100,member_degradation,19
188269.81971660675,0.0045629,0,0.001,cholesky,adaptive_ridge,110,quadratic_stacked_beta,0.0036743,8.083923074757517e-16,rmse,0.0008886,1,0.10522385141240934,0.036121366184082765,0.045321798050457066,,,,,,,,,,,,member_degradation,20
,,,0.0001,,rolling_ridge,,,,,rmse,,,0.10541972653289726,0.035827882120889984,0.0450529319576222,0.0031761,336,,,,,,,,,,member_degradation,20
,,,,,rls,,,,,rmse,,,0.10504751414668054,0.03552096410657868,0.04480179053529749,0.0028903,,0.995,1.0e-6,,,,,,,,member_degradation,20
,3.0687052,,,,neural_gate,,,,,rmse,,1,0.10518746066916645,0.03556068582511493,0.0446661737522866,,,,,250,16,0.001,0.0001,,,,member_degradation,20
,4.935298,,,,boosted_meta,,,,,rmse,,1,0.12447194785606829,0.0406440195045388,0.05154637567539023,,,,,,,0.05,,2,20,100,member_degradation,20
116662.12202033124,0.0045647000000000005,0,0.001,cholesky,adaptive_ridge,110,quadratic_stacked_beta,0.0037173,6.50667003946661e-16,rmse,0.0008474,1,0.15288562147555662,0.0528143072079624,0.0659886561988991,,,,,,,,,,,,member_degradation,21
,,,0.0,,rolling_ridge,,,,,rmse,,,0.1492557466906571,0.052778336742760626,0.06548120239891968,0.004784,336,,,,,,,,,,member_degradation,21
,,,,,rls,,,,,rmse,,,0.145468761058374,0.051251490579767245,0.06367202464866176,0.0080512,,0.995,0.1,,,,,,,,member_degradation,21
,1.1559706,,,,neural_gate,,,,,rmse,,1,0.14653477522629424,0.050716458301070334,0.0629794459235902,,,,,250,8,0.003,0.0001,,,,member_degradation,21
,4.9355988,,,,boosted_meta,,,,,rmse,,1,0.1522268669393784,0.05252986446275879,0.06602033688784215,,,,,,,0.05,,2,20,100,member_degradation,21
1.15661323791004e7,0.0073947,0,0.0001,cholesky,adaptive_ridge,110,quadratic_stacked_beta,0.0061312,6.048528837000163e-16,rmse,0.0012635,1,0.05965844135056877,0.020265376944305417,0.025393152637595427,,,,,,,,,,,,member_degradation,22
,,,0.0001,,rolling_ridge,,,,,rmse,,,0.05890832901806506,0.019923384884312802,0.025064563454069117,0.0025353,336,,,,,,,,,,member_degradation,22
,,,,,rls,,,,,rmse,,,0.05868382127232264,0.019822247296573666,0.02486651843408677,0.0026633,,0.995,0.1,,,,,,,,member_degradation,22
,3.9082394,,,,neural_gate,,,,,rmse,,1,0.05905705372297687,0.019834882413759657,0.02497339659958862,,,,,250,16,0.003,0.0001,,,,member_degradation,22
,5.3524818,,,,boosted_meta,,,,,rmse,,1,0.09419346264723426,0.02413913251331055,0.033295671723563104,,,,,,,0.05,,2,20,100,member_degradation,22
691146.1066744322,0.0043993,0,0.001,cholesky,adaptive_ridge,110,quadratic_stacked_beta,0.0034607,7.11904814469955e-16,rmse,0.0009386,1,0.08499395485358256,0.028857784242823693,0.036165748655746885,,,,,,,,,,,,member_degradation,23
,,,0.0,,rolling_ridge,,,,,rmse,,,0.08438616636233834,0.028820899574463894,0.03582300738600271,0.0088971,336,,,,,,,,,,member_degradation,23
,,,,,rls,,,,,rmse,,,0.0840610435869247,0.02863081542353919,0.03568578962173307,0.1265062,,0.995,1.0e-6,,,,,,,,member_degradation,23
,1.5849627,,,,neural_gate,,,,,rmse,,1,0.08359455062785008,0.028526312246986357,0.03550686795931318,,,,,250,8,0.003,0.0001,,,,member_degradation,23
,4.9071853,,,,boosted_meta,,,,,rmse,,1,0.10544547894660308,0.0333220936613024,0.04262253688407087,,,,,,,0.05,,2,50,100,member_degradation,23
1.8404055766582455e7,0.0129858,0,1.0e-6,cholesky,adaptive_ridge,110,quadratic_stacked_beta,0.012175,6.585006658909208e-16,rmse,0.0008108,1,0.0817467059705805,0.027225450319355502,0.03448624770632108,,,,,,,,,,,,member_degradation,24
,,,0.0001,,rolling_ridge,,,,,rmse,,,0.0807416067216668,0.026609425290434915,0.03393049498951156,0.0064528,72,,,,,,,,,,member_degradation,24
,,,,,rls,,,,,rmse,,,0.07922223175596767,0.026564791784844402,0.03370967772016801,0.0115,,0.995,0.1,,,,,,,,member_degradation,24
,2.2929224,,,,neural_gate,,,,,rmse,,1,0.08278271060341448,0.027975106684041868,0.03512445078580766,,,,,250,16,0.001,0.0,,,,member_degradation,24
,5.1586889,,,,boosted_meta,,,,,rmse,,1,0.07551515371796266,0.021728352111283124,0.028635020653243956,,,,,,,0.05,,2,20,100,member_degradation,24
6.568384925252354e9,0.0152228,0,0.0,cholesky,adaptive_ridge,110,quadratic_stacked_beta,0.0144169,7.6407431016527e-16,rmse,0.0008059,1,0.008641637155250313,0.002962160113987835,0.0037230760582808724,,,,,,,,,,,,member_degradation,25
,,,0.0,,rolling_ridge,,,,,rmse,,,0.008468582251990611,0.0029700487599183746,0.0037257854386699247,0.003078,336,,,,,,,,,,member_degradation,25
,,,,,rls,,,,,rmse,,,0.008421064787162957,0.0029551543834789532,0.0037024004700971793,0.0033529,,0.995,1.0e-6,,,,,,,,member_degradation,25
,1.9229889,,,,neural_gate,,,,,rmse,,1,0.11124851145714715,0.038808051223706855,0.04844274271729737,,,,,250,16,0.001,0.0,,,,member_degradation,25
,4.6978121,,,,boosted_meta,,,,,rmse,,1,0.08864137823536879,0.01936366576215522,0.02940312001558958,,,,,,,0.05,,2,20,100,member_degradation,25
28976.790134188846,0.009903700000000001,0,0.01,cholesky,adaptive_ridge,110,quadratic_stacked_beta,0.0090459,5.862954748986762e-16,rmse,0.0008578,1,0.1278301969022022,0.04425457086823014,0.055539878207966895,,,,,,,,,,,,member_degradation,26
,,,0.001,,rolling_ridge,,,,,rmse,,,0.1256724606629135,0.04353128991484974,0.05456585953757429,0.0026789,336,,,,,,,,,,member_degradation,26
,,,,,rls,,,,,rmse,,,0.12487370434546032,0.04336976496135871,0.054343725828602536,0.0025542,,0.995,0.1,,,,,,,,member_degradation,26
,1.473935,,,,neural_gate,,,,,rmse,,1,0.12349396942664034,0.042888665297905505,0.05381748682080447,,,,,250,16,0.001,0.0001,,,,member_degradation,26
,4.5758845,,,,boosted_meta,,,,,rmse,,1,0.1436269313498206,0.04980836126025385,0.06201454201689383,,,,,,,0.05,,2,50,100,member_degradation,26
1.4212782032391175e6,0.0043367,0,0.0,cholesky,adaptive_ridge,110,quadratic_stacked_beta,0.0035336,8.831497490393239e-16,rmse,0.0008031,1,0.07932924058525247,0.02789312155031729,0.034708683144111775,,,,,,,,,,,,member_degradation,27
,,,0.0,,rolling_ridge,,,,,rmse,,,0.07950440582237744,0.027830240758879646,0.03461312508280214,0.0096689,336,,,,,,,,,,member_degradation,27
,,,,,rls,,,,,rmse,,,0.07869242679388011,0.027512371298090386,0.034286757395999595,0.0024062,,0.995,1.0e-6,,,,,,,,member_degradation,27
,4.5042384,,,,neural_gate,,,,,rmse,,1,0.07833375799144486,0.02721414672528601,0.034033587381162994,,,,,250,8,0.001,0.0,,,,member_degradation,27
,5.3383249,,,,boosted_meta,,,,,rmse,,1,0.10400006833675679,0.030696546284090596,0.04007634686845182,,,,,,,0.05,,2,20,100,member_degradation,27
124064.18041597234,0.0096709,0,0.001,cholesky,adaptive_ridge,110,quadratic_stacked_beta,0.0088273,6.580618116829679e-16,rmse,0.0008436,1,0.15440187949938142,0.051006422804936974,0.06476410775565133,,,,,,,,,,,,member_degradation,28
,,,0.0001,,rolling_ridge,,,,,rmse,,,0.15311907052678908,0.05205454154526135,0.06527011428711925,0.0026578,168,,,,,,,,,,member_degradation,28
,,,,,rls,,,,,rmse,,,0.1506834382027022,0.050062582848558815,0.06370747661721589,0.0084616,,0.995,0.1,,,,,,,,member_degradation,28
,1.0568927,,,,neural_gate,,,,,rmse,,1,0.150315565924451,0.049835548348416976,0.06346335550951498,,,,,250,16,0.003,0.0001,,,,member_degradation,28
,5.4468251,,,,boosted_meta,,,,,rmse,,1,0.15816266392922326,0.05589728514074387,0.06942745207179057,,,,,,,0.05,,2,20,100,member_degradation,28
2.442243996730042e6,0.007985,0,0.001,cholesky,adaptive_ridge,110,quadratic_stacked_beta,0.0066121,7.60307748749037e-16,rmse,0.0013729,1,0.08996575130095819,0.031368373150647395,0.03924646260302016,,,,,,,,,,,,member_degradation,29
,,,0.0001,,rolling_ridge,,,,,rmse,,,0.08820700890794925,0.031127756866618686,0.03879632646326263,0.0128688,336,,,,,,,,,,member_degradation,29
,,,,,rls,,,,,rmse,,,0.08727733234755616,0.030664032429598705,0.03824806232254482,0.0150204,,0.995,1.0e-6,,,,,,,,member_degradation,29
,1.6623156,,,,neural_gate,,,,,rmse,,1,0.08823757346549023,0.030749476554631488,0.03848732680408291,,,,,250,16,0.003,0.0001,,,,member_degradation,29
,5.1438361,,,,boosted_meta,,,,,rmse,,1,0.09633830957628899,0.029675717901980946,0.03831219768493749,,,,,,,0.05,,2,20,100,member_degradation,29
144219.7884927762,0.0051068,0,0.0,cholesky,adaptive_ridge,110,quadratic_stacked_beta,0.003619,6.878882256526002e-16,rmse,0.0014878,1,0.12795493139233025,0.044765602098929984,0.05537773283855238,,,,,,,,,,,,member_degradation,30
,,,0.0,,rolling_ridge,,,,,rmse,,,0.1281935636312864,0.044818791579475235,0.055589083870901876,0.0076708,336,,,,,,,,,,member_degradation,30
,,,,,rls,,,,,rmse,,,0.12670041827781012,0.0443065114662779,0.05503585803830415,0.0081279,,0.995,1.0e-6,,,,,,,,member_degradation,30
,1.9154,,,,neural_gate,,,,,rmse,,1,0.1251667930762218,0.043962392249603015,0.054433705316637146,,,,,250,16,0.003,0.0001,,,,member_degradation,30
,4.9186801,,,,boosted_meta,,,,,rmse,,1,0.14019117981978416,0.047953757406026525,0.060023867106803894,,,,,,,0.05,,2,20,100,member_degradation,30
1.9168623352164328e7,0.004916500000000001,0,0.0,cholesky,adaptive_ridge,110,quadratic_stacked_beta,0.0040924,8.532300504426548e-16,rmse,0.0008241,1,0.06748117831215594,0.015486359646717263,0.02780758394849286,,,,,,,,,,,,recurring,1
,,,0.001,,rolling_ridge,,,,,rmse,,,0.1739572727264722,0.021345755406875052,0.0480930664059965,0.0082933,24,,,,,,,,,,recurring,1
,,,,,rls,,,,,rmse,,,0.19237451885331633,0.020438902623891208,0.05534749865400893,0.0026107,,0.9,1.0e-6,,,,,,,,recurring,1
,3.4514591,,,,neural_gate,,,,,rmse,,1,0.06325188178761447,0.014807511640005648,0.025873771656133023,,,,,250,16,0.001,0.0,,,,recurring,1
,12.4661025,,,,boosted_meta,,,,,rmse,,5,0.19042461029345645,0.055023199154398746,0.07294919811599491,,,,,,,0.05,,2,50,100,recurring,1
2.1677697667037747e6,0.014103800000000001,0,0.0001,cholesky,adaptive_ridge,110,quadratic_stacked_beta,0.0132682,8.444380154335628e-16,rmse,0.0008356,1,0.06873427952495646,0.01663277925320086,0.027116652688173284,,,,,,,,,,,,recurring,2
,,,0.01,,rolling_ridge,,,,,rmse,,,0.17558692136461873,0.03210277922413782,0.052950595330829034,0.0087711,24,,,,,,,,,,recurring,2
,,,,,rls,,,,,rmse,,,0.23127616796757675,0.024148009645269617,0.0669423565421556,0.024224,,0.9,1.0e-6,,,,,,,,recurring,2
,2.1719115,,,,neural_gate,,,,,rmse,,1,0.06775931119892889,0.0185040533318642,0.02690423092278676,,,,,250,8,0.001,0.0,,,,recurring,2
,4.370242,,,,boosted_meta,,,,,rmse,,1,0.22616229572794566,0.06258159212724446,0.08436061640942832,,,,,,,0.05,,2,20,100,recurring,2
1.1879013023959305e6,0.002925,0,0.0,cholesky,adaptive_ridge,110,quadratic_stacked_beta,0.0021921,9.269853250925684e-16,rmse,0.0007329,1,0.04602757429797669,0.013542697724874113,0.01798602560312693,,,,,,,,,,,,recurring,3
,,,0.0001,,rolling_ridge,,,,,rmse,,,0.11282900546056444,0.019896750917679958,0.03552134577546176,0.0027608,24,,,,,,,,,,recurring,3
,,,,,rls,,,,,rmse,,,0.1066236345735799,0.019088025398332705,0.0340620674250729,0.0023714,,0.9,1.0e-6,,,,,,,,recurring,3
,2.0974127,,,,neural_gate,,,,,rmse,,1,0.04644388043113032,0.014161487136846559,0.01848304311081186,,,,,250,16,0.001,0.0,,,,recurring,3
,4.2337064,,,,boosted_meta,,,,,rmse,,1,0.15203445443047856,0.04085169837972323,0.05534867194309828,,,,,,,0.05,,2,20,100,recurring,3
2.8454501473205714e6,0.0130221,0,0.0001,cholesky,adaptive_ridge,110,quadratic_stacked_beta,0.0121675,6.520529958122937e-16,rmse,0.0008546,1,0.05639491272968334,0.012373979486835747,0.02026688205924249,,,,,,,,,,,,recurring,4
,,,0.001,,rolling_ridge,,,,,rmse,,,0.11684984786563282,0.019798284431568697,0.036516898033787215,0.0027037,24,,,,,,,,,,recurring,4
,,,,,rls,,,,,rmse,,,0.11972169406760648,0.022199834540458693,0.036797639469824665,0.002463,,0.98,0.0001,,,,,,,,recurring,4
,2.3358583,,,,neural_gate,,,,,rmse,,3,0.05859892239306031,0.013776057803121322,0.021421467288746946,,,,,250,16,0.003,0.0001,,,,recurring,4
,4.0378478,,,,boosted_meta,,,,,rmse,,1,0.14784323737761224,0.038425896453875986,0.053319201191279524,,,,,,,0.05,,2,50,100,recurring,4
1.0202260391846186e8,0.0103815,0,0.0001,cholesky,adaptive_ridge,110,quadratic_stacked_beta,0.0095213,7.301764128737308e-16,rmse,0.0008602,1,0.038367259839759194,0.008620169636852677,0.014214979639978621,,,,,,,,,,,,recurring,5
,,,1.0e-6,,rolling_ridge,,,,,rmse,,,0.05193883255905673,0.008026151054644106,0.016695319830829065,0.0027513,24,,,,,,,,,,recurring,5
,,,,,rls,,,,,rmse,,,0.047865578741097085,0.010766651750378992,0.01628835188617686,0.0078903,,0.99,1.0e-6,,,,,,,,recurring,5
,7.1738691,,,,neural_gate,,,,,rmse,,1,0.03918806160515749,0.007785967881316645,0.013941625988339996,,,,,250,16,0.003,0.0,,,,recurring,5
,4.6371607,,,,boosted_meta,,,,,rmse,,1,0.07764506322143178,0.022285684637612324,0.029726680321986707,,,,,,,0.05,,2,20,100,recurring,5
5.147321441596637e7,0.0102495,0,0.0001,cholesky,adaptive_ridge,110,quadratic_stacked_beta,0.0094365,7.328359804607841e-16,rmse,0.000813,1,0.07135029521170015,0.01692618314478792,0.02557434823817564,,,,,,,,,,,,recurring,6
,,,1.0e-6,,rolling_ridge,,,,,rmse,,,0.08486368069727884,0.012552819311895428,0.025847834088216608,0.0026667,24,,,,,,,,,,recurring,6
,,,,,rls,,,,,rmse,,,0.08726235545564144,0.012769379503006748,0.028299099267577513,0.002515,,0.9,1.0e-6,,,,,,,,recurring,6
,0.9155503,,,,neural_gate,,,,,rmse,,1,0.07145732382111715,0.016502602521991316,0.02577207039707243,,,,,250,8,0.003,0.0,,,,recurring,6
,4.7241374,,,,boosted_meta,,,,,rmse,,1,0.08840027331195209,0.023016527886588586,0.03212792592064401,,,,,,,0.05,,2,20,100,recurring,6
72479.38060581745,0.27383810000000003,0,0.01,cholesky,adaptive_ridge,510,quadratic_stacked_beta,0.2267887,2.1586094847031685e-15,rmse,0.0470494,5,0.14810434013573162,0.03724842372522869,0.05290258158184236,,,,,,,,,,,,recurring,7
,,,0.01,,rolling_ridge,,,,,rmse,,,0.25897026240114257,0.04306046049552253,0.07561642907899087,0.0026077,24,,,,,,,,,,recurring,7
,,,,,rls,,,,,rmse,,,0.31565928638200647,0.04307170550440462,0.09370043063290565,0.0078333,,0.9,0.0001,,,,,,,,recurring,7
,1.2589876,,,,neural_gate,,,,,rmse,,3,0.10289716751643628,0.02630481156688474,0.03940846929741139,,,,,250,8,0.001,0.0,,,,recurring,7
,13.0915422,,,,boosted_meta,,,,,rmse,,5,0.25096100005311284,0.07925898680807673,0.10198709655352076,,,,,,,0.05,,2,20,100,recurring,7
403060.12193554995,0.0101052,0,0.0001,cholesky,adaptive_ridge,110,quadratic_stacked_beta,0.0093032,9.336763612976832e-16,rmse,0.000802,1,0.06369103554604355,0.01716726918999442,0.026399543836303416,,,,,,,,,,,,recurring,8
,,,0.01,,rolling_ridge,,,,,rmse,,,0.11853932247569221,0.028087878803173393,0.04275112330707802,0.0082021,24,,,,,,,,,,recurring,8
,,,,,rls,,,,,rmse,,,0.1550683039612847,0.032730164199857734,0.05085468654133044,0.0081403,,0.98,0.0001,,,,,,,,recurring,8
,1.3952823,,,,neural_gate,,,,,rmse,,1,0.05917255974752414,0.015441589636178641,0.02432859929609739,,,,,250,16,0.003,0.0,,,,recurring,8
,4.7951481,,,,boosted_meta,,,,,rmse,,1,0.20017801897800155,0.056388073768440565,0.07554157693481621,,,,,,,0.05,,2,20,100,recurring,8
1.2554166526303089e6,0.1418852,0,0.0001,cholesky,adaptive_ridge,210,quadratic_stacked_beta,0.0144819,9.414419580659267e-16,rmse,0.1274033,2,0.059563666489127455,0.016987337804146997,0.024064512731753116,,,,,,,,,,,,recurring,9
,,,0.0001,,rolling_ridge,,,,,rmse,,,0.1463467568358894,0.021862573286323645,0.043880390844812295,0.0027387,24,,,,,,,,,,recurring,9
,,,,,rls,,,,,rmse,,,0.14630692522676703,0.022089213327978554,0.043907429262694427,0.0077895,,0.9,1.0e-6,,,,,,,,recurring,9
,0.9229655,,,,neural_gate,,,,,rmse,,1,0.0500684395043041,0.013248026488306952,0.019391439410646857,,,,,250,8,0.003,0.0,,,,recurring,9
,13.0237038,,,,boosted_meta,,,,,rmse,,5,0.14640014403023444,0.043665241257085735,0.05724667418244083,,,,,,,0.05,,2,20,100,recurring,9
610190.822308313,0.024750300000000003,0,0.0,cholesky,adaptive_ridge,210,quadratic_stacked_beta,0.0155963,1.1805095966397748e-15,rmse,0.009154,2,0.0743538388853609,0.023014602904279195,0.02957772041421485,,,,,,,,,,,,recurring,10
,,,0.001,,rolling_ridge,,,,,rmse,,,0.16609596614766556,0.029778599348903364,0.0503510045576206,0.0026078,24,,,,,,,,,,recurring,10
,,,,,rls,,,,,rmse,,,0.16512360653302827,0.029483689026132045,0.051140638848328084,0.0075583,,0.9,0.1,,,,,,,,recurring,10
,1.3075868,,,,neural_gate,,,,,rmse,,1,0.0679635338945918,0.020098226665959316,0.02640524320784906,,,,,250,8,0.003,0.0,,,,recurring,10
,13.4060309,,,,boosted_meta,,,,,rmse,,5,0.20577975936048395,0.06328344664559914,0.08171759995207363,,,,,,,0.05,,2,20,100,recurring,10
106076.373572114,0.011641799999999999,0,0.0,cholesky,adaptive_ridge,110,quadratic_stacked_beta,0.0108136,7.562298436699001e-16,rmse,0.0008282,1,0.09355970540259875,0.02597058369931464,0.03620880952027004,,,,,,,,,,,,recurring,11
,,,0.01,,rolling_ridge,,,,,rmse,,,0.17207335703673035,0.036591666213365986,0.05578472086182546,0.0028872,24,,,,,,,,,,recurring,11
,,,,,rls,,,,,rmse,,,0.20331223419696656,0.03161917340521852,0.06038114817341379,0.0127473,,0.9,0.01,,,,,,,,recurring,11
,1.6691577,,,,neural_gate,,,,,rmse,,3,0.0810960461018459,0.02339321761358484,0.03357022323173857,,,,,250,8,0.001,0.0,,,,recurring,11
,13.3095608,,,,boosted_meta,,,,,rmse,,5,0.21207949143539878,0.06415399687208544,0.08395115615584213,,,,,,,0.05,,2,20,100,recurring,11
149326.60674040063,0.0895872,0,0.001,cholesky,adaptive_ridge,310,quadratic_stacked_beta,0.0731594,1.4553686406092107e-15,rmse,0.0164278,3,0.11038388180851207,0.030081063339329823,0.04146103184820661,,,,,,,,,,,,recurring,12
,,,0.01,,rolling_ridge,,,,,rmse,,,0.17822157413128295,0.03546900498911882,0.05614556646451248,0.0027544,24,,,,,,,,,,recurring,12
,,,,,rls,,,,,rmse,,,0.19262640720908739,0.033372026400745776,0.05783752096726772,0.0024608,,0.9,0.0001,,,,,,,,recurring,12
,1.430411,,,,neural_gate,,,,,rmse,,3,0.090843454329131,0.022517184914504242,0.032907282994297196,,,,,250,8,0.001,0.0,,,,recurring,12
,3.8644242,,,,boosted_meta,,,,,rmse,,1,0.21041737603905042,0.05615356951722399,0.07671374440125621,,,,,,,0.05,,2,50,100,recurring,12
3.2761087832784915e8,0.0102567,0,0.0,cholesky,adaptive_ridge,110,quadratic_stacked_beta,0.0094257,7.27194756911878e-16,rmse,0.000831,1,0.017746781078001105,0.004421242529438386,0.00662995506655163,,,,,,,,,,,,recurring,13
,,,0.0,,rolling_ridge,,,,,rmse,,,0.033649536103158136,0.006447214573663298,0.010638884454053966,0.0080755,72,,,,,,,,,,recurring,13
,,,,,rls,,,,,rmse,,,0.029851233938016558,0.006642870422432315,0.010063295779473526,0.0025332,,0.98,0.1,,,,,,,,recurring,13
,1.2055902,,,,neural_gate,,,,,rmse,,1,0.016760653353135802,0.004348853035298961,0.006318833677095532,,,,,250,8,0.003,0.0,,,,recurring,13
,5.3344415,,,,boosted_meta,,,,,rmse,,1,0.09161728174759518,0.02494872202868437,0.03398867467339994,,,,,,,0.05,,2,20,100,recurring,13
236191.1779932454,0.0042861,0,0.0001,cholesky,adaptive_ridge,110,quadratic_stacked_beta,0.0034369,9.955015640725581e-16,rmse,0.0008492,1,0.09904544797991795,0.025016653280018314,0.03832916735741627,,,,,,,,,,,,recurring,14
,,,0.001,,rolling_ridge,,,,,rmse,,,0.18654611112998112,0.03320857227614109,0.05766066591907853,0.0030022,24,,,,,,,,,,recurring,14
,,,,,rls,,,,,rmse,,,0.22482429076334703,0.03224737094304443,0.06635629925452206,0.003571,,0.9,1.0e-6,,,,,,,,recurring,14
,1.6470926,,,,neural_gate,,,,,rmse,,1,0.119476427358344,0.0347923764244148,0.046744947640716884,,,,,250,16,0.001,0.0,,,,recurring,14
,4.6887693,,,,boosted_meta,,,,,rmse,,1,0.15327387092648107,0.04095533047996647,0.055625277054062,,,,,,,0.05,,2,20,100,recurring,14
2.25939987478512e7,0.0110487,0,1.0e-6,cholesky,adaptive_ridge,110,quadratic_stacked_beta,0.0100425,6.66553246380604e-16,rmse,0.0010062,1,0.044648414632119306,0.009652273536782049,0.014480577909325242,,,,,,,,,,,,recurring,15
,,,0.0,,rolling_ridge,,,,,rmse,,,0.04881460674818313,0.010252320865083963,0.015834136188578103,0.0029154,336,,,,,,,,,,recurring,15
,,,,,rls,,,,,rmse,,,0.04816989171342603,0.009663409284670414,0.015436626651607907,0.0140986,,0.995,1.0e-6,,,,,,,,recurring,15
,1.6413074,,,,neural_gate,,,,,rmse,,1,0.046136160346164655,0.008452894193444575,0.015111321798029114,,,,,250,16,0.003,0.0,,,,recurring,15
,4.6339191,,,,boosted_meta,,,,,rmse,,1,0.0883233442826188,0.02221156183614503,0.030943977401214903,,,,,,,0.05,,2,20,100,recurring,15
2.9890983767658575e6,0.0455328,0,0.0001,cholesky,adaptive_ridge,310,quadratic_stacked_beta,0.0288365,1.5024547426990349e-15,rmse,0.0166963,3,0.0617927257248561,0.019826788515344133,0.02567001781738992,,,,,,,,,,,,recurring,16
,,,0.001,,rolling_ridge,,,,,rmse,,,0.15385239821005,0.027855513447894574,0.04621583024569986,0.0028048,24,,,,,,,,,,recurring,16
,,,,,rls,,,,,rmse,,,0.15344152318636575,0.025436455299450957,0.046016768969556573,0.0024737,,0.9,1.0e-6,,,,,,,,recurring,16
,1.0330858,,,,neural_gate,,,,,rmse,,1,0.05304431489265009,0.017241030257896126,0.02203711940093403,,,,,250,8,0.001,0.0,,,,recurring,16
,17.2310208,,,,boosted_meta,,,,,rmse,,5,0.2093347043131839,0.05891468965132343,0.0786491796926776,,,,,,,0.05,,2,50,100,recurring,16
9.121696767497873e8,0.004792800000000001,0,0.0001,cholesky,adaptive_ridge,110,quadratic_stacked_beta,0.0039294,7.242169266532107e-16,rmse,0.0008634,1,0.07705484475211682,0.018585134610773133,0.028836045701877727,,,,,,,,,,,,recurring,17
,,,0.0001,,rolling_ridge,,,,,rmse,,,0.09870244552479189,0.024960667900399996,0.03540244634277666,0.0957284,336,,,,,,,,,,recurring,17
,,,,,rls,,,,,rmse,,,0.09379757902291892,0.021760353482860612,0.0323525900793492,0.3463392,,0.98,0.0001,,,,,,,,recurring,17
,2.7683223,,,,neural_gate,,,,,rmse,,5,0.07693547286527223,0.020079657413744702,0.028636403253229165,,,,,250,16,0.003,0.0001,,,,recurring,17
,3.7220913,,,,boosted_meta,,,,,rmse,,1,0.09306662643652004,0.025051621126214892,0.03371244744552119,,,,,,,0.05,,2,20,100,recurring,17
475699.08424755797,0.0097575,0,0.0001,cholesky,adaptive_ridge,110,quadratic_stacked_beta,0.0089203,5.916500692592983e-16,rmse,0.0008372,1,0.06679409555867105,0.015434900847626476,0.02359177588085324,,,,,,,,,,,,recurring,18
,,,0.0,,rolling_ridge,,,,,rmse,,,0.10745157798501985,0.027444869756793035,0.03823925791679866,0.008378,336,,,,,,,,,,recurring,18
,,,,,rls,,,,,rmse,,,0.10266301944592177,0.024864718058539476,0.036071355005210484,0.0077077,,0.995,1.0e-6,,,,,,,,recurring,18
,3.7146506,,,,neural_gate,,,,,rmse,,1,0.06603702614472139,0.014036299708224603,0.022935200392334633,,,,,250,8,0.003,0.0,,,,recurring,18
,4.1688642,,,,boosted_meta,,,,,rmse,,1,0.13779196643074093,0.03790600274603197,0.05087127771185727,,,,,,,0.05,,2,20,100,recurring,18
197756.33005299576,0.1016998,0,0.001,cholesky,adaptive_ridge,510,quadratic_stacked_beta,0.0447169,1.8686485976816573e-15,rmse,0.0569829,5,0.11325585943221839,0.032120017118992074,0.04244736369563127,,,,,,,,,,,,recurring,19
,,,0.001,,rolling_ridge,,,,,rmse,,,0.18249709714114185,0.033324108882295304,0.05634377128076067,0.0078758,24,,,,,,,,,,recurring,19
,,,,,rls,,,,,rmse,,,0.19392801454053324,0.03350309068252564,0.06000908435588996,0.0023704,,0.9,0.0001,,,,,,,,recurring,19
,3.0444866,,,,neural_gate,,,,,rmse,,5,0.08547241479022126,0.024055166219115045,0.03248261775292109,,,,,250,16,0.001,0.0001,,,,recurring,19
,14.2927835,,,,boosted_meta,,,,,rmse,,5,0.2533128925909385,0.06802704117441954,0.0924429624349971,,,,,,,0.05,,2,50,100,recurring,19
381710.8150302916,0.0228114,0,0.001,cholesky,adaptive_ridge,210,quadratic_stacked_beta,0.0165634,9.669912563828703e-16,rmse,0.006248,2,0.10623636939740505,0.028233918624713514,0.03918909721662301,,,,,,,,,,,,recurring,20
,,,0.01,,rolling_ridge,,,,,rmse,,,0.18232800797384183,0.036234130226472205,0.05779421108265551,0.003073,24,,,,,,,,,,recurring,20
,,,,,rls,,,,,rmse,,,0.22797369295976744,0.03178752055296661,0.06560791557190129,0.0090983,,0.9,0.0001,,,,,,,,recurring,20
,2.8076779,,,,neural_gate,,,,,rmse,,3,0.08661165445200716,0.020613273513312533,0.030892788554144818,,,,,250,8,0.001,0.0,,,,recurring,20
,14.4381617,,,,boosted_meta,,,,,rmse,,5,0.19841480822157898,0.061127161719556955,0.07914399962738677,,,,,,,0.05,,2,20,100,recurring,20
459720.7720243086,0.051277300000000005,0,0.001,cholesky,adaptive_ridge,310,quadratic_stacked_beta,0.0371722,1.3625874704538806e-15,rmse,0.0141051,3,0.075857729823252,0.023760857095711043,0.030451491566903157,,,,,,,,,,,,recurring,21
,,,0.001,,rolling_ridge,,,,,rmse,,,0.15783718072941588,0.028786774357319217,0.046867696128591624,0.0030441,24,,,,,,,,,,recurring,21
,,,,,rls,,,,,rmse,,,0.1713287570197485,0.02916225331346232,0.04982479187558605,0.009075,,0.9,1.0e-6,,,,,,,,recurring,21
,2.0830016,,,,neural_gate,,,,,rmse,,3,0.060222080721452666,0.01935115787012907,0.02530271466333369,,,,,250,8,0.001,0.0,,,,recurring,21
,4.8058451,,,,boosted_meta,,,,,rmse,,1,0.1986531255214352,0.05169846294962057,0.07100890897693869,,,,,,,0.05,,2,50,100,recurring,21
5.65914950537512e6,0.0141099,0,0.0,cholesky,adaptive_ridge,110,quadratic_stacked_beta,0.0131673,9.161437274622781e-16,rmse,0.0009426,1,0.0267590580636501,0.008042323475419645,0.010470523798998134,,,,,,,,,,,,recurring,22
,,,0.0001,,rolling_ridge,,,,,rmse,,,0.06526244958836144,0.011863180517953546,0.020108942832394585,0.0034348,24,,,,,,,,,,recurring,22
,,,,,rls,,,,,rmse,,,0.06362084288244896,0.010981982919387477,0.019586331736382787,0.0471632,,0.9,0.0001,,,,,,,,recurring,22
,3.0598468,,,,neural_gate,,,,,rmse,,1,0.024099816514327143,0.007494360837900767,0.009825257533546983,,,,,250,16,0.001,0.0,,,,recurring,22
,5.0515503,,,,boosted_meta,,,,,rmse,,1,0.133140231205779,0.03933149430570291,0.05236948185461387,,,,,,,0.05,,2,20,100,recurring,22
515989.3998648979,0.0069651999999999995,0,0.0001,cholesky,adaptive_ridge,110,quadratic_stacked_beta,0.0056308,6.888665336876676e-16,rmse,0.0013344,1,0.06475499726075308,0.01837911711423071,0.02532906183101771,,,,,,,,,,,,recurring,23
,,,0.001,,rolling_ridge,,,,,rmse,,,0.11163348445828003,0.023057307895980473,0.036690078888301086,0.0111921,24,,,,,,,,,,recurring,23
,,,,,rls,,,,,rmse,,,0.12302307140325482,0.02381106300739742,0.039965876223488454,0.002729,,0.9,0.0001,,,,,,,,recurring,23
,1.7053746,,,,neural_gate,,,,,rmse,,1,0.05869098646338404,0.016609359436572116,0.02289920091979168,,,,,250,8,0.003,0.0,,,,recurring,23
,4.5444851,,,,boosted_meta,,,,,rmse,,1,0.1738883999820822,0.04471502539094861,0.06193889619982545,,,,,,,0.05,,2,50,100,recurring,23
4.908257570795263e6,0.0099326,0,0.0,cholesky,adaptive_ridge,110,quadratic_stacked_beta,0.008505,6.379632791138003e-16,rmse,0.0014276,1,0.04710343696078418,0.011401457788425332,0.017939820782502516,,,,,,,,,,,,recurring,24
,,,0.0001,,rolling_ridge,,,,,rmse,,,0.09487045213347362,0.013917694385480978,0.028472225766768253,0.0087994,24,,,,,,,,,,recurring,24
,,,,,rls,,,,,rmse,,,0.09834956249991234,0.014435799617420442,0.03046005616476514,0.0080676,,0.9,0.0001,,,,,,,,recurring,24
,2.2119289,,,,neural_gate,,,,,rmse,,1,0.05507961598899132,0.01231002376412871,0.020467593755214245,,,,,250,16,0.003,0.0,,,,recurring,24
,5.0173741,,,,boosted_meta,,,,,rmse,,1,0.10957684563602779,0.031139765566021264,0.04159538744299844,,,,,,,0.05,,2,20,100,recurring,24
2.345243196078944e8,0.0076543,0,0.0001,cholesky,adaptive_ridge,110,quadratic_stacked_beta,0.0063463,6.557621866158588e-16,rmse,0.001308,1,0.0727223028615794,0.018801020593362153,0.02780330072681847,,,,,,,,,,,,recurring,25
,,,0.001,,rolling_ridge,,,,,rmse,,,0.10672447687848063,0.02248908337653629,0.03515523918311289,0.0029201,24,,,,,,,,,,recurring,25
,,,,,rls,,,,,rmse,,,0.14678135048880978,0.034316756110008464,0.05036448829345583,0.0086624,,0.98,0.01,,,,,,,,recurring,25
,2.4877402,,,,neural_gate,,,,,rmse,,3,0.0755428686614518,0.020653665131777584,0.02859322354717407,,,,,250,8,0.001,0.0,,,,recurring,25
,4.8909597,,,,boosted_meta,,,,,rmse,,1,0.14458397502367265,0.03808674573753212,0.05180201172210115,,,,,,,0.05,,2,50,100,recurring,25
385307.71816987405,0.049978,0,0.0001,cholesky,adaptive_ridge,310,quadratic_stacked_beta,0.0397005,1.0831233316198021e-15,rmse,0.0102775,3,0.10122336962481732,0.024954022585629922,0.03682758507768165,,,,,,,,,,,,recurring,26
,,,0.01,,rolling_ridge,,,,,rmse,,,0.17913746070616107,0.03338754752431877,0.05509748591637938,0.0122139,24,,,,,,,,,,recurring,26
,,,,,rls,,,,,rmse,,,0.21230536224873403,0.02983876133757478,0.061078558312242924,0.0069964,,0.9,1.0e-6,,,,,,,,recurring,26
,1.7870456,,,,neural_gate,,,,,rmse,,5,0.0800301359157827,0.01943475880782479,0.030054925634120575,,,,,250,8,0.003,0.0001,,,,recurring,26
,13.9065414,,,,boosted_meta,,,,,rmse,,5,0.2053711635068126,0.06359068207110045,0.08272420843658694,,,,,,,0.05,,2,20,100,recurring,26
6.5970389691843465e6,0.0279282,0,0.0,cholesky,adaptive_ridge,210,quadratic_stacked_beta,0.0150923,1.183401858652072e-15,rmse,0.0128359,2,0.04905431391684443,0.014509557759158517,0.01939095021685898,,,,,,,,,,,,recurring,27
,,,0.001,,rolling_ridge,,,,,rmse,,,0.12242875333020338,0.021046713166048683,0.03813056122212236,0.0070393,24,,,,,,,,,,recurring,27
,,,,,rls,,,,,rmse,,,0.13442825677396303,0.020273376392361698,0.03942593512797776,0.0024247,,0.9,0.1,,,,,,,,recurring,27
,1.3799244,,,,neural_gate,,,,,rmse,,1,0.043419370443246015,0.013116042191328853,0.01724545482359501,,,,,250,8,0.003,0.0,,,,recurring,27
,4.5682931,,,,boosted_meta,,,,,rmse,,1,0.1820770840943537,0.052265234789054246,0.07022956682301335,,,,,,,0.05,,2,50,100,recurring,27
455605.3614134538,0.0573095,0,0.0,cholesky,adaptive_ridge,310,quadratic_stacked_beta,0.0255858,1.40526735627131e-15,rmse,0.0317237,3,0.11329518066125922,0.03165912159387408,0.043020911110448534,,,,,,,,,,,,recurring,28
,,,0.0001,,rolling_ridge,,,,,rmse,,,0.19989767403362727,0.03206763121587814,0.05688083275344873,0.0075475,24,,,,,,,,,,recurring,28
,,,,,rls,,,,,rmse,,,0.18911174441908643,0.03087659348733997,0.054386175880873494,0.0023026,,0.9,0.0001,,,,,,,,recurring,28
,2.2864743,,,,neural_gate,,,,,rmse,,3,0.08212179851157372,0.0219256246836138,0.0314815464490958,,,,,250,16,0.003,0.0001,,,,recurring,28
,15.0228886,,,,boosted_meta,,,,,rmse,,5,0.19140048971710222,0.05837558359131374,0.07588444924576428,,,,,,,0.05,,2,20,100,recurring,28
443897.4747996376,0.0051459,0,0.001,cholesky,adaptive_ridge,110,quadratic_stacked_beta,0.0041363,7.108557302002995e-16,rmse,0.0010096,1,0.06585354330549874,0.0185061175314257,0.02486913108985036,,,,,,,,,,,,recurring,29
,,,0.001,,rolling_ridge,,,,,rmse,,,0.12766204935555148,0.02407036136253388,0.04041876713004336,0.0028898,24,,,,,,,,,,recurring,29
,,,,,rls,,,,,rmse,,,0.14068098399376994,0.024854168068462034,0.043525001897155934,0.0099836,,0.9,0.1,,,,,,,,recurring,29
,1.4843384,,,,neural_gate,,,,,rmse,,3,0.05898783967261276,0.016958244583052146,0.02309436942234687,,,,,250,8,0.001,0.0,,,,recurring,29
,4.8458498,,,,boosted_meta,,,,,rmse,,1,0.1761363344453127,0.048612916540527705,0.06617267796150234,,,,,,,0.05,,2,20,100,recurring,29
106603.50006031423,0.0098959,0,0.0,cholesky,adaptive_ridge,110,quadratic_stacked_beta,0.008959,8.149633223662081e-16,rmse,0.0009369,1,0.08620461827041381,0.024186433055630317,0.032399669052006724,,,,,,,,,,,,recurring,30
,,,0.001,,rolling_ridge,,,,,rmse,,,0.14605281487488,0.03142443862914383,0.048687105367946806,0.0048564,24,,,,,,,,,,recurring,30
,,,,,rls,,,,,rmse,,,0.15662296041785662,0.03152194033516517,0.050170613467526735,0.0025307,,0.9,1.0e-6,,,,,,,,recurring,30
,1.1704529,,,,neural_gate,,,,,rmse,,1,0.0787097938473595,0.021382170549137578,0.029539426178708698,,,,,250,8,0.003,0.0,,,,recurring,30
,5.0728178,,,,boosted_meta,,,,,rmse,,1,0.18248863678086774,0.05529863875569006,0.0720915081873106,,,,,,,0.05,,2,20,100,recurring,30
