,Ridge_Alpha_Beta_Full_ensemble
0,1.975044766401262
1,2.3376536278579674
2,2.7851165943196747
3,3.1293065285283523
4,3.4446532250882207
5,3.5083692778163744
6,3.2363987185699044
7,2.735811530363331
8,2.343172281784572
9,2.072540827968245
10,1.8275038830998096
11,2.1290570656907706
12,2.412531765874404
13,2.351610627081987
14,3.0034348783522358
15,3.0746363990863266
16,3.4476986754801646
17,3.4785030519643474
18,3.6704304512705
19,3.7223455397792224
20,3.8748418882627726
21,4.043559057836314
22,3.858121884259948
23,3.9151582091014765
24,4.5204154108830235
25,5.333333907358505
26,5.512825783418927
27,5.68610753479423
28,5.707160323316947
29,5.9393781742727105
30,5.392481942374123
31,5.005708142321369
32,4.633691960221134
33,4.7112212735449255
34,4.3778126073399655
35,4.518460013258229
36,4.04459501630263
37,4.935714640519089
38,5.097551115880229
39,5.036794278714858
40,5.46714579565939
41,5.367072044690294
42,5.499497223158515
43,5.42308609135607
44,4.551479527044456
45,5.050494844381432
46,5.442761981177712
47,5.67549341098668
48,6.1667993342081955
49,6.7957970419174725
50,7.351040361531149
51,7.482667790549365
52,7.908506436020724
53,8.118019996215299
54,7.452021347793723
55,7.122333338476985
56,6.716356526075162
57,6.0561805876091945
58,5.3950370111940495
59,5.5091376343574465
60,5.329874876181931
61,5.41558869122342
62,4.930704103427583
63,4.888285837440901
64,5.283838175203121
65,5.09170332833295
66,4.823500934797505
67,4.908653569843483
68,5.034487373814663
69,4.933737440927036
70,5.19902747416988
71,5.271921883305953
72,5.623102839877255
73,6.255434656267757
74,6.992928869465514
75,8.148986492586383
76,8.414001071644151
77,7.644115256104087
78,7.371659137019418
79,6.733233805832456
80,6.454045611531332
81,6.120151092869178
82,5.760544460575583
83,5.769947498757096
84,5.500071421343707
85,5.895759144411412
86,6.562845863105806
87,6.368042607019838
88,5.769942848960302
89,6.433270754616846
90,6.4539580668765035
91,6.789280149124935
92,6.104806043558821
93,6.138033355386474
94,5.978353603310405
95,6.130683576186861
96,6.657785007413683
97,6.7703546305132525
98,5.984767726218516
99,6.281938170582394
100,5.4413229954373765
101,5.16152815365348
102,4.698460020300288
103,3.866063325807139
104,3.325746894859599
105,2.752735800654292
106,2.041552449575417
107,1.7286013503988356
108,1.9509063073993298
109,2.300394254895085
110,2.682224503029241
111,2.908667983142427
112,3.067597832756381
113,2.803937755107674
114,3.026731341018709
115,2.944594114036261
116,3.1963261102349487
117,3.046648218483757
118,3.065762863374295
119,2.9512888314516292
120,2.9961793620195594
121,2.9240364290053646
122,2.7132965274805
123,2.8322905954806634
124,3.1357253171748076
125,3.311757240230703
126,3.1656963174504873
127,2.7676925405720905
128,2.610838698626963
129,2.627894597631236
130,2.7436224071378397
131,2.9428841497923
132,3.2563349670787414
133,3.3873912383993208
134,3.647405562221686
135,3.4047163003331042
136,3.6227894137813617
137,3.6512868858816896
138,3.489457336147488
139,3.5425043032851455
140,3.582946134491451
141,3.751567958839438
142,3.706762815658515
143,3.3190064765417793
144,3.0653299218035692
145,3.0128532676401742
146,2.8717588492634674
147,3.307439672097101
148,3.475183304922294
149,3.3764844134103207
150,3.238234321816709
151,3.124945374965237
152,2.8202935607045534
153,2.9683701690704467
154,3.3239246521524812
155,3.6279184892011513
156,4.027956319108703
157,4.380467608925699
158,4.634338485926914
159,4.7454756231408695
160,4.567926512641187
161,4.3184740861792985
162,4.244276423046015
163,4.274685674179142
164,4.340767353787817
165,4.146041296683169
166,4.08258569337755
167,3.4004627880666125
168,2.7497830326939607
169,2.133420009930078
170,1.966220621431575
171,2.046821135498814
172,2.1595441087752025
173,2.00078818207257
174,2.005112643009081
175,1.8686696635739075
176,1.5431281798023742
177,1.6516620533861641
178,1.941424481491901
179,2.423623181119315
180,3.2661152589325178
181,3.53472869881433
182,3.8529363171711024
183,4.001929720857523
184,4.0406082795376514
185,4.097655665970734
186,3.979497697626965
187,4.312259668601814
188,3.9324615570657424
189,4.108213263806406
190,3.6620993272969504
191,2.8259540921517927
192,1.6160653668779945
193,1.7374471194249994
194,2.1029029305739604
195,2.1404302936996578
196,2.324445384221961
197,2.2388598024630197
198,1.9399398463486723
199,1.3811207095509819
200,1.1747789102407344
201,1.6710190376585474
202,2.597710008028652
203,3.2076622510429496
204,3.5429254396885583
205,4.007910345972535
206,4.113681194543163
207,4.115812750838251
208,4.009810387983144
209,3.9727905117049915
210,4.26407146406004
211,4.305056158855869
212,4.185341811691407
213,3.9336840850139185
214,3.712980608146555
215,2.986871926055046
216,2.080212907677011
217,1.4564230200709256
218,1.4659146652264168
219,1.6985748035535786
220,2.2859554326370075
221,2.2932976389883812
222,2.1509746732426387
223,1.676405247888155
224,1.1435007664452173
225,1.7963556934503102
226,2.1952123537820833
227,2.994865866147427
228,3.2167035860747166
229,3.464153356849129
230,3.381313216955343
231,3.348747165315387
232,3.4230337124858052
233,3.831763460146982
234,4.2626834900791835
235,4.212240024963502
236,4.2677093431657385
237,4.0594867181936705
238,3.6983123667231963
239,2.914411189526948
240,2.1178755333414268
241,1.9975188548117775
242,1.7180291207867429
243,1.7450960871938581
244,2.196627947381021
245,2.4912537349686494
246,2.4408755567667018
247,1.9829918930260066
248,1.852713113884108
249,2.2447943845601372
250,3.0229926815016444
251,3.4459606449328963
252,4.019603648633851
253,3.882580109735971
254,4.072644144415139
255,4.096681677604494
256,4.05977615329401
257,4.316616900202226
258,4.259199284741773
259,3.770637415729821
260,3.973321770912892
261,3.7795179966619283
262,3.6007902566067567
263,2.948615444197765
264,2.904523401864183
265,3.089951209173469
266,2.989013158199338
267,3.3532379479620844
268,3.4069659094165186
269,3.5892164522908216
270,3.5913122252846192
271,3.3876444537703945
272,3.1396390392542433
273,3.4193232119852865
274,3.8864818649225605
275,4.2197621172103545
276,4.439921570801925
277,4.652730825755775
278,4.672590324663957
279,4.468682978851607
280,4.344482747730486
281,4.357394669018558
282,4.031790447116809
283,3.86836153056396
284,3.5450627837927797
285,3.9663851774247973
286,3.604258812812843
287,2.982218248707134
288,2.202994446344415
289,1.499874220483629
290,1.5923378523631766
291,2.197967043484889
292,2.0380530824046224
293,2.134688347987321
294,1.792889979398266
295,1.5912215191674834
296,1.2148247489272053
297,1.2998105798391912
298,1.6735202884016809
299,2.1786665316140863
300,2.7858243686836057
301,2.802485105115074
302,2.7560187361306108
303,3.092638951565738
304,3.219982366714587
305,3.479563633236001
306,3.4661959463922134
307,3.587505269539527
308,3.841684346441174
309,3.7610722291095433
310,3.4148332541026027
311,2.799456512868038
312,1.9822817312745975
313,1.5152560494732474
314,1.7616167658369488
315,2.35038978812844
316,2.200268381917986
317,2.278894762114041
318,2.180946426725647
319,1.6637470856396417
320,1.8495395367530392
321,2.5175224050009595
322,3.0563337549062006
323,3.7104690452214557
324,4.120531320416297
325,4.199260165084463
326,4.485177579498932
327,4.353911131678045
328,3.979555723179131
329,3.883335847645998
330,3.8450445391664054
331,4.077189653785183
332,4.1562397641669895
333,4.127183154239271
334,3.450430211844699
335,2.599892705952127
336,2.290362788412369
337,2.0700232516258783
338,1.6923018231914655
339,1.8446687438101894
340,2.2092928861914465
341,2.286861475453278
342,2.3553458613347313
343,2.321852423225075
344,2.4068040096080012
345,2.65673680757057
346,3.2985830097303683
347,3.979063852745315
348,3.9309052753790463
349,3.5953360771271177
350,3.7306583781389335
351,3.7022245460292127
352,3.903782228338226
353,3.8457300588284915
354,3.783282489074744
355,3.9704099032160887
356,3.6345253195488336
357,3.4055546409985697
358,2.9497582488241294
359,1.8322295260526602
360,1.2623684011852006
361,1.8320706040665653
362,2.225694868119742
363,2.186639541092211
364,2.4566957810014247
365,2.313596650666241
366,2.3729376843625873
367,1.8894788932635453
368,1.733175809317155
369,1.679336264657611
370,1.989911455685559
371,2.6633041502464
372,2.8350310982426143
373,2.943478262798236
374,3.241717944395998
375,3.5592974892294316
376,3.5492705501937705
377,3.6426092065062123
378,3.8614039937463396
379,3.9147647767521017
380,4.050844193655772
381,3.926307709719777
382,3.366805240649074
383,2.501409853246048
384,2.553049805212987
385,3.013283836239501
386,3.0241710548211413
387,3.2127598904415784
388,3.2202187824952215
389,2.735414027064341
390,2.488463614402091
391,2.2669124812773296
392,2.2153292806222495
393,2.520735186593124
394,2.5738823991049387
395,2.615147100692767
396,2.3210037612116796
397,1.8804636856167605
398,1.9764558549530227
399,1.8067463591954254
400,2.0456787115604027
401,1.9230698829229727
402,2.3157941421182
403,2.3369666241704414
404,2.3576175734849203
405,2.3210224219217284
406,2.208116050747875
407,1.8766778426209418
408,1.549882785090721
409,1.5945077584794627
410,2.385064643246736
411,3.027154464056019
412,3.3984090165841545
413,3.4413819964333903
414,3.15101753547623
415,2.5470718263238603
416,2.200539661746463
417,2.1082823444843344
418,2.2977993458653034
419,2.3399470503588433
420,2.8162847515580602
421,2.904152338230222
422,2.9804806705361173
423,3.50498275300396
424,3.4053422562466698
425,3.353051437318163
426,3.4143657747978273
427,3.675787799496633
428,3.244371986935913
429,3.517953499384042
430,4.116229769171471
431,3.858302940449011
432,3.3820656561601523
433,3.2224894758725373
434,3.2022069611817554
435,3.687385260845041
436,4.326595040299118
437,4.795545314171916
438,4.635943657796203
439,3.9270329439678973
440,3.3307287315040113
441,3.008940141709542
442,2.8902771944375023
443,2.8582545675108384
444,3.0951710033720077
445,3.1689045344728446
446,3.2033897950972814
447,3.3284809395470547
448,3.4556141958111457
449,3.6316414797577776
450,3.8348718727748534
451,4.073915075416688
452,4.1285740380092495
453,3.9671595860121855
454,4.098790528434426
455,4.0827088030561125
456,4.151847117725163
457,4.972595540191159
458,4.932459087807635
459,4.712906588186883
460,4.654050757714087
461,4.641035367021042
462,4.683268238422686
463,4.940767781961358
464,4.949737358628805
465,4.387779170309427
466,4.02169150243221
467,4.331188625553788
468,4.151273622384158
469,4.3248469306594854
470,4.90265501787613
471,4.8101834914400445
472,4.835481500513477
473,4.848090951522344
474,4.8247465536224
475,4.684074499580023
476,4.720136944482969
477,4.51640650495024
478,4.313149985255025
479,4.476290022763853
480,4.506748620084071
481,5.143136017518997
482,5.0332726801566565
483,4.575692567274622
484,4.189352714975501
485,3.91122455751747
486,3.9158609537033406
487,3.7513691220279446
488,3.5117665404072067
489,3.4199101276299757
490,3.6007336992334054
491,4.02564073515167
492,4.538024208205413
493,4.142581896049744
494,3.8718400806805673
495,4.137111786441055
496,4.4909448875481495
497,4.347054316709311
498,4.109994369958762
499,4.073395356149276
500,3.8102168961541794
501,3.55402978315618
502,3.025889261307664
503,2.1647521666266423
504,1.170454765252552
505,2.138756630462115
506,2.299008024300343
507,2.7351838943120796
508,2.9183065716517333
509,2.7519189400589563
510,2.4235942652024995
511,2.45427320578822
512,2.6086518890072017
513,2.099299470372914
514,2.691975355235447
515,2.8441978794196623
516,3.178836355891337
517,3.3538259401869617
518,3.448377617257158
519,3.3606231374288096
520,3.465577201979971
521,2.8232914122043926
522,3.045915388271333
523,3.2907362925537593
524,3.444595874119298
525,3.2543010458557977
526,2.8127564568026737
527,2.186706285013598
528,2.042645905051359
529,2.299555006146394
530,2.5547138261461324
531,3.4782901617029593
532,3.6548376547156205
533,3.44561841357737
534,2.975086415258941
535,2.6674074497539544
536,2.359682514377629
537,2.2719552776525704
538,2.896313655744551
539,2.951328389528664
540,2.872557268919292
541,3.3089578614416637
542,3.480398966063336
543,3.611460202712009
544,3.8067506070635693
545,3.985823209166519
546,4.2456746035398645
547,4.412715623539041
548,4.301963735670171
549,4.011719197675843
550,3.943263988940446
551,3.7581843432762967
552,3.868640586809102
553,3.8603786955485235
554,3.393185262958878
555,3.2049527572568435
556,3.345279962792111
557,3.78887441971191
558,3.8762669780897148
559,3.4465373046967316
560,3.16337146318213
561,3.102490365539845
562,3.375559635164706
563,3.754790173341155
564,3.7673411577654288
565,3.869107595188122
566,3.9886671344024225
567,4.289682733260537
568,3.9299161856436307
569,3.8896732375098613
570,3.885769944223309
571,4.353762944945427
572,4.546538470634732
573,4.504971929056069
574,4.331906620627524
575,3.6437050200987646
576,2.7379154304638122
577,1.9397612563410938
578,2.240440394790396
579,3.1491393656518696
580,3.1243314064172094
581,3.6146425079369404
582,3.80378736955563
583,3.2968899271027783
584,2.9555885990703996
585,2.575490967502529
586,2.7198247489545646
587,2.819667506712627
588,3.190012672804332
589,3.4414224105652513
590,3.950458070184704
591,3.8276762304815
592,3.568467136550342
593,3.772042884150126
594,3.8669933622329062
595,4.065846477615517
596,3.9504242578225526
597,3.873551449131282
598,3.8851465013787987
599,3.7331697217477466
600,3.7528037941696644
601,3.812141838801034
602,3.647245083170885
603,3.8017197014967095
604,4.1851413584829205
605,4.43778801788253
606,4.182801797663772
607,3.4082996867707758
608,3.242599733396942
609,3.3758968197183608
610,3.63029657516061
611,3.838540195728987
612,4.127752831127329
613,4.408282560838539
614,4.7066591479764
615,4.858549072824286
616,4.358705080368286
617,3.7384048472101115
618,3.934659272091928
619,4.0551898505342745
620,4.2658943522383455
621,4.423466462735258
622,4.405628693754755
623,4.289185131163468
624,3.604780024049356
625,3.2536811241205013
626,3.0705615200731398
627,3.0968345872789045
628,3.1292554114302145
629,3.0914369574307807
630,2.9486209555852874
631,3.011450663575918
632,3.1721142234307793
633,3.3035887021264365
634,3.8173870392887133
635,4.255967418939756
636,4.863322633015506
637,4.715068003993966
638,4.1784970462757665
639,4.553413293381997
640,4.505480282273404
641,4.58172616144373
642,4.496135335794627
643,4.914673952428431
644,4.898899123845081
645,4.588273615920478
646,4.724738741337956
647,5.0895093614108164
648,5.350250063491824
649,4.802002409063667
650,4.285670727651783
651,4.4817249206130505
652,4.608975086689519
653,4.929843463382297
654,5.198426252339787
655,4.619548275730911
656,4.623835887896912
657,4.447628641796698
658,4.631933296093606
659,4.8209731521874515
660,4.936473056542869
661,4.799250024131557
662,4.731751700054265
663,4.687873186987453
664,4.233824550610868
665,3.8333843199610613
666,4.084196084757137
667,4.632667202083076
668,4.923793163665765
669,5.253774440730567
670,5.491800300938104
671,5.537379463465113
672,5.807771905012547
673,5.822960225226995
674,5.415305658142259
675,5.071263111085384
676,5.12482048062519
677,5.523596664275662
678,5.806713881754541
679,5.633522719589158
680,5.294673021557639
681,4.859209341780954
682,4.604040837008627
683,4.569028884793883
684,4.379539811177191
685,3.945020163633922
686,3.8761764790270408
687,3.7667492638006634
688,3.8721128376485687
689,3.9103608527403195
690,3.983256987894257
691,3.995168815680829
692,4.056506166959208
693,3.968022217286915
694,3.7946740359702487
695,4.443704673126359
696,4.945510402232033
697,5.174576841327584
698,5.151440798367997
699,5.552157101263793
700,5.949525497040294
701,5.572746833427101
702,5.134825446812303
703,4.526497711117694
704,4.124349580330919
705,3.51903635572587
706,3.3612332614755487
707,3.249857492139298
708,2.993348454582639
709,2.519659173266282
710,2.644747230699395
711,2.5344634579441565
712,2.7361246671504778
713,3.06916871354552
714,3.1065416617637562
715,3.130534267927496
716,3.100299319461416
717,2.7652733402671443
718,2.1988310158961752
719,1.9572307805045557
720,1.7994026631727393
721,2.1433895579515267
722,2.8081610673155573
723,3.687783093541439
724,3.4640585017777314
725,3.773966296247168
726,3.4850553595112816
727,2.6692460543927523
728,2.0420167087984784
729,1.6504714985692772
730,1.5032011740096975
731,1.7334021631451662
732,2.53738715278733
733,2.6690555442680046
734,3.0664092275550474
735,3.1526278934764056
736,3.193274811093608
737,3.4503653640418106
738,3.592920994080015
739,3.6671029388631378
740,3.8603251219214734
741,3.6848719898794
742,3.9393487359399386
743,3.4532181637126387
744,3.210264717286055
745,2.96073347861671
746,2.8407618586429915
747,3.134104835778341
748,3.263296682379152
749,4.151160074952797
750,3.8720498020420275
751,4.11659823172291
752,3.721461645448929
753,3.444593535165777
754,3.507672155226265
755,3.6984510458983677
756,4.186019015267121
757,4.429876737319947
758,4.536939021999762
759,4.687650730791742
760,4.592547270169732
761,4.542357112754849
762,3.895961844121144
763,3.6504088227637252
764,3.3752927094198313
765,3.9235117088571534
766,3.8013188833658895
767,3.1001581424806743
768,2.613932290619491
769,2.3606317627334534
770,2.5494098190528605
771,3.202973692238863
772,3.4744565363528275
773,3.88026163687177
774,3.683019346636155
775,3.4750405272970135
776,3.277657472924589
777,3.134541578523665
778,3.514057240042855
779,3.858487119261972
780,4.427598346575879
781,4.443423460323077
782,4.203579529278975
783,3.804654508939008
784,3.1442295540564142
785,3.0443961907802035
786,3.374742416727406
787,3.7003150419897755
788,4.135345078946148
789,4.121381846793351
790,3.7618112618659434
791,2.785495279157664
792,2.037464419634723
793,1.7866961623876012
794,2.272495679201035
795,2.8484639986775426
796,3.0324853100387648
797,2.9334597788880297
798,3.121375196966459
799,2.722048015244889
800,2.44960320655941
801,2.8459551598555115
802,2.8090122523332237
803,2.8539406386704758
804,3.13487996363428
805,3.664142547864454
806,4.098374886864195
807,4.205714954589004
808,3.8342779838867727
809,2.742731197660592
810,2.59755030725934
811,3.1263087993129046
812,2.8425890700907113
813,3.087339411690746
814,3.278855549279062
815,3.4248157856513193
816,2.7980927085471916
817,2.5906623462738056
818,2.2754023570915143
819,2.588890599008818
820,3.0046975682932144
821,3.290443215370083
822,3.175188178128777
823,2.889103616484872
824,2.52880688537334
825,2.6792878378084595
826,2.833107423407717
827,3.1116982538232345
828,3.463164135123632
829,3.596675953913817
830,3.335476303157703
831,3.432063154280139
832,3.2484996117279548
833,3.9351682121195317
834,4.533663103907274
835,4.913057361544453
836,5.0057861360807046
837,4.330999384222301
838,4.377018693634233
839,4.138895478613581
840,4.016363919417615
841,3.972871580941676
842,4.147199720110587
843,4.416618126828336
844,4.222540114424642
845,4.163372510099464
846,4.0259096794558324
847,4.221586717659494
848,4.260334406633997
849,4.240068351374793
850,4.437446916843539
851,4.278436220598585
852,4.897690661480238
853,4.7116117805346
854,4.409138729822226
855,4.233300953174743
856,4.052396332863964
857,3.739343935704887
858,3.685323946234429
859,3.6372461998024788
860,4.0117588059322635
861,4.019806396636597
862,4.257440973374623
863,4.610679401513936
864,5.523309856831614
865,5.442692968057885
866,5.064213128668791
867,5.203830839814546
868,5.754299012243567
869,5.893914447942847
870,5.780482320807896
871,5.218462469881848
872,5.137207695624361
873,4.87754846556554
874,4.939470851949757
875,4.813221454093888
876,4.933694748233345
877,4.622038337798666
878,4.65479762277066
879,4.982420380173559
880,5.257619836375997
881,5.382420365099417
882,5.390645802379975
883,5.202932850551936
884,4.043526320140088
885,3.8448899787600417
886,4.773178941945751
887,6.067092751106485
888,6.577800292115169
889,6.303745823067879
890,5.818494308578359
891,5.072683201890481
892,4.5585628017835305
893,4.7206971618652895
894,4.494342403604766
895,4.659832634454305
896,4.717274494949935
897,4.7604049807322975
898,5.080749736632459
899,5.330808134392343
900,5.5814791015861696
901,6.058631432060239
902,5.861874531155343
903,5.732577800954615
904,5.031865784379133
905,4.644163936773089
906,4.336587013583312
907,4.357308536417402
908,4.433552651496717
909,3.777629654546497
910,3.178955836553014
911,1.7488771066516784
912,1.8471197238309762
913,2.9052002440101834
914,2.9639333118917417
915,2.776268549567661
916,3.025105678230913
917,3.059312136405253
918,2.9205862533669085
919,2.4840151884192183
920,1.7830049638561416
921,1.6456778171306388
922,1.8329281762718048
923,1.9174763173843894
924,1.9925620814626508
925,2.129719312769982
926,2.2056095523402535
927,2.3599818029603075
928,1.9809117116677055
929,1.8165979204658649
930,1.6423288375759053
931,1.745727167019796
932,1.746144900961745
933,1.6877322644142903
934,1.9654833020082165
935,2.073825035819183
936,2.1879582299606386
937,2.6793854405530335
938,3.4769544389910987
939,3.9890462691302733
940,4.6166564369965855
941,4.554438609755742
942,4.504602102679852
943,4.688885001171752
944,3.6563028097332393
945,2.9365177210302753
946,2.608771218076916
947,2.683864055359402
948,2.5675606233647796
949,2.4415057440723777
950,2.5425826401246323
951,2.7542853752591667
952,3.1318060487345565
953,3.306923120668524
954,3.685055577289814
955,3.708986180591299
956,3.6931604970190466
957,3.6055429901202083
958,3.416120366714618
959,3.149445628978678
960,2.657571421283834
961,2.927613946920789
962,4.171291984554034
963,5.313879228507991
964,5.497280082976115
965,5.823296814746835
966,5.45432456551668
967,4.901083987732515
968,3.9343953430550225
969,3.3892061729501735
970,2.5645020468116777
971,2.4509283066811496
972,2.6700780684720025
973,2.139660706036288
974,2.364560872718255
975,2.4769631919645825
976,2.6982230770049185
977,2.2847107433807103
978,2.408277549129408
979,2.6815955691319577
980,2.541067710848741
981,2.4300469555028035
982,2.66807934154194
983,2.528046245814711
984,2.3805486945063055
985,3.6381284355372094
986,4.2988963421496225
987,4.738452698301129
988,4.983367162795498
989,5.636404075597878
990,5.486226635608519
991,5.006773774419173
992,4.002728373823223
993,3.1742204310431053
994,2.9927686345343685
995,2.8522844497529554
996,2.752902056553864
997,2.982273328772862
998,3.349390961114811
999,3.5598641255466275
1000,3.775990570513736
1001,3.7967927775201082
1002,3.962552443608382
1003,4.464261350571861
1004,4.767754806432883
1005,4.237547107021162
1006,4.159709993724092
1007,4.836035650347443
1008,5.258326111999001
1009,5.111759682376563
1010,5.2908176547977375
1011,5.4974167553517965
1012,5.826750085365962
1013,6.1470819231021245
1014,5.861072768896117
1015,5.326879530569176
1016,4.951833903005474
1017,4.917891732961937
1018,4.8710206711502515
1019,5.290749545926106
1020,4.04183990762454
1021,4.056933539797485
1022,3.937439285225651
1023,4.215174735408028
1024,3.624813404495129
1025,3.6156036122359128
1026,3.640496419420763
1027,4.292644599051055
1028,4.2309095342871705
1029,4.16544720917023
1030,4.631434195515058
1031,4.754635091650113
1032,4.714369216096984
1033,4.647751655258589
1034,3.989329613941023
1035,3.8778335900527856
1036,4.067142609808679
1037,4.573659307746727
1038,4.525614316355128
1039,4.504874347873814
1040,4.349111849121239
1041,4.091023829944068
1042,3.7477668336663226
1043,4.3013145170631955
1044,4.300025300348255
1045,4.110683798118055
1046,4.588582065668963
1047,4.1324228961444796
1048,3.651243969584815
1049,3.2651220667852447
1050,3.103406748268249
1051,3.164728930717716
1052,3.278875735980599
1053,3.1663346302134157
1054,3.2568001777371935
1055,3.266327246315712
1056,3.69838416602614
1057,3.801281110422638
1058,4.139876336965557
1059,4.588845841281497
1060,4.9319407917741405
1061,4.821330894026087
1062,5.019337396479997
1063,4.771257392667403
1064,4.250925541476266
1065,4.20987800116281
1066,4.080945295996556
1067,4.183572506984681
1068,4.260611424718935
1069,4.499394577996317
1070,4.281302799661315
1071,4.54867655627406
1072,4.2950242023697065
1073,4.472363455803776
1074,4.494240334932076
1075,4.426476451666142
1076,4.615600157071234
1077,4.978244578503309
1078,5.639784525633608
1079,5.555166467296175
1080,6.158017953307898
1081,6.27533066669778
1082,6.6993505174117445
1083,6.516713447720996
1084,6.661483736700344
1085,7.149300178045239
1086,7.722213051339894
1087,7.684622420018857
1088,6.7901777027417625
1089,6.512042386875161
1090,6.430967939603697
1091,6.077260933366797
1092,6.310320615848248
1093,6.008498365859491
1094,6.163052529202071
1095,5.8211673739154675
1096,6.071756372617597
1097,6.168847229177755
1098,6.3990982401343475
1099,6.316216978037972
1100,5.708677448815929
1101,5.99608418091635
1102,5.917967976761509
1103,6.017382902668077
1104,6.3825022192207035
1105,6.467660417890844
1106,6.569210725569426
1107,6.559681906575359
1108,6.312006232575038
1109,6.4796657436353975
1110,6.5221196559638575
1111,6.241682257956979
1112,6.29546189917455
1113,5.867126106682048
1114,5.707576991939019
1115,5.645198511092069
1116,5.611092410803829
1117,5.867244326671796
1118,5.738462769170423
1119,5.633431877419165
1120,5.639372521570375
1121,5.7508081356946885
1122,5.703857359339498
1123,6.29211641588661
1124,6.453717987937897
1125,6.498091088539708
1126,6.487197498955823
1127,5.786650700991504
1128,4.889428965991083
1129,4.3441921478903325
1130,4.686090563579713
1131,4.749754567262442
1132,4.73121917287093
1133,4.956161910357347
1134,4.9570008923149675
1135,5.0851605868769365
1136,5.58147004101187
1137,5.649850225769063
1138,5.827748792711335
1139,5.695118628945474
1140,5.882100155461566
1141,5.489520411855891
1142,5.404460594084527
1143,4.7448104858286815
1144,4.460403447609285
1145,4.087932540382437
1146,4.2034001997214405
1147,4.526329991902446
1148,4.891904939785185
1149,4.802702383640683
1150,5.29671397883021
1151,5.644557625278161
1152,6.175539284349267
1153,6.044464153681909
1154,5.711274460749625
1155,5.532292422119276
1156,5.2504439754204535
1157,5.207130402514139
1158,5.36488018154054
1159,5.778371684684214
1160,5.498342007476576
1161,4.931546634912939
1162,5.398260433851456
1163,5.5665661849286625
1164,5.833308128534555
1165,5.508350811075023
1166,5.261399697595818
1167,5.019721582692239
1168,4.6872349595841305
1169,4.267028519477913
1170,4.019663389316107
1171,4.132164328485594
1172,4.32584890507
1173,4.464428751369991
1174,5.4557043267920085
1175,5.755197668190826
1176,5.604915844474183
1177,5.096926283873132
1178,4.532154895206763
1179,4.349835234970304
1180,4.28317122032315
1181,4.468105814206717
1182,4.059878788577897
1183,4.263767655162029
1184,4.304898932046259
1185,3.987504929773659
1186,3.9649548101255148
1187,4.075568348664701
1188,3.073647686731624
1189,2.676910580557178
1190,2.5523186870550902
1191,3.772026502916101
1192,3.6946178465526494
1193,3.5396711640303002
1194,3.524586383604997
1195,3.4249013057149096
1196,3.02683315129919
1197,2.615760152431579
1198,1.7954958249464503
1199,1.436578535992743
1200,2.14057873483838
1201,2.400411119160583
1202,2.3601519599595684
1203,2.764265368286648
1204,2.859873354199339
1205,2.7521767829507104
1206,2.2960931485493843
1207,1.8852376953842023
1208,1.459555354063291
1209,1.4964478031673465
1210,1.2221022227439151
1211,1.9195214788157757
1212,2.299319284961459
1213,3.028446849450632
1214,3.339280249384525
1215,3.0518491577283853
1216,3.1070063603948497
1217,2.5473423658773617
1218,2.7247108856354245
1219,3.2324501891920088
1220,3.801930344671294
1221,3.607115233927935
1222,3.1635826183344715
1223,2.1041177885675024
1224,2.593588088492633
1225,2.781691104747784
1226,3.354095680818839
1227,3.835455277585318
1228,4.2647212189154375
1229,4.557810349333608
1230,4.948215480242767
1231,3.734345858105671
1232,2.858499851302362
1233,2.7428998514794225
1234,2.965825094930766
1235,2.4539367974977826
1236,2.543948632932439
1237,2.4717780622118086
1238,2.818328771760749
1239,2.643435088839694
1240,2.3863676586914906
1241,2.5912779110360202
1242,2.7978945825007346
1243,3.0568908068165097
1244,3.380211353638945
1245,3.5550201083107513
1246,3.6642465329069367
1247,3.2310321005161735
1248,3.2773243541424995
1249,3.4020985323714648
1250,4.4486430493301015
1251,6.60470519080058
1252,7.3080216038322146
1253,7.1412279693992184
1254,6.627649046997317
1255,5.401713975540053
1256,4.0879478132694755
1257,3.3612570739438468
1258,2.8249629764774413
1259,2.4250929524487437
1260,2.1189673383285
1261,2.3286816063736437
1262,2.167273951391334
1263,2.3452380537581217
1264,2.589785199241234
1265,2.439384963770147
1266,2.5903191322631427
1267,2.780506740286996
1268,2.9060627895164317
1269,3.231351291296783
1270,3.084475380755822
1271,3.094320207900611
1272,3.5418758576512603
1273,3.553055578017068
1274,4.576829314633151
1275,6.44496948453677
1276,7.329509033456949
1277,7.100245290870322
1278,5.970103633487541
1279,5.242150914872027
1280,4.002681515245842
1281,2.964131441969211
1282,2.3849806069197945
1283,2.0503376552586703
1284,1.845372246000357
1285,1.6558649250185642
1286,1.5949025779206585
1287,1.6009986625096029
1288,1.7144422597240891
1289,1.84695166554495
1290,1.8357350773740189
1291,2.091047055948541
1292,2.020453015952285
1293,1.7513254059777303
1294,1.412244925699286
1295,1.510840127745101
1296,2.253569413979169
1297,2.4551500149797376
1298,3.1450894675799375
1299,3.91800393826814
1300,4.962824492703745
1301,4.952288738462601
1302,4.537838506314675
1303,3.893604796364736
1304,3.0882412720471897
1305,2.7141166062468938
1306,2.71208406009859
1307,2.179533661962927
1308,2.1257893718437857
1309,1.9911330842517336
1310,2.017406105437606
1311,2.117648166160408
1312,2.318397432412163
1313,2.8179478577528627
1314,2.8603682999205553
1315,2.7307582325632076
1316,2.9184070364533996
1317,3.7853996426687835
1318,3.853600568304218
1319,5.232480528624508
1320,4.97517294066191
1321,5.777863016042825
1322,6.215792816332329
1323,7.06874842295113
1324,6.6327386772727115
1325,6.3796102055487856
1326,6.16572893130777
1327,5.7752265574043085
1328,5.739244160615349
1329,5.109312088721891
1330,4.699078332881194
1331,4.093351945139093
1332,3.7028970398537044
1333,3.5124499438315415
1334,3.189337436844154
1335,3.0756193010979698
1336,2.870865452770466
1337,3.109574503094008
1338,2.8879065203152376
1339,2.6227768804364726
1340,2.551675419349401
1341,2.5837047807536004
1342,2.85108695503723
1343,3.0234992362446578
1344,3.009749556046089
1345,3.5262889225231064
1346,4.325445881542293
1347,6.1315835984482066
1348,6.532468843056463
1349,6.816775517025433
1350,6.483937424117698
1351,5.942908289219963
1352,5.612147536558621
1353,4.766699942660466
1354,3.4115897762816383
1355,1.9395653463325
1356,1.9892139579585666
1357,1.6247872124871492
1358,1.1526695786731025
1359,1.4670227893380774
1360,1.715712065755257
1361,1.8179809517056695
1362,1.5618482061760945
1363,1.5680554965191524
1364,2.161663712742124
1365,2.1933948534425243
1366,2.5246593862886266
1367,2.9261557764470187
1368,2.9403545059420653
1369,3.1019616530131593
1370,3.5069547983390628
1371,4.223337900900481
1372,3.710572503917714
1373,3.416439166938729
1374,3.344237258759362
1375,2.749850301759497
1376,2.302575686999797
1377,1.8874026079316186
1378,1.8894938328072683
1379,1.8193746268539404
1380,1.942166400775681
1381,2.2320547933363466
1382,2.3026568186362137
1383,2.4415266054732503
1384,2.937630144338208
1385,2.265850421370855
1386,2.214856984961077
1387,2.170061225881053
1388,2.2012769998591124
1389,2.170518803429383
1390,3.316693571211039
1391,3.4404366240337603
1392,3.3971151388136582
1393,3.5080798337268857
1394,3.5160550886575486
1395,3.848285213977915
1396,3.6439370885014024
1397,3.9381982097534265
1398,3.512703200348972
1399,3.208923289812605
1400,3.124998790321621
1401,2.7281020139022716
1402,2.5428651316472948
1403,2.1890102933556808
1404,1.9144864048304242
1405,2.3481309507745878
1406,2.1296173964049014
1407,1.9116963710387238
1408,2.3232427884691793
1409,2.2942394608003522
1410,2.26057882157344
1411,2.3849668402982203
1412,2.4415259066138395
1413,2.565058680568665
1414,3.0025136390543827
1415,3.5389954504417966
1416,3.2463449038670142
1417,4.058846547607224
1418,4.802656694151086
1419,5.780565977441126
1420,6.208130181660087
1421,6.352906189657116
1422,5.452330740555271
1423,5.758353062931985
1424,4.136810214306858
1425,3.6499353668335095
1426,3.1287683891609266
1427,2.9705883765365146
1428,2.3574483065474734
1429,2.22702674077479
1430,2.347065121361514
1431,1.8747783031943872
1432,2.2273541768064384
1433,2.2672718400943013
1434,2.5328978514464855
1435,2.5590918704271344
1436,2.0185789278063258
1437,1.8077782863360101
1438,1.7852407740456264
1439,2.593549366635865
1440,2.9017285869609184
1441,3.164753965381054
1442,4.00008686998224
1443,4.093053064189164
1444,4.479097973101477
1445,4.359215160228812
1446,4.163424243560329
1447,3.6202381893119155
1448,3.3347512783421958
1449,2.8821169227686942
1450,2.274990250472412
1451,2.003369564888078
1452,2.164866425865362
1453,2.15967411643273
1454,2.3377844130066467
1455,2.468848985903524
1456,2.9733662187311305
1457,2.2841671926171503
1458,2.805077294110281
1459,2.52316756759169
1460,2.7039816434800286
1461,2.9314923001770143
1462,2.547759955986308
1463,2.2311633736727066
1464,2.594797780513136
1465,3.311989394202124
1466,3.5823620544163197
1467,3.6753688364100086
1468,4.25923988624878
1469,4.566603565013957
1470,3.9377341218381607
1471,3.615099029486255
1472,3.171717731719627
1473,2.6778963057024487
1474,2.779287061953638
1475,2.8158433477382134
1476,2.888081839828868
1477,3.093055702681972
1478,3.2673851623259997
1479,3.5324099432042173
1480,4.024883963191026
1481,3.913991441071488
1482,3.831506587973729
1483,3.88735092039028
1484,3.7512679920934326
1485,3.7507725262228195
1486,4.143855814010926
1487,4.951492908041805
1488,4.944366909951352
1489,4.962410884012623
1490,6.013423118740085
1491,7.246483568669061
1492,7.429916797809147
1493,7.445709489495997
1494,6.904809250904581
1495,6.565069597579392
1496,5.8968376266469775
1497,5.1655439982922875
1498,4.511640906641413
1499,3.983889671811724
1500,3.5291790096099422
1501,2.8260837659100586
1502,2.4505947049088443
1503,1.9505912926261118
1504,1.9824868995320881
1505,2.0825418467992756
1506,2.013185472361255
1507,1.9768623998541244
1508,2.0606755835767165
1509,1.8100547752339293
1510,2.4580676069893537
1511,2.687496875621631
1512,3.0156816192403997
1513,3.3670065578930126
1514,3.4394468443498964
1515,3.8556958957338403
1516,4.251308449294116
1517,4.520830764776129
1518,4.496243571659661
1519,4.219596821287865
1520,3.3632426889429143
1521,2.721623834386854
1522,1.9212279773479932
1523,1.876552215804043
1524,1.6650461715933664
1525,1.7861306440545859
1526,1.9211635138981586
1527,1.8319756148363098
1528,2.130513225326614
1529,2.628786319497686
1530,2.5785865132844683
1531,2.7202256879945286
1532,2.6083651575323903
1533,2.408164474528792
1534,2.3670578051389044
1535,2.037362024914818
1536,2.6086162284014645
1537,3.2707543818096276
1538,3.9029517050448317
1539,4.864512351468327
1540,4.974696624428248
1541,4.644467643150314
1542,4.852230346535161
1543,3.811805489216981
1544,4.011885651834115
1545,3.184485912551535
1546,2.6587707574615123
1547,2.6011130418145014
1548,2.690032115844667
1549,2.9644306284292483
1550,3.2439635243332625
1551,3.279169073313499
1552,3.215339622019098
1553,3.08041167159741
1554,2.665370477361478
1555,2.3805775366271957
1556,1.9712720340693466
1557,2.0185673790618686
1558,3.1253300615962853
1559,3.3726022048307347
1560,3.1286863530502522
1561,3.225899712648722
1562,4.0160715748707885
1563,5.159865726539957
1564,6.1215165145919785
1565,6.470401425904678
1566,6.199395132143172
1567,5.621183327250739
1568,5.213784889574307
1569,4.345604778824935
1570,4.0241752283920835
1571,3.5136388210174467
1572,3.449093104820376
1573,2.944887182868576
1574,2.7828594097449306
1575,2.5521930738988843
1576,2.5045888815086097
1577,2.389668739023743
1578,2.4300947505093524
1579,2.4754170172072607
1580,2.5042499007971473
1581,1.9415902740492335
1582,2.0754440411387822
1583,2.6440377458027573
1584,2.9039973730929325
1585,3.3962586057440096
1586,4.056274253048039
1587,5.510054603389635
1588,6.353118401753395
1589,6.703558404936435
1590,6.007720208857745
1591,5.317702935786393
1592,4.090619427364738
1593,3.0777107802515116
1594,2.480732730093497
1595,2.1793829442660853
1596,1.9354667727747699
1597,1.6776514014164448
1598,1.9690855324341767
1599,2.033848126646867
1600,2.2372099056392214
1601,2.281941677238441
1602,2.888647729219018
1603,2.814806490843098
1604,2.6398445076438053
1605,2.2131080572743698
1606,2.4680926252524795
1607,2.1101494749017817
1608,2.3116824808462626
1609,2.6225494515763974
1610,3.4649512767135935
1611,4.40139724791192
1612,4.963987745150393
1613,5.650373908408537
1614,5.539499076012756
1615,5.254340319477862
1616,4.337918987873944
1617,2.780957226060925
1618,2.3919336645943616
1619,2.0154764443409308
1620,2.031465997341923
1621,1.9426694801763364
1622,1.978600385360674
1623,2.2928864367541135
1624,2.572017713068289
1625,2.7942721511802633
1626,3.0112474754810163
1627,2.9870611257352806
1628,3.0979384551409708
1629,2.995870798057938
1630,3.2981859717636914
1631,3.045232451184842
1632,2.8461949529939736
1633,2.727062800491746
1634,4.117269046637569
1635,5.100746090925343
1636,6.341304172115805
1637,7.115593690636718
1638,6.228543025292508
1639,5.339732604548574
1640,4.20859476238827
1641,2.7463567570360996
1642,2.254695111825583
1643,1.9446210231556653
1644,2.055441659012623
1645,2.2679525811180885
1646,2.491646061455553
1647,2.548880475132121
1648,2.706903116540575
1649,2.907901138797862
1650,2.9082103747454178
1651,3.0550547196159816
1652,3.119620322409366
1653,2.7528254040673836
1654,2.0373830888696145
1655,3.1886863536313115
1656,3.7664497112824398
1657,4.527638423915475
1658,5.349810965787348
1659,6.151638753545287
1660,6.155184324742839
1661,6.361721933542528
1662,6.201313804864853
1663,6.467013329186375
1664,6.629596834855649
1665,6.702189491941341
1666,7.2285850416703745
1667,7.889646580439746
1668,8.558759890282403
1669,8.632000409207363
1670,8.629942153764675
1671,8.238509790859272
1672,8.058772000477658
1673,7.73411984999343
1674,7.555354619237821
1675,7.576046370748782
1676,7.337904463663559
1677,7.562835419584545
1678,7.70340940359732
1679,7.745992172711274
1680,6.682176619608294
1681,6.989423373334518
1682,7.290294396326162
1683,7.332027540565268
1684,7.237259290471663
1685,6.163757815073229
1686,6.017595777050799
1687,5.558635101191056
1688,5.421128812496762
1689,5.311033372185817
1690,5.432302424372865
1691,5.196492439162479
1692,4.901017930107252
1693,4.911714982434001
1694,4.823928818924694
1695,4.9707196954617014
1696,4.83890907191353
1697,4.644924513019303
1698,4.652628898063624
1699,4.52870181940763
1700,4.003113394969415
1701,3.9190015193722902
1702,3.6967903935540907
1703,3.689668747195247
1704,3.8539713342864053
1705,4.204278361691911
1706,4.303641194204338
1707,4.61138087675032
1708,5.013413320949177
1709,5.048572107266462
1710,4.961230852644288
1711,4.550294140720709
1712,3.5459288692910413
1713,2.852243846442289
1714,2.310212413673253
1715,1.926001130807908
1716,1.9580605349198337
1717,2.024258124604348
1718,1.7778691833137208
1719,1.8981615654179378
1720,1.9867740866324455
1721,2.2452459765174235
1722,2.517239624398868
1723,2.508438498572751
1724,2.643864689820156
1725,2.6663119835108904
1726,1.9251121725591742
1727,2.2827445447829042
1728,2.6098156691674608
1729,3.4892584944137037
1730,4.706384093775996
1731,5.600850335005965
1732,5.846650490702546
1733,6.152267790292236
1734,6.256274920286294
1735,5.233854093076592
1736,4.692589028125629
1737,4.305049396423417
1738,3.9058325346912355
1739,3.8914704585175204
1740,3.976738737564186
1741,4.106554353455612
1742,4.1881083934772345
1743,4.477026512003896
1744,4.84459540028481
1745,4.032724307557459
1746,4.158373829253327
1747,4.401716346662718
1748,4.569681413310488
1749,4.765360480450392
1750,4.952932719892059
1751,4.9986539512127734
1752,4.918083913275208
1753,4.82609588715951
1754,4.254416684354646
1755,3.747431269642759
1756,3.4788778146107004
1757,3.5276155242582794
1758,3.9917834772744216
1759,4.341070093342399
1760,3.9576682399487155
1761,2.8714760893081452
1762,2.091281818024687
1763,2.409903445775484
1764,3.2590190512365087
1765,3.292488698654219
1766,3.564798743110664
1767,3.947641121508394
1768,3.761357143026198
1769,3.6677973636724563
1770,4.3642390656710335
1771,4.686023566354439
1772,4.75230464691457
1773,4.771501277109977
1774,4.659732203320728
1775,4.519725782389802
1776,4.15287503810832
1777,4.2949700581555055
1778,4.34958374908495
1779,4.3515511396256965
1780,4.34085121573233
1781,4.43607573700454
1782,3.7791926959920654
1783,3.209089748094435
1784,2.8818705951718786
1785,2.4247936977880453
1786,2.36511076961364
1787,2.3844697398486168
1788,2.118358684714896
1789,1.8936995574611515
1790,2.3339554705688466
1791,2.2990179731057987
1792,2.6680169067037607
1793,3.4500815168132624
1794,3.12014625327905
1795,3.197508904533141
1796,3.425081604514909
1797,3.719360629532484
1798,3.123297871088555
1799,3.168954563764279
1800,3.3795047156044498
1801,3.7911368339714517
1802,4.14168540615979
1803,4.2812261462813925
1804,4.2657112319020944
1805,4.011325157465818
1806,3.5641814852336773
1807,3.0818353298341266
1808,2.781186839014786
1809,2.5780504793951535
1810,2.4858183654767574
1811,2.5253878320869343
1812,2.159529825629814
1813,2.1027195468334883
1814,1.8573890655174012
1815,1.7194224672026557
1816,1.669220961199749
1817,1.8475984128471208
1818,1.7987887982052826
1819,1.8431945681161268
1820,2.05138398064224
1821,1.8023198994245182
1822,2.1560910060687455
1823,2.1609488969459845
1824,2.361471438115979
1825,3.4079844166742137
1826,4.839103936739151
1827,5.542985827116506
1828,6.2718463056690625
1829,6.26320001969044
1830,5.752403609299708
1831,4.950373760317382
1832,3.785780282079538
1833,3.2587231925961926
1834,3.1195544494182648
1835,2.981393415282302
1836,2.967246169550907
1837,2.8441216783657697
1838,2.7328360145645787
1839,2.328318826317606
1840,2.6707517790958417
1841,2.912422273525205
1842,3.0461215024005144
1843,3.137784815558972
1844,3.212040738556123
1845,3.6471382893554565
1846,4.467601612377956
1847,5.203083191411523
1848,4.76520078330232
1849,4.851843624468244
1850,4.931242373035452
1851,5.722329121476385
1852,6.929143949810969
1853,6.309622358217654
1854,5.670907922119939
1855,5.082162013959683
1856,4.713453534322983
1857,4.524951077849407
1858,4.280023542374086
1859,4.318134888726625
1860,4.166323229112933
1861,4.124215770366485
1862,4.306223505661191
1863,3.7730632204842562
1864,3.797002724103085
1865,3.452643632692491
1866,3.0177572607218868
1867,3.1522254966584615
1868,3.4959961887277284
1869,4.266260353960273
1870,4.659529813175857
1871,4.61236379367002
1872,4.070811286137257
1873,4.014976761854246
1874,4.875461363974701
1875,6.204291179209354
1876,6.689093247855653
1877,5.991524739574545
1878,4.728128539579952
1879,4.199419615749507
1880,3.6662585868624498
1881,3.082380943442947
1882,3.2678585796650355
1883,3.0624572590967225
1884,3.031514254697506
1885,2.7751840694639003
1886,2.4651584017823645
1887,2.3266535415134437
1888,1.8751529164666052
1889,2.1091494519137046
1890,2.18649738690691
1891,2.3882196998811733
1892,2.146541126964181
1893,1.8848768603615682
1894,1.951833718465472
1895,2.228784054456389
1896,2.6913587954121763
1897,4.077268743704216
1898,4.95327284460069
1899,6.4626581592618955
1900,6.769424200368752
1901,6.729205871849468
1902,6.117348742764876
1903,5.22413656195033
1904,4.055795231330031
1905,3.598802252839266
1906,3.3041587730711828
1907,3.0356139803029056
1908,2.9735737812864573
1909,2.5809284315476835
1910,2.495101567723742
1911,2.572519543001862
1912,2.396131140957142
1913,2.4207203960746546
1914,2.374285299159632
1915,2.676004877217099
1916,2.813591250683722
1917,3.3215567706726135
1918,4.019402505161657
1919,4.561693462132693
1920,4.695289750730887
1921,5.256499690542238
1922,6.276185165426613
1923,7.528529868170747
1924,7.113049545938802
1925,6.644101514380455
1926,6.183062473657114
1927,5.372792590429916
1928,5.211006521112204
1929,4.8372338026501405
1930,4.773824175606851
1931,4.212338640646982
1932,3.738780991885208
1933,3.396837305474495
1934,3.27674120370939
1935,3.095489159108139
1936,3.2541162730570585
1937,3.4418750569449106
1938,3.7591791483888137
1939,3.560179522122092
1940,3.8070487125127133
1941,3.998767504210606
1942,4.74814678105409
1943,4.758054638884131
1944,4.767277944627433
1945,5.833287808204254
1946,6.779215299284108
1947,6.610011873850724
1948,6.767429029391838
1949,6.569951041021335
1950,6.016290392091626
1951,5.569558004777079
1952,4.605205687690688
1953,4.066741275917789
1954,3.6991662390810975
1955,3.184986120789236
1956,2.870915653035614
1957,2.143406266993387
1958,1.794351742114622
1959,1.9189542273150828
1960,2.039615092463447
1961,2.0687955190874003
1962,1.7877389304280147
1963,1.3150346796719237
1964,1.0961162828298643
1965,1.1763103426708514
1966,1.8307951675997787
1967,2.7234958932695137
1968,3.5771135080805565
1969,4.384103675991437
1970,5.246459374932731
1971,5.664919288246853
1972,5.94902811392122
1973,6.628904150545404
1974,6.311499716748607
1975,5.9511269818926475
1976,4.942076383641467
1977,4.061752964302485
1978,3.1738456296821522
1979,2.478433440242508
1980,2.100612902292447
1981,1.8888975535452326
1982,1.4292332768236231
1983,1.4460239662323462
1984,1.3327884959962757
1985,1.3340013317580945
1986,1.8097212744142073
1987,1.881557231509544
1988,2.0462942379957294
1989,2.0679121629565835
1990,1.9119963998510479
1991,2.099124808976831
1992,2.932466994227725
1993,3.805548032942576
1994,4.512713204159814
1995,4.908757596813706
1996,4.977618672658723
1997,4.888885826504901
1998,4.527498657805413
1999,4.278566877011661
2000,3.582157261219
2001,3.2207183564621387
2002,3.158444496067198
2003,3.0882430960165816
2004,2.951192293717021
2005,3.1530663274860777
2006,3.8480308384562107
2007,4.05453707257402
2008,4.20989764223245
2009,4.679540064489491
2010,4.7403845261616215
2011,4.584735708605083
2012,4.757143969732042
2013,5.021508189700827
2014,5.540914218062538
2015,6.1728103827893
2016,6.804346882416886
2017,7.386155370536158
2018,7.703186523417677
2019,7.778756804016843
2020,7.517355141275828
2021,7.679096805586871
2022,7.076650999969878
2023,7.388674142251185
2024,7.151213819384271
2025,7.515787293185956
2026,7.321685886330607
2027,7.076762480385029
2028,6.605498910576176
2029,5.622150643838026
2030,5.734943591685589
2031,5.742708096855935
2032,6.143832612697583
2033,5.734977101542395
2034,6.383092666028537
2035,5.43645353638116
2036,5.327914219639485
2037,5.288325681201413
2038,5.739862054338363
2039,6.058615146995732
2040,5.673444059102193
2041,6.0387945347697505
2042,5.853281106678544
2043,5.635221834082476
2044,5.6098410496589315
2045,5.406151383925188
2046,5.214297433945223
2047,4.836625053696438
2048,4.384539240890937
2049,3.28684077942829
2050,2.614050490216567
2051,2.4316608687701335
2052,2.8499550514462455
2053,3.3853079305350158
2054,3.3123268014772043
2055,3.2838824098117416
2056,3.618272658423776
2057,3.7422606238309246
2058,3.820653773418118
2059,3.7150015899272284
2060,3.8145630864358537
2061,3.901609802375544
2062,4.602418644638497
2063,4.561073287031388
2064,4.927395078712532
2065,5.23286937934878
2066,5.507485651627178
2067,4.9519860116811305
2068,4.810254006379521
2069,4.575985527989008
2070,3.906858000771388
2071,3.461661832022578
2072,2.9257381652705994
2073,2.5493945934436315
2074,2.785480427061019
2075,2.852931888765705
2076,3.0096623215493485
2077,3.115696820690155
2078,2.785872319800939
2079,2.107617424026688
2080,2.122810196045157
2081,2.3147907620049866
2082,2.9420547309859155
2083,2.905403468715475
2084,2.709227475110495
2085,2.2533239868079304
2086,1.9234545487653203
2087,2.280535215552553
2088,3.1704655866529334
2089,4.168311618346538
2090,4.917720378220207
2091,5.012821805652771
2092,5.176796961379311
2093,4.978263260486745
2094,5.003946108190535
2095,4.750365890063833
2096,3.747657644678354
2097,2.5985364591815334
2098,2.2098565275211484
2099,1.9067449072169416
2100,1.8128865706632356
2101,1.7540237881097571
2102,1.7749809982009412
2103,1.723608202858442
2104,1.7348099651233972
2105,1.7021468623337177
2106,1.8160757731071357
2107,2.0821037700319813
2108,1.7199512767455731
2109,2.307698589273898
2110,2.804295622515072
2111,3.1124509709580783
2112,4.194665953799455
2113,5.898827813948338
2114,7.4616876938429755
2115,7.579294645000104
2116,7.730728216946923
2117,7.444266893452754
2118,6.606837705640753
2119,5.840792516384949
2120,4.270061491537921
2121,3.3928363446401097
2122,2.888026604915284
2123,2.6253421447333016
2124,2.550230943449929
2125,1.857583155765915
2126,1.7035545536501109
2127,1.4827130781727538
2128,1.3674048889318564
2129,1.3789627452640207
2130,1.5096934623723293
2131,1.4988706375988137
2132,1.596576795512322
2133,1.6439416102033675
2134,1.976893006984832
2135,2.707124353883881
2136,3.1584744563198726
2137,4.739480596545204
2138,6.381517372519293
2139,6.5077125378641085
2140,6.611403494127493
2141,7.017257971142068
2142,6.244644674510206
2143,5.56272288150916
2144,4.549043501153682
2145,3.589207148620119
2146,2.6680047697675713
2147,2.059016619644961
2148,2.0462530835596016
2149,1.6415390691095073
2150,1.8783292344162574
2151,1.7148745963325525
2152,2.195310550680993
2153,2.3660231137988936
2154,2.3604383284100297
2155,2.898617154756456
2156,2.6987729580754904
2157,2.1348086004813274
2158,1.7539897476194997
2159,1.8595362275869483
2160,3.3587894079281266
2161,4.358718719715569
2162,4.483684278002997
2163,4.698548333481957
2164,5.19132881243443
2165,5.276765956216189
2166,5.211119986536442
2167,5.491801494946677
2168,5.19021641421498
2169,5.041683805585108
2170,4.7663139881345655
2171,4.666427202944484
2172,4.844769621872957
2173,4.223225348668195
2174,4.380258713121024
2175,4.760733235601768
2176,4.725693650486534
2177,4.621539847766187
2178,4.604729240827488
2179,4.2194514918903385
2180,4.366828350332113
2181,4.693280997946702
2182,4.8492865529876115
2183,4.9337127037924144
2184,4.962145630165998
2185,5.418500349560046
2186,5.339030908409479
2187,5.512278956344717
2188,5.297808630150401
2189,4.9816561659401115
2190,4.417327560138427
2191,4.408730638521709
2192,4.261210095352954
2193,3.2084919434880725
2194,2.902255471192473
2195,2.528061774657059
2196,2.39690917305753
2197,2.41188731353045
2198,2.195043103081989
2199,2.192344653084318
2200,2.049270520920931
2201,2.353655404736413
2202,3.024825618498658
2203,3.211495405792783
2204,3.4742345251462257
2205,3.727863531714608
2206,3.9063339975617706
2207,4.434908808594936
2208,4.512663349892899
2209,4.485397166803052
2210,4.893055192848427
2211,5.9789545890319875
2212,7.079913791416658
2213,8.097519178382445
2214,7.486901543421292
2215,7.266356277942274
2216,6.305021367698407
2217,5.888490757914278
2218,5.569868035921302
2219,5.007861404757569
2220,4.921357972568855
2221,4.580714528273605
2222,4.12593658225467
2223,3.7209447650497562
2224,3.267077863441255
2225,3.2937110977129906
2226,3.1339674873669314
2227,3.2444018070152563
2228,3.3720958192621993
2229,4.050926076927254
2230,4.557053058909689
2231,4.869282659322551
2232,4.851499360186054
2233,5.042121080496205
2234,6.220160593478628
2235,6.34767560432095
2236,6.351359737111217
2237,6.124502707148156
2238,5.001357176638619
2239,4.770638103279229
2240,4.4460663895881805
2241,4.555141562879432
2242,3.415337416151091
2243,2.771594429653057
2244,2.7340677187287263
2245,2.507417193937453
2246,2.7441604405309725
2247,2.2808383735347073
2248,2.505422168454598
2249,2.376249192330984
2250,2.3624234019756223
2251,2.1995170725098485
2252,2.41590491571819
2253,2.270030108064716
2254,2.190333182259432
2255,2.2475270427756997
2256,3.311912279414503
2257,3.7485627270871946
2258,3.8839756506497674
2259,4.527871846572065
2260,4.870647741210979
2261,5.030656249700792
2262,4.227520802084641
2263,3.8418222126044266
2264,3.242835334955548
2265,2.8700141190417505
2266,2.6932492069510023
2267,2.6140873825434787
2268,2.572381854890874
2269,2.5004696402377373
2270,2.3167587144819106
2271,2.4856541020541747
2272,2.7006016651361238
2273,2.7632213615821293
2274,2.5039653339259647
2275,2.2731980311173587
2276,2.5542160532522633
2277,2.5957160476314387
2278,3.1956831501548666
2279,3.410709894004667
2280,3.766433851580717
2281,4.14177829040888
2282,4.616411919357526
2283,4.779017281959593
2284,4.602167563234117
2285,4.644317776901787
2286,5.097093767666671
2287,5.089726900423506
2288,4.341985293359357
2289,3.330612696670682
2290,2.657383276316243
2291,2.1806335878753837
2292,1.85713243523789
2293,2.0325778012740465
2294,2.0271488583791126
2295,2.175724504210691
2296,2.4249017770825683
2297,2.6643225960231676
2298,3.0140759842447955
2299,2.864695793621358
2300,2.9860934012536644
2301,2.7727331002260267
2302,2.819407445454003
2303,2.7219782208795302
2304,2.791059153597509
2305,3.5277753068812454
2306,4.588581945826644
2307,5.519904042247501
2308,6.3980015574214475
2309,6.818813468149201
2310,6.182604205387074
2311,5.2526884629126585
2312,4.2314643810641925
2313,3.3472834931741233
2314,2.5627322075945673
2315,1.9066370481707242
2316,1.6965369591497361
2317,1.6434231102333765
2318,1.7953466090234278
2319,2.0847576533218697
2320,2.184490615801538
2321,2.180977364085461
2322,2.2431617872228955
2323,2.6908259850731837
2324,2.621944600866964
2325,2.0949994969715178
2326,2.455399916341261
2327,3.2897055369540777
2328,3.5077560432537176
2329,4.118278291367653
2330,4.212065139409939
2331,4.4645634817643165
2332,4.628059380874889
2333,4.190394751573821
2334,4.072994547616278
2335,3.666949897423542
2336,3.4201742881606174
2337,2.9291836825229196
2338,2.42069603432022
2339,1.8833172565556844
2340,1.887186628361767
2341,2.0464064556288317
2342,2.7113008494449184
2343,2.3466751011455083
2344,2.636104554906837
2345,2.635175484922433
2346,2.6310769634353233
2347,2.6133554896813753
2348,2.4268192877332897
2349,2.7340772542447493
2350,2.6939084993212843
2351,3.081467172188394
2352,3.275105288973971
2353,3.3877288966625354
2354,3.724737780134685
2355,3.981044931324837
2356,4.132745733498892
2357,4.544865384520281
2358,4.3157902670257355
2359,3.9816015829663804
2360,3.632882396968353
2361,2.9842070541761703
2362,2.657841854498151
2363,2.359585161837545
2364,2.277141912708383
2365,2.4049887332660993
2366,2.7591945671930875
2367,2.695775709777257
2368,2.874303989047097
2369,2.8346282764805064
2370,2.707170724570036
2371,2.7861911845515546
2372,2.910714114560768
2373,3.201348424448642
2374,3.6232538343248692
2375,4.218625894721306
2376,4.247221451815301
2377,4.664186733035983
2378,6.201251572627981
2379,8.116344482677643
2380,8.30282898619767
2381,7.832544729241467
2382,6.498090294286679
2383,5.973840972197523
2384,5.354918243329816
2385,5.403503684077167
2386,4.798241509417625
2387,4.996114966349572
2388,4.507670885515063
2389,4.003385986288883
2390,3.5800479718909783
2391,3.5585869768594183
2392,3.49865191663592
2393,3.18482420594367
2394,3.050633817279619
2395,3.099358746900872
2396,3.5711439451722637
2397,4.121188080463641
2398,4.998524728045114
2399,5.71311440725549
2400,5.47551537060885
2401,5.520876620882691
2402,6.156746573071032
2403,6.71566588981204
2404,6.794968446269578
2405,6.456451751226397
2406,6.1882398715300395
2407,6.079511986306604
2408,5.846080743199718
2409,5.862080877792746
2410,5.240943825720161
2411,5.069270501378724
2412,4.498356943600348
2413,4.077715348136116
2414,3.9892369406378396
2415,3.576479798684695
2416,3.3304251172563446
2417,3.1552556049578655
2418,3.016394309336007
2419,3.2826370908989406
2420,3.321449541678789
2421,4.1646811104066455
2422,5.287731555460997
2423,5.52013335292027
2424,5.132112638212457
2425,4.743581254125196
2426,5.1614253158774925
2427,5.9418838547967106
2428,6.306240433260843
2429,5.992565649724888
2430,5.747666420296155
2431,5.217255279167942
2432,4.974143840847424
2433,4.765547821311563
2434,4.874741223564348
2435,4.908634106603541
2436,4.836905978796631
2437,4.895172498575481
2438,4.905666930379569
2439,4.869474904601096
2440,4.7300121620809685
2441,4.756149984472313
2442,4.237931305577851
2443,4.143423199229853
2444,4.920593278661604
2445,4.87855520405401
2446,4.555291995500769
2447,3.853682475973947
2448,3.379572460103247
2449,3.547765245668875
2450,4.300764257207196
2451,4.406370658922845
2452,4.367031977149776
2453,3.9087196989957342
2454,3.253495195217839
2455,2.7418106116664056
2456,1.9880885616743607
2457,1.640394902006716
2458,1.9815809362889525
2459,2.5015735232924237
2460,2.809877869662854
2461,3.5256392805435577
2462,3.6256299964295535
2463,3.7643137136957687
2464,4.084867385987442
2465,4.491652999692392
2466,4.641984407788878
2467,4.1714663758312645
2468,2.81915838237022
2469,2.8437396554765457
2470,2.2760041802793185
2471,2.75289482622129
2472,3.251860487077412
2473,3.640706824736951
2474,3.7399636101262286
2475,3.078975510583119
2476,2.7661689865359405
2477,2.3950749035168832
2478,3.2152622756618383
2479,2.8825850404209064
2480,2.4296647047173634
2481,2.426411462252698
2482,2.1508302028430815
2483,1.744356486605478
2484,1.6929429087606016
2485,1.7832434817649596
2486,2.230441175828445
2487,2.1048821398696074
2488,3.0485001162908345
2489,3.0090271776004984
2490,3.03694072407232
2491,3.5004732013401
2492,3.6627435932840835
2493,3.6565078420446397
2494,3.3832597523342813
2495,2.931984754147719
2496,3.0432270080294335
2497,3.2770858521063215
2498,3.543000089458591
2499,3.904378486622268
2500,4.537095064686501
2501,4.504683060603423
2502,4.313557887562142
2503,3.6492021912295063
2504,3.3620053952494877
2505,2.9470699702727257
2506,2.8323805263131323
2507,2.6318709112829355
2508,2.2596649078271467
2509,2.47638609848344
2510,2.673977413170872
2511,2.6564216097870004
2512,2.455824576828225
2513,2.303489743583752
2514,2.228558417979887
2515,2.1329667846221345
2516,2.5492470410589867
2517,2.7092234083816535
2518,3.118309963993015
2519,3.545663152323506
2520,3.9738999593537576
2521,5.05330425302606
2522,6.48521569575689
2523,7.543605468805144
2524,7.568729712582227
2525,7.6265618844588845
2526,6.954458774991775
2527,5.420525159651138
2528,4.471732438622339
2529,4.2785267255030535
2530,3.689065784280321
2531,3.4068368245367573
2532,3.286813777373346
2533,3.233480642750943
2534,3.048704549512214
2535,3.34458142540219
2536,3.468284894739855
2537,3.9677018057067697
2538,3.680898853094354
2539,3.622373110885211
2540,3.9435730669260813
2541,4.714221594504385
2542,5.437128135073338
2543,5.754047115546551
2544,5.426105033872675
2545,5.737779541138298
2546,5.979786177116335
2547,6.603957058354763
2548,6.936211431954899
