,Ridge_Alpha_Beta_ensemble
0,1.9873213358445752
1,2.335446383176071
2,2.773708090164009
3,3.1210453920159758
4,3.434488384674431
5,3.494554478106213
6,3.2271510832108565
7,2.7345610329594705
8,2.3518686809365703
9,2.073359936444526
10,1.8196545404058537
11,2.1220266406508506
12,2.395460157436824
13,2.3484951780222527
14,2.987709636767248
15,3.0540735711981477
16,3.420182542792995
17,3.4572614399292494
18,3.657720589412099
19,3.7002892658402486
20,3.8576955164374134
21,4.041599600166065
22,3.857686556548346
23,3.927187522488008
24,4.528062892944217
25,5.340180036694483
26,5.5152284395206115
27,5.680120515671605
28,5.715674065825905
29,5.942935845022707
30,5.377765670408474
31,4.996942285151518
32,4.625860645510836
33,4.697211516806949
34,4.3661137183389265
35,4.513058990974122
36,4.042791519322057
37,4.934944455867923
38,5.092321836106638
39,5.026398429121942
40,5.457822300455178
41,5.34790238481014
42,5.5094575726550445
43,5.440126547252898
44,4.538289194904827
45,5.0650086042381615
46,5.458268107351479
47,5.702167806973174
48,6.191100491359353
49,6.830128212807226
50,7.3631248544575545
51,7.500996228343767
52,7.929988051776484
53,8.131103339668691
54,7.455882688067448
55,7.136717344349971
56,6.716753720853508
57,6.064827478075882
58,5.410828931928653
59,5.519405526989308
60,5.322628608619817
61,5.42308644029638
62,4.918021754859702
63,4.896419899893323
64,5.291690626396258
65,5.089497046295159
66,4.829201788349198
67,4.91504279474824
68,5.034887447990904
69,4.940538414718701
70,5.208914422386826
71,5.2928601145690575
72,5.65525977032779
73,6.290221885629608
74,7.002723562071118
75,8.175243150185612
76,8.438104326028114
77,7.665968426815202
78,7.3882094137092045
79,6.742394580075302
80,6.463342290893923
81,6.112659015403471
82,5.746396586213147
83,5.759453930302492
84,5.497066011015422
85,5.89479566644088
86,6.581465838935125
87,6.3740969641707075
88,5.750845831741076
89,6.419251579044375
90,6.456006409739929
91,6.795330254257391
92,6.098089916133576
93,6.132952764630113
94,5.980783095411375
95,6.148351009483706
96,6.698552341997315
97,6.814114891676407
98,6.006080811084039
99,6.310320354166333
100,5.454572633647388
101,5.178868768081042
102,4.725891867876082
103,3.888903594384023
104,3.33891441641439
105,2.7817052336389607
106,2.0820546038200507
107,1.747692116352618
108,1.9645413520225945
109,2.3084672075539343
110,2.692424479265703
111,2.9154421690184016
112,3.0654912791331035
113,2.8014395745213885
114,3.018961324175328
115,2.946671445352423
116,3.2095120238450936
117,3.0529532643167756
118,3.0779654310062394
119,2.963564739790548
120,3.024596440122097
121,2.9557816202335543
122,2.7345305476266284
123,2.84838349142537
124,3.152853776381662
125,3.3263252450634315
126,3.1736258153213712
127,2.7727123210862143
128,2.6167472095498616
129,2.629510686978401
130,2.7254385301816217
131,2.936678886561067
132,3.2376437537576424
133,3.367099240905031
134,3.6380298264985402
135,3.396642106952934
136,3.6150368291344575
137,3.644009291316243
138,3.4744196797062887
139,3.53054629746031
140,3.5709778546442803
141,3.7572450962418866
142,3.699554483134237
143,3.3297525734657016
144,3.077487354958414
145,3.0266150615139624
146,2.8751609738129273
147,3.301301900151108
148,3.4708615299548065
149,3.375684653751142
150,3.2272357678467634
151,3.1202619002933156
152,2.816594860555778
153,2.9559113908563805
154,3.311971659269352
155,3.616843528673626
156,4.0211835528527375
157,4.378941896063044
158,4.635473163603186
159,4.748344745965321
160,4.566603421753387
161,4.307803847143466
162,4.238289288066886
163,4.267397870942274
164,4.333773312591223
165,4.14132804124004
166,4.0871396010340355
167,3.4139449099949286
168,2.7736240810041624
169,2.147018607742328
170,1.965637252726721
171,2.0459440757855702
172,2.1704689378027138
173,2.002455498519421
174,2.0075495809547053
175,1.8737983707924397
176,1.558820786029343
177,1.6612619146635885
178,1.933344771889715
179,2.424232308383569
180,3.2662447130905785
181,3.550930167398847
182,3.8676377530171213
183,4.0199335765463795
184,4.055382958842363
185,4.103878783154995
186,3.9847518195816467
187,4.318450857356543
188,3.9319233518837433
189,4.1061259028021215
190,3.667300247808135
191,2.831784347918586
192,1.6388698551706844
193,1.7486541887299216
194,2.1025942347048305
195,2.1252581565814435
196,2.309516867937111
197,2.2295262384709664
198,1.9478880881367675
199,1.3826175508979053
200,1.182786888364498
201,1.669521933336584
202,2.595620335345421
203,3.20650663258599
204,3.5343416898102475
205,4.011652786477563
206,4.115704368773277
207,4.124220892924769
208,4.017022659760519
209,3.968658161400339
210,4.264540598978996
211,4.289495574839875
212,4.185328380390765
213,3.9271141341675357
214,3.706977674769049
215,2.985026397237179
216,2.0958801335133694
217,1.462604862542033
218,1.464397690611832
219,1.6857928407071516
220,2.261137373060243
221,2.2790681888486586
222,2.154568313178972
223,1.68117066879085
224,1.1592232693414188
225,1.8038188795983034
226,2.2004041132655434
227,2.9881626966996864
228,3.213823440438291
229,3.4628202232558536
230,3.389276976516029
231,3.3488421840348512
232,3.426460867486622
233,3.824650039129461
234,4.268347558247311
235,4.202794470657479
236,4.280465117248239
237,4.064717655720334
238,3.691570599370531
239,2.9336742585319966
240,2.1237437527764946
241,1.994078397089287
242,1.710836024580774
243,1.7432962336879894
244,2.187013509488737
245,2.4856309458725203
246,2.4294338099764103
247,1.974466439065076
248,1.8599760355271115
249,2.2441839597163806
250,3.0121881349818254
251,3.4388799453824803
252,4.012867463080607
253,3.8751933951814626
254,4.078988661313024
255,4.11238447142461
256,4.073322463272248
257,4.32389378775458
258,4.268485105124459
259,3.7658758588301104
260,3.96435953248785
261,3.777995788692563
262,3.591275872449685
263,2.954126324567641
264,2.921287038753725
265,3.097415795724077
266,2.9763355079499068
267,3.3341326015875348
268,3.388623975698113
269,3.5636288734743946
270,3.5642330505334194
271,3.3810069902454165
272,3.132274941826394
273,3.409053185698965
274,3.86815669084443
275,4.199488651023169
276,4.4218197174209255
277,4.643154138538248
278,4.674660028658099
279,4.469114934859011
280,4.352584151247942
281,4.35440477264793
282,4.023866061554896
283,3.870254649053552
284,3.5379432200357326
285,3.967284124972892
286,3.6141764732560056
287,2.9965310263166387
288,2.2189966068283855
289,1.5079436114796485
290,1.5976918665305975
291,2.191486947508967
292,2.0181049340722037
293,2.140643134381227
294,1.7969478454000094
295,1.6077643046683603
296,1.2365872048859718
297,1.3234605183427715
298,1.6767427477547285
299,2.1766732599279544
300,2.7871765192641726
301,2.8118495712931355
302,2.767660031856193
303,3.0986387521706256
304,3.2260674005729992
305,3.4846108516317944
306,3.474855707624316
307,3.5858937893512137
308,3.8334021093962254
309,3.7601408588063867
310,3.421266329155712
311,2.8168998277526645
312,1.9888004481452222
313,1.540144983344841
314,1.768444711184479
315,2.345306494140473
316,2.1759311720506607
317,2.2554222130868857
318,2.163978471694661
319,1.643595313006181
320,1.8414501113806068
321,2.5138128102998314
322,3.0396443384792184
323,3.6978816299835917
324,4.106315757405129
325,4.195062723402576
326,4.487530043202911
327,4.359995827866532
328,3.9783072816826928
329,3.8873484626255577
330,3.8521821476390365
331,4.093318496179807
332,4.175265875298031
333,4.140325779291375
334,3.4710398884392926
335,2.6018432515385195
336,2.2952333285747684
337,2.074892255977078
338,1.6944366008180445
339,1.8276652959019697
340,2.1993572827842756
341,2.2724927243800828
342,2.3558019308440232
343,2.319867622186422
344,2.40210336326779
345,2.6659647378206586
346,3.2906766686808355
347,3.959739158900466
348,3.9153100447840457
349,3.587791584832785
350,3.7395736749889763
351,3.727960591476713
352,3.927642542567892
353,3.8529867742182224
354,3.7993197983892935
355,3.9828156032010136
356,3.642100791076205
357,3.4047356570963627
358,2.955547859218752
359,1.834048138044002
360,1.285639662229717
361,1.8478704504896895
362,2.2122139838615373
363,2.1662489516943766
364,2.436863829224909
365,2.29858119729077
366,2.366767381669133
367,1.8926161761923375
368,1.7525696771688215
369,1.6853774346815062
370,1.9983836043982146
371,2.6730912028007556
372,2.834108263020239
373,2.9388023701536237
374,3.2433467557906193
375,3.5697077898621403
376,3.5540585078822446
377,3.647736538380977
378,3.8590760611179498
379,3.908473209487021
380,4.046540191440947
381,3.917992087048842
382,3.3669676860531172
383,2.5091736618337928
384,2.5504227544438707
385,3.0085869471292335
386,3.0171452278260698
387,3.188784307330023
388,3.197927945646227
389,2.7126604200779982
390,2.46559254462175
391,2.249735376975733
392,2.210387863694111
393,2.525157696125484
394,2.5804528055218885
395,2.614778197007011
396,2.315725805804858
397,1.8860164479046924
398,1.9845736027001966
399,1.81704589565115
400,2.048282130198755
401,1.923464440225228
402,2.323807506826821
403,2.337897594057912
404,2.3571651668558165
405,2.3208121187021966
406,2.212224026174392
407,1.8808527312471506
408,1.5683178135456277
409,1.6182036975376246
410,2.381027881993029
411,3.01426921496252
412,3.3880661664328486
413,3.4232843481154225
414,3.1463280837200647
415,2.552624649298438
416,2.2092285223025128
417,2.113415309083197
418,2.301443021703122
419,2.339860230626876
420,2.807060617724329
421,2.8982095680990008
422,2.9813738726761168
423,3.502507092100835
424,3.401154532087729
425,3.3531104154100952
426,3.4010588541411018
427,3.667441161723289
428,3.223727619941541
429,3.4977164714957296
430,4.103581316620626
431,3.857764267600692
432,3.379036604461719
433,3.219922575628798
434,3.1973934424844264
435,3.673666179741913
436,4.328166461715559
437,4.795167332808929
438,4.629832679461712
439,3.9345971835158866
440,3.333113756819154
441,2.9996310798441628
442,2.8774816858154986
443,2.8372747377149836
444,3.075332474473761
445,3.1641605612853994
446,3.201869941696114
447,3.3327815840352035
448,3.454566967124377
449,3.625497240177879
450,3.835735310252528
451,4.072492034898241
452,4.131734174039503
453,3.9647816304554886
454,4.103783813121012
455,4.087012624272032
456,4.158337019145227
457,4.981561553415662
458,4.938719109154541
459,4.7143768772509205
460,4.664913736101757
461,4.638926546049117
462,4.686006859644124
463,4.948334728152956
464,4.946644085240053
465,4.3848513785060135
466,4.01458113187538
467,4.33880156387137
468,4.135164401295904
469,4.325651526072459
470,4.915594034124029
471,4.821416346940672
472,4.841679616389729
473,4.851904371965824
474,4.814395936228979
475,4.678385003325762
476,4.710243824279275
477,4.514453707524963
478,4.309733765371778
479,4.486543789772969
480,4.519243486424167
481,5.170752164101823
482,5.05854788809816
483,4.59159031733227
484,4.198096713362106
485,3.9068379848522983
486,3.9133054701986425
487,3.7489093561736726
488,3.5144277482661237
489,3.421917159019732
490,3.593997241517909
491,4.0285775465069005
492,4.537611026618392
493,4.1531826285310345
494,3.8836071812967057
495,4.1451883727953
496,4.502728312119358
497,4.350077141466502
498,4.108172187629427
499,4.071425830919966
500,3.8089475938995108
501,3.563859126740301
502,3.044554087987985
503,2.1924413280292803
504,1.194812610253536
505,2.1512945736239
506,2.30408435738687
507,2.741601026363177
508,2.931520816454707
509,2.755345822932812
510,2.4392734347016405
511,2.4636092950182924
512,2.6201067343414755
513,2.0990977768450247
514,2.7024712735407315
515,2.838412144294324
516,3.173199423644343
517,3.367552556531086
518,3.4617845543877896
519,3.3801452465924453
520,3.4775820181219927
521,2.8354022517504585
522,3.048330716228792
523,3.2861871500534527
524,3.4485372543010997
525,3.254674407970324
526,2.8230061345871498
527,2.1983396654716167
528,2.068882567541052
529,2.314316431030986
530,2.5593853991635998
531,3.4761185208362404
532,3.6482896452479188
533,3.441706418334912
534,2.965531508712645
535,2.6639452846965863
536,2.351841970593549
537,2.2749635977946077
538,2.8994954637435675
539,2.948376460982067
540,2.876455497662462
541,3.3003148984643587
542,3.4742362051151767
543,3.60312514711064
544,3.7952648254974157
545,3.9759887533992653
546,4.241617910169514
547,4.400066386744917
548,4.28788960074336
549,4.007148175779849
550,3.9409577982535735
551,3.7539797509845734
552,3.8666282339312112
553,3.8580465586544306
554,3.384526849230082
555,3.190065001774622
556,3.332060937713748
557,3.7589435657450783
558,3.8633586763357
559,3.432758983138886
560,3.163976282543403
561,3.1040160663727603
562,3.379781198311045
563,3.7473862160132008
564,3.7529352562872536
565,3.856609767486892
566,3.9880153814364627
567,4.299863747463878
568,3.926300441520806
569,3.8848896251862386
570,3.880701331346752
571,4.352942364891386
572,4.554964878766827
573,4.511761588014496
574,4.3367306144586335
575,3.64994859718619
576,2.753459780494163
577,1.977374311324778
578,2.2516597471389224
579,3.1392494441813206
580,3.1124074328204645
581,3.613119806329694
582,3.8178485764705425
583,3.3040997908148824
584,2.9564518916929066
585,2.5773004667350525
586,2.7065487781677424
587,2.8124509750134146
588,3.190061846368207
589,3.4381455209096456
590,3.95788855056113
591,3.826413574857476
592,3.5701228741812874
593,3.766099334994218
594,3.86093474967569
595,4.05542970291922
596,3.9470880229334337
597,3.875998812440633
598,3.8867888086031126
599,3.729217150035902
600,3.7555217021548346
601,3.816144637166839
602,3.6514865156071465
603,3.808539027220048
604,4.177419045303123
605,4.433580288152547
606,4.170305689464997
607,3.394361193997484
608,3.2431642823760205
609,3.378289640202803
610,3.634004066487945
611,3.8453308779276347
612,4.118698213378591
613,4.402996620139056
614,4.704189290975948
615,4.858656355612975
616,4.355192999210985
617,3.728703466351335
618,3.9233818714511766
619,4.044892488102867
620,4.266016776032377
621,4.42467752785878
622,4.412795093399249
623,4.298846964315686
624,3.6211900283210143
625,3.2676428273245435
626,3.0849965452995
627,3.1010418701156746
628,3.1174890007759584
629,3.0808434707514265
630,2.9413969806860796
631,3.006779548497634
632,3.1674475584432717
633,3.306875662486889
634,3.8204283643048007
635,4.253044271871219
636,4.8674570986640875
637,4.721209933447191
638,4.185644352840923
639,4.574833475201535
640,4.517882886075841
641,4.590167346776731
642,4.495057748870699
643,4.922911098837029
644,4.909798416541285
645,4.609557182012786
646,4.7318153375612315
647,5.10980254680815
648,5.370929064914848
649,4.803459776665888
650,4.285124968560185
651,4.474636956995871
652,4.597386094868108
653,4.92458064141798
654,5.205024914812416
655,4.6234335784326905
656,4.632428286672445
657,4.449890463298807
658,4.638320901433577
659,4.812159129105755
660,4.913715861150907
661,4.79913321213692
662,4.741107817770885
663,4.707759802672428
664,4.236014582371289
665,3.824700803535289
666,4.080699357103116
667,4.650193919898755
668,4.941874930034828
669,5.269710618336203
670,5.503687930937228
671,5.562121541369534
672,5.829269159181799
673,5.8427168448202105
674,5.4374667451456125
675,5.083266979548173
676,5.134362445631072
677,5.53133386011912
678,5.812388496681208
679,5.638557677990766
680,5.296168902969025
681,4.857567132063356
682,4.606155520922184
683,4.560694722238756
684,4.364456289282627
685,3.9300096413591508
686,3.87035725958992
687,3.7646434320561557
688,3.8749488836721486
689,3.9037547561753825
690,3.9862712055446945
691,3.9910404785644213
692,4.056455740464781
693,3.958610313846782
694,3.795540630463722
695,4.45825868556042
696,4.965707769534909
697,5.202190851619213
698,5.171059095862409
699,5.57175153308708
700,5.945739792786767
701,5.571021352860188
702,5.145964841629181
703,4.533556866156984
704,4.131578155218077
705,3.521144508552709
706,3.359733557384793
707,3.2358904525960432
708,2.9762358248658827
709,2.5189669354573043
710,2.643587361895184
711,2.5384000169409555
712,2.7313984788572636
713,3.0647069577463752
714,3.0943097319215314
715,3.1157935421054064
716,3.088095351064805
717,2.758235461055482
718,2.2029372170988535
719,1.9651745498079203
720,1.8161646581434143
721,2.1580429662369225
722,2.8094578130172074
723,3.699573531413709
724,3.4776280158271886
725,3.7730824888560917
726,3.482850599127103
727,2.678053371924597
728,2.0481279607233844
729,1.6630022832943745
730,1.5097397217601605
731,1.7292387747304963
732,2.536539271423903
733,2.6654823691227985
734,3.0715880572199348
735,3.1501652818247843
736,3.181316307664503
737,3.4412930502714434
738,3.585783883776667
739,3.6535069921123715
740,3.8479618924362735
741,3.6713905766667385
742,3.932980734582449
743,3.4580995082472534
744,3.220276252075547
745,2.975092734430581
746,2.8587935013345707
747,3.134199175992149
748,3.2644061308416066
749,4.146732863345854
750,3.8678105210816023
751,4.109246371261653
752,3.7240959577476183
753,3.448328977270861
754,3.4965214691070283
755,3.691695645980217
756,4.179975800551674
757,4.423569707684804
758,4.538383463685377
759,4.690357657784901
760,4.594605462161969
761,4.548532883791842
762,3.883765418694216
763,3.640006390385711
764,3.3717767490190806
765,3.918408519086513
766,3.8094415584769115
767,3.111313891523437
768,2.635317354438402
769,2.3714322785860205
770,2.5457220376693543
771,3.1968130586017307
772,3.4748053098032496
773,3.8697410935940915
774,3.6748846274971294
775,3.4744739478141833
776,3.2897648023728796
777,3.1410112924746896
778,3.5118720582284326
779,3.8549073170219894
780,4.42656319617727
781,4.445388997536505
782,4.210334452953391
783,3.8043265370421513
784,3.1449132822218804
785,3.0375210198291307
786,3.378062606739149
787,3.699116928612006
788,4.1335210158415086
789,4.121246540363213
790,3.767668173435889
791,2.7943361041850525
792,2.073676265238127
793,1.805787492191056
794,2.268567830089045
795,2.842106814483663
796,3.0262231124290624
797,2.9329628265966377
798,3.113294808085727
799,2.7173342521934587
800,2.4487479296642607
801,2.838675500085343
802,2.7912379643731686
803,2.8431229701542056
804,3.129800643856484
805,3.649271757384676
806,4.093054963153511
807,4.204334227271621
808,3.8336751342325157
809,2.7496677500665596
810,2.597512890355162
811,3.1262496829193216
812,2.838850973065135
813,3.0825817448613764
814,3.2865556998216148
815,3.4201978544090332
816,2.8272658374852315
817,2.598169600602939
818,2.260997664463749
819,2.5925159081302107
820,3.0020872152674687
821,3.286633437451934
822,3.166516790723261
823,2.883609889458163
824,2.5300221675403365
825,2.670582197568238
826,2.8146010074068526
827,3.0973957232040616
828,3.455561697701719
829,3.5812440218988515
830,3.3322455306937995
831,3.4215110213691027
832,3.241951409579504
833,3.9322282316687973
834,4.530697378457362
835,4.914502204441495
836,5.007391609173283
837,4.323797073447837
838,4.368899566318666
839,4.130939816499904
840,4.018717875411698
841,3.98073362890765
842,4.136672758474801
843,4.397384661582294
844,4.207534790776679
845,4.15357947054734
846,4.007898534792798
847,4.210287460354629
848,4.255004285097242
849,4.237643625810149
850,4.432137853448864
851,4.263823906576058
852,4.900245285459624
853,4.7043364512483885
854,4.411654456489564
855,4.244237205211046
856,4.053322930340167
857,3.7258560843797395
858,3.6868875735070636
859,3.633652292999377
860,4.009319783182518
861,4.020835499255732
862,4.262051416939282
863,4.618901870429436
864,5.539498587322201
865,5.4647128421116316
866,5.077194881442746
867,5.214288093747427
868,5.758377626592184
869,5.899540885593825
870,5.783667067507636
871,5.22745767042251
872,5.15091151232744
873,4.883278950792356
874,4.941355419913641
875,4.809927037608129
876,4.9412700411690915
877,4.616350780551658
878,4.658487485078142
879,4.988255893137963
880,5.258490098411798
881,5.392062862958113
882,5.400638927463667
883,5.198968894113429
884,4.023484669409374
885,3.8255913317507404
886,4.772122305689705
887,6.1022420758562665
888,6.604972485983135
889,6.32909759266002
890,5.839485146993289
891,5.069591767424993
892,4.564797913259225
893,4.733522450285269
894,4.496345910627148
895,4.659999215560053
896,4.719207651995682
897,4.758688332147128
898,5.083922644413792
899,5.345163815395158
900,5.5857059462500755
901,6.071061695619681
902,5.890764096138973
903,5.758055636133521
904,5.0338133317884814
905,4.646211023348848
906,4.3400686371176995
907,4.36806382924808
908,4.4406637832786755
909,3.789555534491744
910,3.210698600595982
911,1.7771890637226615
912,1.8816481516715744
913,2.9188309230899114
914,2.9689291022393824
915,2.7916255050247827
916,3.0384586458667173
917,3.0695019377176678
918,2.9271301531219795
919,2.49519302555361
920,1.7985309893363561
921,1.6554053427282545
922,1.8386732802647259
923,1.9337734103724427
924,2.001743247378614
925,2.140869933889581
926,2.2191455634175514
927,2.380574263815691
928,2.0007404884926925
929,1.8281861950657707
930,1.654020930283964
931,1.7501022826556596
932,1.7341171033243343
933,1.6903092424565753
934,1.9649063386878578
935,2.0911929578525337
936,2.194814952478264
937,2.686021321192391
938,3.4720279244572447
939,4.002139385501489
940,4.630249455175338
941,4.554037605040323
942,4.49368705819236
943,4.69255167588303
944,3.6582594539671622
945,2.936848557679293
946,2.5980116896994647
947,2.661132632248768
948,2.5497198621808903
949,2.4429183381246156
950,2.532033781534834
951,2.7477660376941966
952,3.136715293112239
953,3.3095774626647434
954,3.67247235792997
955,3.6890799326849932
956,3.6700030086454576
957,3.5903784531302225
958,3.4040058241286926
959,3.1678393716196336
960,2.688895081833946
961,2.9440899087341608
962,4.163657439069729
963,5.320606065011685
964,5.498219943301048
965,5.837475258179082
966,5.4646432228277595
967,4.910072262304987
968,3.94350325931545
969,3.4022803638617414
970,2.575614839064177
971,2.446981342209034
972,2.6579847190097956
973,2.149234491153137
974,2.361881743671986
975,2.486834269982539
976,2.692276086188376
977,2.2903783828692563
978,2.3901328980255725
979,2.672153543438791
980,2.5209478008202355
981,2.4180347924676924
982,2.6605243447100633
983,2.518682695790468
984,2.4009012784780204
985,3.647332755829025
986,4.300250774133367
987,4.739709019978815
988,4.9794897372819715
989,5.65231002626245
990,5.498153043942545
991,5.01819579980167
992,3.985344227505393
993,3.16529306926946
994,2.9984868129527817
995,2.8537010462745567
996,2.744372258477548
997,2.9655400409603363
998,3.3295081729229037
999,3.544358364746755
1000,3.771446920820158
1001,3.7753004863585318
1002,3.940109565811708
1003,4.45563139411229
1004,4.758543176838263
1005,4.226197079604546
1006,4.141526316443636
1007,4.842746474663125
1008,5.269229767783245
1009,5.1288339695331935
1010,5.313467638671719
1011,5.511728752175805
1012,5.837972019516628
1013,6.157691313128658
1014,5.86842691898395
1015,5.327166538733964
1016,4.952246752151661
1017,4.909535229966806
1018,4.861922541962768
1019,5.292723071537107
1020,4.031779814194088
1021,4.021510450268547
1022,3.9280690398707447
1023,4.216301799934201
1024,3.6564311988575096
1025,3.642039694840509
1026,3.6534854915345902
1027,4.3183259521926045
1028,4.250658765432127
1029,4.187723615987243
1030,4.663647472338516
1031,4.77700329748002
1032,4.76939653833312
1033,4.70334017201937
1034,4.041200753818367
1035,3.91653833044383
1036,4.095634728209973
1037,4.598267160763493
1038,4.533213277738111
1039,4.51356462483567
1040,4.354117526637888
1041,4.085444257112952
1042,3.732277012526687
1043,4.290253015449777
1044,4.2916753298260035
1045,4.0657304074241996
1046,4.565699408814702
1047,4.113752392988546
1048,3.616924244527627
1049,3.222653106334136
1050,3.048550787903013
1051,3.1224071552942996
1052,3.246940184215542
1053,3.135867525827352
1054,3.2347929548841927
1055,3.2381327444650263
1056,3.698641722178422
1057,3.7823350581927735
1058,4.143510405678533
1059,4.543479058507528
1060,4.921553143555432
1061,4.824236558763487
1062,5.012888942298291
1063,4.780858880321557
1064,4.253950308675513
1065,4.226749000197916
1066,4.081848218739089
1067,4.158560485461414
1068,4.2424899521108435
1069,4.473533917810063
1070,4.266910424946453
1071,4.526810944972793
1072,4.275896373224874
1073,4.446386664519487
1074,4.490705271531803
1075,4.4003040682322405
1076,4.594442670583038
1077,4.976890820295838
1078,5.635550347031079
1079,5.535666767962675
1080,6.166358647094026
1081,6.304632254856958
1082,6.740907090319689
1083,6.538269901593974
1084,6.663171560158338
1085,7.15348533677784
1086,7.72972622591615
1087,7.679791782093526
1088,6.7840962590484795
1089,6.4975716904854215
1090,6.421027891359133
1091,6.058880611064106
1092,6.313776388560976
1093,6.014792724295081
1094,6.164788385969474
1095,5.825459099841381
1096,6.0605195258132865
1097,6.187641279292585
1098,6.41456726228
1099,6.330353281964936
1100,5.688336481136428
1101,6.015931913049946
1102,5.945254489500584
1103,6.051214588311819
1104,6.405925214761652
1105,6.495001805139339
1106,6.593162335586309
1107,6.580478932911675
1108,6.332925356559769
1109,6.488077612447821
1110,6.522582813126159
1111,6.2379933350866485
1112,6.297434117821742
1113,5.860839754616428
1114,5.708815788914417
1115,5.64611754634538
1116,5.608581808114904
1117,5.882586497093825
1118,5.757555430176109
1119,5.655860068704486
1120,5.6504372136129195
1121,5.767927591494288
1122,5.713413952808553
1123,6.30714299507146
1124,6.468348150712547
1125,6.517451160930691
1126,6.521578418292236
1127,5.8205451803607895
1128,4.92102504232213
1129,4.359155203139753
1130,4.684245619418044
1131,4.746541116225276
1132,4.733393051849086
1133,4.951925220385237
1134,4.9653569628029715
1135,5.085131568146827
1136,5.577749520937642
1137,5.653529365748303
1138,5.820846072554411
1139,5.704066014986773
1140,5.892445014422735
1141,5.520443273090092
1142,5.434874314503278
1143,4.778748752988234
1144,4.487345049674401
1145,4.083762536964278
1146,4.207298583158348
1147,4.531215127442635
1148,4.90445654830104
1149,4.798277154132007
1150,5.309882335094546
1151,5.648590054044353
1152,6.188152473287348
1153,6.056232655739781
1154,5.72143294128179
1155,5.539281296080346
1156,5.2516834206267635
1157,5.212530422564869
1158,5.372577913576617
1159,5.777762736682739
1160,5.49682800262467
1161,4.924372488603871
1162,5.394593957061176
1163,5.57106419525678
1164,5.847677886358712
1165,5.511116223742216
1166,5.265632601416507
1167,5.0199953211864115
1168,4.687158705836321
1169,4.275946316601415
1170,4.01093877037901
1171,4.121951111976566
1172,4.318898956254576
1173,4.4569667248162546
1174,5.478770299752506
1175,5.781735730968153
1176,5.633743775948772
1177,5.1293389942514445
1178,4.5568026794372765
1179,4.370194391906488
1180,4.291187805608273
1181,4.454674150396353
1182,4.075720297516641
1183,4.268575198632817
1184,4.307945642843199
1185,3.9687050417072958
1186,3.977018524195831
1187,4.058015966321253
1188,3.0757207313229125
1189,2.7003672080586054
1190,2.5596426218571158
1191,3.786262590728106
1192,3.7212375795700536
1193,3.548017483333926
1194,3.5383396281943993
1195,3.4400428531644334
1196,3.0368748752785772
1197,2.6293530996757104
1198,1.7951562198249336
1199,1.4500252622311227
1200,2.164755053000918
1201,2.3900004646053814
1202,2.3405965204139054
1203,2.7926050927290276
1204,2.8620187588859967
1205,2.741805015887819
1206,2.3032223483296064
1207,1.8978395841004279
1208,1.4708543949246733
1209,1.4960184988556606
1210,1.2009883978373512
1211,1.9062514295257937
1212,2.3090517462131364
1213,3.042745683312531
1214,3.3729718687526584
1215,3.0545916674812097
1216,3.118141419431652
1217,2.5244841200733483
1218,2.687894137057383
1219,3.2069932420035325
1220,3.803099370527462
1221,3.604311393204631
1222,3.182218764476347
1223,2.125294288429338
1224,2.6051695465275047
1225,2.784513219444383
1226,3.348747944357801
1227,3.81109361372992
1228,4.245085693661209
1229,4.5348002490144435
1230,4.936505071507931
1231,3.7288959376403508
1232,2.831042981030623
1233,2.729422750977812
1234,2.9327868241370134
1235,2.4402185500421547
1236,2.5419980355079166
1237,2.4644867938090655
1238,2.8065400740822914
1239,2.6376919325708834
1240,2.384325992170103
1241,2.5813365185963066
1242,2.78767843104628
1243,3.0442932896117787
1244,3.3681206738975193
1245,3.541847646856359
1246,3.665397075398849
1247,3.235262746394162
1248,3.283693775331796
1249,3.41214482092801
1250,4.464474493745223
1251,6.61693774614311
1252,7.294712938925463
1253,7.151865866336388
1254,6.615066183391937
1255,5.399178168395495
1256,4.091502726786884
1257,3.362044586696136
1258,2.8160472926903926
1259,2.4092832136802347
1260,2.103788707767014
1261,2.317457242851576
1262,2.1535380646897098
1263,2.343141242659316
1264,2.585659355211322
1265,2.432405474010571
1266,2.5830992898035396
1267,2.7701397701529262
1268,2.892656447547989
1269,3.2223262604169327
1270,3.0797774530264275
1271,3.092572485117398
1272,3.5455186468331035
1273,3.568113464362519
1274,4.596278774147318
1275,6.457564702396027
1276,7.342667815091121
1277,7.121221923398431
1278,5.981844297641322
1279,5.249812960160998
1280,4.002281484243106
1281,2.958290100119583
1282,2.3740189215978305
1283,2.046263973536803
1284,1.8405793696153965
1285,1.6703198777255854
1286,1.607733161750303
1287,1.6078888236815865
1288,1.72078970857998
1289,1.8448615597505
1290,1.8300975090011318
1291,2.079768342156225
1292,2.0053384816858286
1293,1.7525596097014777
1294,1.418277087491603
1295,1.5214036606007033
1296,2.2668463604487163
1297,2.466520222098298
1298,3.175877865073479
1299,3.92769291967258
1300,4.972406279078856
1301,4.942734613887137
1302,4.535205036421282
1303,3.889735944286842
1304,3.081653015034208
1305,2.713524602131506
1306,2.71105846679019
1307,2.172018325028691
1308,2.1185845283380984
1309,2.000574862443025
1310,2.017074245523218
1311,2.107979583474942
1312,2.305977868300004
1313,2.8074001906812667
1314,2.8441850524095647
1315,2.7030736072766652
1316,2.8942434045687735
1317,3.755822186260638
1318,3.837143205375441
1319,5.234858197957823
1320,4.974514016041108
1321,5.779773897494159
1322,6.235717550420009
1323,7.087703571352877
1324,6.641445757964192
1325,6.369407485022568
1326,6.155929538073131
1327,5.769703663703674
1328,5.724701463825294
1329,5.077846596467309
1330,4.689139953833785
1331,4.088852403210051
1332,3.690219084887792
1333,3.5147643056007496
1334,3.184652593670123
1335,3.0740400680097344
1336,2.850702998920561
1337,3.091111006564127
1338,2.8779542600306938
1339,2.6118815976071295
1340,2.545388740920292
1341,2.5794725191374748
1342,2.8463452989258644
1343,3.0137209457220955
1344,3.0170918351563025
1345,3.542144710670795
1346,4.333919269988363
1347,6.125871021726831
1348,6.530690151693616
1349,6.844679753645777
1350,6.498020858853997
1351,5.951144162787154
1352,5.613895124983437
1353,4.784894798942619
1354,3.4073096915612546
1355,1.952630376866987
1356,1.9959373803244347
1357,1.630902455246783
1358,1.156402258010579
1359,1.4844881797520537
1360,1.7177790026485582
1361,1.8290670784750216
1362,1.5604888431114363
1363,1.5564470797020133
1364,2.1416850941944467
1365,2.1786398523278114
1366,2.5101677771764384
1367,2.917027101226242
1368,2.94464007561232
1369,3.106980130251838
1370,3.5120403742781496
1371,4.247946999847726
1372,3.7107749992004666
1373,3.415700710292427
1374,3.336203144784872
1375,2.749550491133192
1376,2.3160285430448737
1377,1.8887817936445244
1378,1.8944946941778416
1379,1.8213063929700708
1380,1.9305353350968875
1381,2.227884215110566
1382,2.2996913847145954
1383,2.4358517006154754
1384,2.9388662220696804
1385,2.2579658670690224
1386,2.2178996321103313
1387,2.174197921170116
1388,2.1900769326671585
1389,2.156003067172155
1390,3.296806192212282
1391,3.435246705520937
1392,3.3963061478982812
1393,3.511682333778138
1394,3.5085486638350734
1395,3.837967214150612
1396,3.6349536645317615
1397,3.9214015563464915
1398,3.4929978396670545
1399,3.189313100270423
1400,3.101821648333832
1401,2.693908350955224
1402,2.510139757312148
1403,2.1913091860783487
1404,1.920714943256433
1405,2.341049991245324
1406,2.128618690574821
1407,1.9188085893612548
1408,2.327486210102722
1409,2.300483498515546
1410,2.257997799523235
1411,2.3940175886321136
1412,2.4324841858687978
1413,2.5604876324836554
1414,2.9812809936852047
1415,3.5379695255331387
1416,3.2586017056184557
1417,4.054324408462563
1418,4.796730922302276
1419,5.762004074606549
1420,6.21343159061329
1421,6.345634209167925
1422,5.440083801499534
1423,5.7582855434008735
1424,4.129797456872836
1425,3.6617077381037824
1426,3.120950411669485
1427,2.973571670924354
1428,2.353031698419833
1429,2.2240884064050452
1430,2.331046663437611
1431,1.8635245820001054
1432,2.2106785016259773
1433,2.262713613886417
1434,2.536908296028023
1435,2.567189643679361
1436,2.009494674618363
1437,1.7895107318119128
1438,1.7853267239790933
1439,2.595394456658628
1440,2.9178476941926963
1441,3.1700115301507075
1442,4.003474832547268
1443,4.102067643930296
1444,4.483358834330501
1445,4.368551327343148
1446,4.177266549586076
1447,3.628061199081484
1448,3.3463482331079666
1449,2.8965848778102896
1450,2.2899945847967946
1451,2.014648203621938
1452,2.1696051357732022
1453,2.1510182903003905
1454,2.3415265021224108
1455,2.4777163434351586
1456,2.9649504360785133
1457,2.2753983379223395
1458,2.7804790112098177
1459,2.5028232085531066
1460,2.6908171807966013
1461,2.919094898901167
1462,2.538783746525004
1463,2.2397635437615424
1464,2.5926582490026306
1465,3.3071267310896664
1466,3.570178402908282
1467,3.6561534647711134
1468,4.253054211333631
1469,4.56361819482028
1470,3.9287680326195873
1471,3.6102724892161846
1472,3.157131345036032
1473,2.6655971302620776
1474,2.767039612388647
1475,2.8156596428324776
1476,2.8877244925665506
1477,3.105240848935059
1478,3.2615309995504123
1479,3.5298396806846144
1480,4.025200083985302
1481,3.9087581287603874
1482,3.825570022846634
1483,3.87068245175565
1484,3.7380465775432157
1485,3.7469588456740546
1486,4.151083476438508
1487,4.958664162076074
1488,4.93855693750503
1489,4.962704484033911
1490,6.040058735455342
1491,7.2555905063364285
1492,7.428042400958587
1493,7.443619858446421
1494,6.913469916932843
1495,6.565569818790681
1496,5.89014571993067
1497,5.164073482240231
1498,4.4926754512903555
1499,3.9913130107232235
1500,3.536381053246676
1501,2.8216599484816918
1502,2.431161047548762
1503,1.938297793598603
1504,1.9903829942081754
1505,2.086390052534858
1506,2.0189914913935394
1507,1.9685149393202275
1508,2.0417329912913713
1509,1.8037536820946085
1510,2.450567896783301
1511,2.692137833502491
1512,3.0089581879247325
1513,3.3694437393927457
1514,3.4602658420486407
1515,3.8722297333912308
1516,4.252142611511423
1517,4.520690958232805
1518,4.502624104564077
1519,4.224558790491319
1520,3.3760678056840945
1521,2.741299105786305
1522,1.9332154857737422
1523,1.8902498571331352
1524,1.6754065480485154
1525,1.8058524984468738
1526,1.9273022040199903
1527,1.8271344871086326
1528,2.1294639314385924
1529,2.614170010060252
1530,2.553036239706207
1531,2.7111127306326006
1532,2.5925606600879596
1533,2.392887112578322
1534,2.3623266718055977
1535,2.045300138118801
1536,2.6142183719165715
1537,3.2733760101435125
1538,3.9082513222930824
1539,4.869984114961975
1540,5.0039252620242225
1541,4.647242891421546
1542,4.860701920388688
1543,3.807078684453722
1544,4.04501040180541
1545,3.181914408142012
1546,2.665395542681319
1547,2.609767243333689
1548,2.6730170011787533
1549,2.9735497077789312
1550,3.236698294416711
1551,3.253360522726836
1552,3.195879488048215
1553,3.0679835709086642
1554,2.664144893889697
1555,2.383058092085007
1556,1.9569149664149283
1557,1.9947248023341082
1558,3.1213035806334926
1559,3.351323555124665
1560,3.1132335710931134
1561,3.2072078367712136
1562,3.9856196595540294
1563,5.1316490390504494
1564,6.141950320815845
1565,6.475878543296613
1566,6.204352766738465
1567,5.640108310783865
1568,5.220423734062192
1569,4.344267541269794
1570,4.027290323165685
1571,3.4961586303491066
1572,3.4506931906983342
1573,2.945508255215726
1574,2.7807750122842414
1575,2.52985419425459
1576,2.482654634018834
1577,2.370211933099004
1578,2.4250361445367488
1579,2.4573647676553314
1580,2.4950736040692107
1581,1.9294306091566966
1582,2.064119346980094
1583,2.6576516447255725
1584,2.923339635401063
1585,3.4392134745531644
1586,4.0926851945963065
1587,5.521029712745624
1588,6.365827980807594
1589,6.724742130635699
1590,6.014373088076161
1591,5.339231241241731
1592,4.09621875571913
1593,3.0753148775964245
1594,2.4862838939264162
1595,2.1790576193581135
1596,1.9345050233827952
1597,1.6738556325963394
1598,1.9684983687693733
1599,2.027504927704119
1600,2.231841644065487
1601,2.288694312955062
1602,2.887636836041893
1603,2.8073304337297302
1604,2.632491484453315
1605,2.2188348045950494
1606,2.4729100108792856
1607,2.119938153118236
1608,2.321542625409389
1609,2.628635907014184
1610,3.4693126355308523
1611,4.418366546519377
1612,4.984789721210713
1613,5.666609823336392
1614,5.552509568956818
1615,5.2657365093344914
1616,4.334670247504008
1617,2.7840584886007917
1618,2.395837218650613
1619,2.014354464892488
1620,2.0222227227543117
1621,1.9390667739787129
1622,1.9824454779307767
1623,2.289875582887368
1624,2.563501281413663
1625,2.7847141276846092
1626,3.0050997197154707
1627,2.9792671320537196
1628,3.090814330612
1629,2.982319625508108
1630,3.2911240820050596
1631,3.0590035905134023
1632,2.8658684778476653
1633,2.7468312931445857
1634,4.138773263237881
1635,5.110039130508611
1636,6.365530125717097
1637,7.135119702581532
1638,6.236192439655353
1639,5.3374714022851375
1640,4.214086486423001
1641,2.7472687183523137
1642,2.257781969121081
1643,1.9419082277954847
1644,2.0506449708416734
1645,2.2650388858639756
1646,2.495971579162689
1647,2.5539742287097886
1648,2.7063366808802694
1649,2.9059094077638274
1650,2.9029897541342056
1651,3.039666790214309
1652,3.097060950810892
1653,2.742777471987885
1654,2.032059744659751
1655,3.1886419349709585
1656,3.7773206696445585
1657,4.536168087225328
1658,5.360633580191515
1659,6.162369640447486
1660,6.1673569058126745
1661,6.363531626187016
1662,6.208849760038774
1663,6.451058103792636
1664,6.61130278403
1665,6.687379972633852
1666,7.225119329834968
1667,7.870397378860833
1668,8.547031606994569
1669,8.659179374201065
1670,8.64038108016435
1671,8.236987736093022
1672,8.056033602416777
1673,7.716905767460544
1674,7.54009225619812
1675,7.555274289584788
1676,7.328563412151953
1677,7.556543630267881
1678,7.711703284821536
1679,7.755025877892375
1680,6.693376317299375
1681,7.008601082307712
1682,7.336627595255697
1683,7.373444543299858
1684,7.24238496187804
1685,6.188852983741262
1686,6.0203780345828495
1687,5.573893780795153
1688,5.431670219082785
1689,5.307916492228535
1690,5.4501753608057415
1691,5.213117822758581
1692,4.912883178709143
1693,4.935411441590022
1694,4.853575800843338
1695,4.9989822363046335
1696,4.8579448984148765
1697,4.653123312460735
1698,4.664995435031356
1699,4.5305137824176045
1700,4.01585882469706
1701,3.93132088848792
1702,3.714376488551885
1703,3.698882413273127
1704,3.8769460066101136
1705,4.232049187971314
1706,4.32814340431003
1707,4.634387031320299
1708,5.030698192871215
1709,5.068839357101763
1710,4.974272057282474
1711,4.559121779447657
1712,3.5510962411030786
1713,2.8830584880549908
1714,2.321302391216011
1715,1.9444518944224183
1716,1.9745547660652814
1717,2.031469777634921
1718,1.7890115424102617
1719,1.9033452799838784
1720,1.9726505170451338
1721,2.227440861646577
1722,2.5084099336679504
1723,2.5046385085897276
1724,2.6312868922831685
1725,2.658381611719295
1726,1.9313257113728102
1727,2.310247124474953
1728,2.6314475757350575
1729,3.504364953496367
1730,4.734447386468841
1731,5.621244524435611
1732,5.852030453895899
1733,6.14838944413572
1734,6.255270200782697
1735,5.23445346566131
1736,4.6988893901186115
1737,4.30296752511463
1738,3.9109451480612036
1739,3.8806667067901257
1740,3.9533200485475044
1741,4.0969272569380415
1742,4.182197411348413
1743,4.469212283831723
1744,4.839963673813905
1745,4.007929607246933
1746,4.1436886197757214
1747,4.390821885329919
1748,4.553105175217607
1749,4.744276461769711
1750,4.950172577011978
1751,4.994981017980904
1752,4.907560024739183
1753,4.833677120722815
1754,4.253715201716993
1755,3.7463635198188854
1756,3.471059048248177
1757,3.5124568845370714
1758,3.963610182390989
1759,4.343002432692676
1760,3.958401191604261
1761,2.8691170607052725
1762,2.088091343023136
1763,2.4108238881013873
1764,3.2465738248221125
1765,3.2949202691180846
1766,3.5605601294721394
1767,3.9552835171293794
1768,3.762094845778546
1769,3.6505187798714127
1770,4.372343311776132
1771,4.703077472720226
1772,4.7553661709472825
1773,4.785736782151372
1774,4.665321711115465
1775,4.521245384091242
1776,4.168822738065538
1777,4.300167219670045
1778,4.344970697772443
1779,4.347660173412419
1780,4.336324163511885
1781,4.420063382365053
1782,3.754269063756444
1783,3.184318371677718
1784,2.8581042482589796
1785,2.4116527392008766
1786,2.3488517349935574
1787,2.3839993675096864
1788,2.1201272773590043
1789,1.9018266714189545
1790,2.3354960218791576
1791,2.3134774879573046
1792,2.6822569379037993
1793,3.445809465561622
1794,3.119864796155958
1795,3.1872149451890603
1796,3.421711680582646
1797,3.723550885471182
1798,3.128610546096591
1799,3.1758666842385743
1800,3.391532842993043
1801,3.8004993645662952
1802,4.160236022891107
1803,4.287104263099411
1804,4.264008031932683
1805,3.9996920933005775
1806,3.5632993256025163
1807,3.0827221943670504
1808,2.774977780003051
1809,2.5776221579384733
1810,2.49455675514368
1811,2.536471069892675
1812,2.1706257984016997
1813,2.1168998385974143
1814,1.8690062880835576
1815,1.7373637911159694
1816,1.6710036897955254
1817,1.8600385109428823
1818,1.7908038679811524
1819,1.8354442856011717
1820,2.0460346957100017
1821,1.8029521321337343
1822,2.1597641002423598
1823,2.1639893565651613
1824,2.3656411125572214
1825,3.3979113574407642
1826,4.857148514754268
1827,5.540630331303198
1828,6.273408530126291
1829,6.261821044627671
1830,5.760252192522389
1831,4.961848697633423
1832,3.797393752445102
1833,3.2573438623738764
1834,3.113038696139347
1835,2.9843203157313773
1836,2.955259001280487
1837,2.838574653334881
1838,2.718933150179689
1839,2.330778572746222
1840,2.6711669629494463
1841,2.895183608977829
1842,3.031521751349093
1843,3.1133454324704335
1844,3.1980004184364668
1845,3.6405644812967237
1846,4.471511233905502
1847,5.202770274285658
1848,4.76299683002873
1849,4.870073465612825
1850,4.947828511039491
1851,5.742588623228201
1852,6.935373220836058
1853,6.334707317305025
1854,5.678606357059348
1855,5.087833664658267
1856,4.707745935385356
1857,4.521895118586041
1858,4.269980206840656
1859,4.308127839074421
1860,4.167790537177251
1861,4.11612254787988
1862,4.293706025907492
1863,3.7560834751690932
1864,3.7926909532408417
1865,3.4390355930740637
1866,3.0009920925535396
1867,3.132162453793641
1868,3.4805350876071977
1869,4.252218362127328
1870,4.654294622757969
1871,4.6095597462685785
1872,4.067014257261712
1873,4.017592284177096
1874,4.8900121902269085
1875,6.2041346966211215
1876,6.672070916624047
1877,5.981955305290297
1878,4.741627715941336
1879,4.208269068118346
1880,3.670592858645345
1881,3.0645965203634735
1882,3.2560890255661112
1883,3.053635596861277
1884,3.029408164530881
1885,2.7830838363515746
1886,2.4574290613655867
1887,2.31949377178322
1888,1.8685498464535617
1889,2.1034499844399344
1890,2.183559875207547
1891,2.3852076196849046
1892,2.142374366393069
1893,1.881096306079936
1894,1.9533286113982882
1895,2.2330008634043716
1896,2.706066338841462
1897,4.0862747171766385
1898,4.961348616673047
1899,6.470420559752739
1900,6.784945821867613
1901,6.7284939700330915
1902,6.120129916855179
1903,5.235113290908427
1904,4.059178689875932
1905,3.5992879787636456
1906,3.3013588358484083
1907,3.023865853324221
1908,2.9613337392444894
1909,2.572012392268507
1910,2.4776950665898414
1911,2.5569238288935487
1912,2.3741341711695925
1913,2.3998093654908828
1914,2.3637110299447186
1915,2.6617058368110844
1916,2.8085976414609597
1917,3.311158000260285
1918,4.017282481680924
1919,4.571760970542155
1920,4.706719321312213
1921,5.290829890992952
1922,6.313099172382635
1923,7.55399951422392
1924,7.1291677938326155
1925,6.660249214563929
1926,6.176174124710706
1927,5.35825910775508
1928,5.206013301906349
1929,4.832878405983725
1930,4.769838898186464
1931,4.198383684204186
1932,3.738040468908952
1933,3.3880607155211133
1934,3.2648352380566235
1935,3.0918498292130105
1936,3.2445382114931336
1937,3.436403288469268
1938,3.7528047095256114
1939,3.551186243790188
1940,3.799255350907802
1941,3.99777821681761
1942,4.743035923789195
1943,4.760854396811251
1944,4.776011781270872
1945,5.846664575780898
1946,6.791570785894517
1947,6.603055239231165
1948,6.760342751291951
1949,6.569333769302215
1950,6.016048653937689
1951,5.572114389137478
1952,4.597011890151905
1953,4.055194016615206
1954,3.6922004552107013
1955,3.1857318774138115
1956,2.869598735593087
1957,2.1582252082387696
1958,1.8070753991302617
1959,1.9213931673833224
1960,2.042239306627891
1961,2.0627917926193815
1962,1.7824199591935181
1963,1.315905741631279
1964,1.0936054421287404
1965,1.180422304061682
1966,1.8347043539997714
1967,2.7113231395009207
1968,3.5783361070063773
1969,4.381471422103566
1970,5.251944985563169
1971,5.6528395639257125
1972,5.939247082761411
1973,6.6432611925487
1974,6.314263863459252
1975,5.954779469970331
1976,4.949198418115274
1977,4.0684890526778315
1978,3.172079958988144
1979,2.484160240062949
1980,2.099030577479378
1981,1.8759475736246767
1982,1.4278149385169314
1983,1.439946248902437
1984,1.3290700126387165
1985,1.3312441194119953
1986,1.8006478051120423
1987,1.8791492769337879
1988,2.0162718803154074
1989,2.0424640592156775
1990,1.897044701012678
1991,2.0781339854307967
1992,2.930617088923777
1993,3.8069069990029507
1994,4.517858048049611
1995,4.914248839795381
1996,4.979062806609907
1997,4.885340656536953
1998,4.542877935297845
1999,4.283331849275334
2000,3.5907659108859664
2001,3.221326283472885
2002,3.1569679751268604
2003,3.08366467459228
2004,2.9395734922238033
2005,3.1337974348443245
2006,3.841600661996973
2007,4.044490217557891
2008,4.20095584322919
2009,4.662908854402401
2010,4.7112628050627645
2011,4.547825079888262
2012,4.729038519307368
2013,4.993525770007367
2014,5.52682552444768
2015,6.1686028849058765
2016,6.815925405976909
2017,7.380725358202463
2018,7.712959713112886
2019,7.805349661362362
2020,7.52084184299777
2021,7.676255785399763
2022,7.0802390909875506
2023,7.368298560995211
2024,7.12494678573793
2025,7.504357076368049
2026,7.325040340489793
2027,7.072513489133847
2028,6.597154898713741
2029,5.629227330544302
2030,5.737760069888653
2031,5.767246423163712
2032,6.153769589267229
2033,5.73178615852727
2034,6.390036118893237
2035,5.430980090513322
2036,5.320842630401886
2037,5.292368100455628
2038,5.761496055940544
2039,6.079251823635576
2040,5.689836088478866
2041,6.063719004031544
2042,5.867370084243506
2043,5.653562175828908
2044,5.630285222364191
2045,5.408298843459935
2046,5.2283719541815525
2047,4.869419938526246
2048,4.405706203476703
2049,3.3162742780361105
2050,2.6463787486465704
2051,2.443777840229545
2052,2.8778568871437478
2053,3.4125499860520323
2054,3.3296836241906496
2055,3.296048876153481
2056,3.6205499529994998
2057,3.7521708475227746
2058,3.8213410701303654
2059,3.715824062194374
2060,3.8088306341530775
2061,3.900228811755729
2062,4.607072584293407
2063,4.567820853713591
2064,4.938159498403424
2065,5.228927722356192
2066,5.506184205941401
2067,4.945462844880201
2068,4.818635953116177
2069,4.584153152133738
2070,3.928194550522167
2071,3.4653210511527384
2072,2.915478524671581
2073,2.547128827603369
2074,2.7870535093941022
2075,2.856435132844522
2076,3.0257021736398624
2077,3.1343552720422405
2078,2.8080319680079513
2079,2.1269835812533344
2080,2.1194864975344325
2081,2.3169344673759578
2082,2.9377472688600186
2083,2.9038896509493353
2084,2.70393137889594
2085,2.2551079248055026
2086,1.9251613608013878
2087,2.2869625386702066
2088,3.1657284561504797
2089,4.16864756752137
2090,4.92140579848657
2091,5.0081650356841525
2092,5.169222768140071
2093,4.974695238393192
2094,4.99820181607753
2095,4.746986692244468
2096,3.7417579178876137
2097,2.6087539550167707
2098,2.2267539968138648
2099,1.916387610085738
2100,1.826065379083334
2101,1.7725771853138133
2102,1.791397201041623
2103,1.741114943470683
2104,1.743735426594947
2105,1.7057656295897328
2106,1.8214095118128986
2107,2.0797331958577305
2108,1.7173710675314102
2109,2.3036825978578808
2110,2.804166221859391
2111,3.134287188475803
2112,4.2103696508607005
2113,5.908826668262162
2114,7.486134525113835
2115,7.6139897543013335
2116,7.7568752743647025
2117,7.442632239931088
2118,6.609718620367547
2119,5.838063944837573
2120,4.280032472318876
2121,3.3844370391444842
2122,2.8810580341184995
2123,2.6247109248984555
2124,2.55562295723218
2125,1.867152602368912
2126,1.7082460274717266
2127,1.4852437078065803
2128,1.3767029437511529
2129,1.3799380751733739
2130,1.5176077781310247
2131,1.4973676109166207
2132,1.5922362072049945
2133,1.6454620589170055
2134,1.9757866261320132
2135,2.719549930967232
2136,3.181927563695425
2137,4.760115406301358
2138,6.397716238693291
2139,6.531752688298297
2140,6.630891285596959
2141,7.029748940454712
2142,6.251579200102831
2143,5.5604194558482885
2144,4.556346162223363
2145,3.606867334196329
2146,2.6814994172071525
2147,2.0614891512320273
2148,2.060265568299668
2149,1.6554923266352555
2150,1.8846358313416758
2151,1.7273772361702338
2152,2.1937230581430875
2153,2.3643709980758953
2154,2.351469966482617
2155,2.879475363429743
2156,2.6876580806202717
2157,2.1308460278325274
2158,1.765123500188062
2159,1.8602188470369374
2160,3.361250199602491
2161,4.355748567765617
2162,4.500836799609675
2163,4.716847158703328
2164,5.204857752679027
2165,5.276723754756534
2166,5.221640274530006
2167,5.499986702883751
2168,5.196712044804087
2169,5.052746960091544
2170,4.752541998294323
2171,4.657937764946085
2172,4.858732314022078
2173,4.228940978769851
2174,4.380591422683846
2175,4.765523586729983
2176,4.7302203765447075
2177,4.61827118749431
2178,4.591323086596924
2179,4.198962103359277
2180,4.3528861583606515
2181,4.67511836440484
2182,4.840652462719204
2183,4.944504592963423
2184,4.971302348664367
2185,5.428534591015844
2186,5.345978530639564
2187,5.517087281661239
2188,5.295847884211775
2189,4.9768045522002025
2190,4.426851731837961
2191,4.416380743550111
2192,4.278633548338835
2193,3.19826287949051
2194,2.938785234737939
2195,2.527424865862959
2196,2.40295977086193
2197,2.4388167210114355
2198,2.1991575606705784
2199,2.209047190976825
2200,2.0539382035547935
2201,2.352139002479269
2202,3.028043030165917
2203,3.225140125002635
2204,3.4940510383583465
2205,3.737490330428198
2206,3.9073807678482595
2207,4.450381032239305
2208,4.5330817695225765
2209,4.487278092105967
2210,4.889551105415814
2211,5.998558625757637
2212,7.092808724923862
2213,8.108362475942203
2214,7.494395709925572
2215,7.272659424153801
2216,6.307295386301164
2217,5.888705972730619
2218,5.533905321935788
2219,5.006613102558595
2220,4.921072918606897
2221,4.578430917439978
2222,4.123144364559565
2223,3.693207696757412
2224,3.2461000856009594
2225,3.282654917443624
2226,3.1198758113687557
2227,3.222799849880702
2228,3.3504921665333485
2229,4.034493818531422
2230,4.546919439482492
2231,4.866611263689934
2232,4.8394017537285405
2233,5.0555125466352475
2234,6.22769269013355
2235,6.35137604592682
2236,6.3672649556766805
2237,6.117568171684377
2238,5.008886015781787
2239,4.768508145009396
2240,4.4389850962617
2241,4.545979476664884
2242,3.4026140116017096
2243,2.7730075296992704
2244,2.7327126586891564
2245,2.5345511275105057
2246,2.7501427296265755
2247,2.294240407845429
2248,2.5026788815267986
2249,2.380137705267169
2250,2.345259268440727
2251,2.1854520514330926
2252,2.403082991326877
2253,2.265356279896762
2254,2.182919218758921
2255,2.2386477969450547
2256,3.285692170352509
2257,3.742980190571386
2258,3.8728784468582838
2259,4.524401917667284
2260,4.87052085077009
2261,5.032179687021752
2262,4.212741658234151
2263,3.8285835999947824
2264,3.25104145289381
2265,2.87333804679311
2266,2.691446808942193
2267,2.6150595152817675
2268,2.5721011834843988
2269,2.4909327572647397
2270,2.2910822288666566
2271,2.462162675749746
2272,2.6894411556589644
2273,2.759529694821212
2274,2.497209616810877
2275,2.2535059010349587
2276,2.5351370851144086
2277,2.5901091690294784
2278,3.1842549066137398
2279,3.401243469535778
2280,3.7617900957139785
2281,4.148479283772813
2282,4.635782717942548
2283,4.780065659787459
2284,4.599499184606601
2285,4.635138383315522
2286,5.081272390919819
2287,5.088637846136737
2288,4.337012332698825
2289,3.3350299741842764
2290,2.6584079984237152
2291,2.172794494405127
2292,1.8509081301741566
2293,2.01341572763522
2294,1.9884600241010286
2295,2.1613067716745933
2296,2.4300462821598448
2297,2.664965229648114
2298,3.001976131951111
2299,2.8561627673680325
2300,2.9705248026294284
2301,2.774654103188582
2302,2.819729187900161
2303,2.736270371648431
2304,2.8000723522145288
2305,3.5419494681622723
2306,4.592919445620546
2307,5.531125168434869
2308,6.423576985259719
2309,6.841998760697047
2310,6.197947675585465
2311,5.270237992245563
2312,4.2303068484244
2313,3.342702687701678
2314,2.564373519801145
2315,1.9039383891227994
2316,1.6834011083630263
2317,1.652707369135275
2318,1.7983721944897701
2319,2.0912521055027202
2320,2.183248278488857
2321,2.1786692049534357
2322,2.2374876193931277
2323,2.686478046601914
2324,2.6089123588359784
2325,2.082877893386769
2326,2.4568760081255916
2327,3.292394823008452
2328,3.5124310908032976
2329,4.119479008460819
2330,4.218502953243714
2331,4.468067399106635
2332,4.627605676316321
2333,4.192088678446262
2334,4.083286612124788
2335,3.657500448357871
2336,3.4134208752800768
2337,2.9278243388330503
2338,2.4172715090774664
2339,1.8836669641634927
2340,1.9059793182910323
2341,2.0612078083976537
2342,2.720765459245447
2343,2.351880006190009
2344,2.634837814174716
2345,2.6284117158179314
2346,2.632458578218118
2347,2.6084041289958804
2348,2.4182599549400083
2349,2.72668367391076
2350,2.683272762492245
2351,3.0772000804228528
2352,3.266842418982141
2353,3.385533192149968
2354,3.7203355489264522
2355,3.9820037111758855
2356,4.122637731940092
2357,4.539075377313746
2358,4.30849552472029
2359,3.9611959864871547
2360,3.618952445406878
2361,2.972565060423457
2362,2.662289560839808
2363,2.361783378320394
2364,2.284339235945257
2365,2.4163568911480198
2366,2.763097047569731
2367,2.692335667053856
2368,2.863664240326667
2369,2.8315864879858474
2370,2.7081717300741532
2371,2.777532447071924
2372,2.8942848775716623
2373,3.189805901051202
2374,3.6229585936131223
2375,4.227759549313576
2376,4.2501790545422145
2377,4.652125462736621
2378,6.212799964951338
2379,8.113321459019371
2380,8.29930902501595
2381,7.856826049253425
2382,6.526650875121906
2383,5.973916461935991
2384,5.331045163906175
2385,5.390525474333065
2386,4.796063324136089
2387,5.003461091735786
2388,4.5093709440235985
2389,4.007498677962802
2390,3.5699938008646885
2391,3.548557530570136
2392,3.485548886361416
2393,3.169956625172176
2394,3.031339367826469
2395,3.0753402523560585
2396,3.556570600129283
2397,4.109247061464761
2398,4.989134517171739
2399,5.6999812847489135
2400,5.468891859969932
2401,5.559820736067298
2402,6.19776946361223
2403,6.741646046766451
2404,6.806230424133305
2405,6.452076590133565
2406,6.197991431987572
2407,6.085937870944596
2408,5.844827841830152
2409,5.851805885271592
2410,5.243806974040719
2411,5.063345430878823
2412,4.499867307685365
2413,4.081612857968521
2414,3.974391620185821
2415,3.5675128772877596
2416,3.3212034443759486
2417,3.1427241855445063
2418,3.00895619268509
2419,3.269114136339339
2420,3.3088146062993213
2421,4.158778460320352
2422,5.298665448197206
2423,5.537702981778325
2424,5.15961215891126
2425,4.763197853442345
2426,5.181478533036662
2427,5.94434795899382
2428,6.29670398488223
2429,5.99846596157023
2430,5.7572824528342625
2431,5.220004373854298
2432,4.969211792598005
2433,4.759825841753562
2434,4.8720749274331085
2435,4.909312548111189
2436,4.839858354339255
2437,4.902207983165522
2438,4.907080532113277
2439,4.863165641270331
2440,4.729172885736495
2441,4.766039586022587
2442,4.244264581288739
2443,4.140698413747092
2444,4.9409226683919885
2445,4.893016826905768
2446,4.5782071430256295
2447,3.8645179989085268
2448,3.380602772613034
2449,3.537945872232417
2450,4.292286634283044
2451,4.403816381816037
2452,4.359380756691277
2453,3.9183722976627644
2454,3.2461954124992634
2455,2.7394370349132195
2456,1.9925395568074808
2457,1.6388431033841875
2458,1.9786927588161305
2459,2.4993619230235415
2460,2.8140123861152833
2461,3.5186615639772434
2462,3.6319909797645336
2463,3.7691181524494346
2464,4.094894208564347
2465,4.50157601561487
2466,4.647804745927948
2467,4.170210175732469
2468,2.8171731176011314
2469,2.8489118433239264
2470,2.280174366749406
2471,2.7605975191779226
2472,3.2610123835306646
2473,3.6379275105997695
2474,3.726565808688353
2475,3.0473334378646286
2476,2.7564296175798337
2477,2.3871520203479735
2478,3.1890472373301284
2479,2.8697649848005806
2480,2.416387717599382
2481,2.4099238081847103
2482,2.1600305853778634
2483,1.771994331460622
2484,1.7266007694459313
2485,1.801357136390152
2486,2.2427956617974028
2487,2.113981623412133
2488,3.0544802113327294
2489,2.9982789542713797
2490,3.0424317845020834
2491,3.5133882741229185
2492,3.6747421970833116
2493,3.660655917469398
2494,3.3912924471091372
2495,2.9468767413062538
2496,3.0577051392949635
2497,3.281902458618864
2498,3.534825949440497
2499,3.891249893273884
2500,4.523697119491466
2501,4.486840454343801
2502,4.291800324331972
2503,3.6396316506981035
2504,3.366587875399875
2505,2.950861385680475
2506,2.8412409818459974
2507,2.6292747785788024
2508,2.2638227648746754
2509,2.4872814640110623
2510,2.671330495737325
2511,2.650211509966403
2512,2.43704360935984
2513,2.2889560543292875
2514,2.2248965605714988
2515,2.137020311000954
2516,2.5535471527201343
2517,2.70859099585083
2518,3.12156104832681
2519,3.562543306700497
2520,3.9881359687665503
2521,5.065772185673863
2522,6.482843235777763
2523,7.554325144052727
2524,7.587307981598952
2525,7.629642293988384
2526,6.9468461860067015
2527,5.416417862764046
2528,4.471223674869972
2529,4.268545398465912
2530,3.6756874218532785
2531,3.3945715229219755
2532,3.293746977039999
2533,3.2373209106474463
2534,3.0399323331057646
2535,3.3418123223874105
2536,3.460891307107437
2537,3.95534452048727
2538,3.664147735623396
2539,3.5969912555278225
2540,3.9240085310584982
2541,4.705939746037199
2542,5.434715546371869
2543,5.762837674204819
2544,5.452029805088464
2545,5.773022937332515
2546,6.007976261089343
2547,6.611122702594832
2548,6.956276630006363
