,Ridge_ensemble
0,1.9366525775746986
1,2.1709897562691394
2,2.6709775095939206
3,3.0486258790895984
4,3.4072213011003805
5,3.4940238968475157
6,3.2234916739314885
7,2.705947274172498
8,2.3309249490503356
9,1.9273835606569623
10,1.7760212966856317
11,2.0322800099134373
12,2.2208266692314207
13,2.203283870537488
14,2.8912636932030713
15,2.9753658446848252
16,3.404749892682613
17,3.443282880582803
18,3.6761618781715915
19,3.6864469039397108
20,3.823322126490349
21,4.03550839950173
22,3.8653355844817057
23,3.899796345217068
24,4.492693409802579
25,5.34586629285933
26,5.591790108834777
27,5.684628929329884
28,5.667495101501398
29,5.789285215933777
30,5.257357194468108
31,4.917527517654436
32,4.619313780433654
33,4.638861911353789
34,4.329564657027479
35,4.429371777665397
36,3.9672954607191757
37,4.847238007741665
38,5.123096640500108
39,5.175253636210889
40,5.383861018503596
41,5.32138341367386
42,5.7713929790475476
43,5.574571591171729
44,4.6225150662418235
45,5.055667682831522
46,5.33303475891943
47,5.509315460640495
48,6.017685552692567
49,6.5903764687767925
50,7.172571988631317
51,7.275315601284514
52,7.614277572390235
53,7.713768948955188
54,7.221020666885287
55,6.813419214222009
56,6.371205320463071
57,5.813670102827313
58,5.25921375798413
59,5.352547695195226
60,5.393710491641347
61,5.5178065209436316
62,4.98253287866128
63,4.941874446862088
64,5.365566457968567
65,5.16454003025956
66,4.925173986870837
67,5.041940607793854
68,5.166002231563437
69,5.07644197053594
70,5.351720706005328
71,5.583611370893762
72,5.9732360699033356
73,6.393814031078227
74,7.057061562489892
75,7.967595343994619
76,8.505040944501806
77,8.296943763309333
78,7.846916627804562
79,7.074374729999098
80,6.488902065528482
81,6.219609981010304
82,6.167973633726282
83,5.95747904373969
84,5.280308227824664
85,5.6501658105801535
86,6.5616203829964395
87,6.632164791865901
88,5.900244998789182
89,6.343872973889956
90,6.488293387306843
91,6.810516479539341
92,6.423952602784656
93,6.314156342418038
94,6.045835701300831
95,6.07205550360616
96,6.843578313200206
97,7.1033770228922
98,6.600543340355191
99,6.497277997003392
100,5.694848169527499
101,5.337715650909871
102,4.822657289739787
103,3.8675428681642523
104,3.3067276458045614
105,2.682156057758328
106,1.9451084509617211
107,1.555715980927273
108,1.7696529742401652
109,2.0648333809053034
110,2.527270831807246
111,2.811657596078282
112,2.948300023981685
113,2.6766896220995395
114,2.904664265948673
115,2.814726782051842
116,3.090104780971749
117,2.919642681200777
118,2.957130508828585
119,2.8187329490922792
120,2.9230385167425426
121,2.852972870587163
122,2.6357346564350794
123,2.7118921645927454
124,3.0456140871240542
125,3.2661268837717303
126,3.124738718840355
127,2.6946416719668385
128,2.552037105590369
129,2.563599425438683
130,2.6691031203075664
131,2.866679760537348
132,3.1662291085491914
133,3.313768706743156
134,3.6272709496648208
135,3.4051464930376234
136,3.6152350892763234
137,3.6888119214224235
138,3.494874688133348
139,3.5324242024245267
140,3.5609084605504413
141,3.7349500624627785
142,3.700526192672312
143,3.2916855698153547
144,3.062268156564219
145,3.0036894827688085
146,2.8402486761501216
147,3.3039872273847726
148,3.4920768802662927
149,3.4045758139222935
150,3.2501040870952034
151,3.1674453728673915
152,2.8968339031394894
153,3.0070841746673134
154,3.3206616787169163
155,3.6354953836492685
156,4.0528396742862975
157,4.334308968277405
158,4.570385611682733
159,4.695080539529824
160,4.5534977817518385
161,4.302440326137147
162,4.205952674664635
163,4.253799830083038
164,4.319780127474743
165,4.146237211962378
166,4.082860234774385
167,3.4425937468963967
168,2.763920735964925
169,2.0871652356528325
170,1.9496526742515472
171,2.021865794022922
172,2.0892078407266057
173,1.9683102942292172
174,2.0184899851181637
175,2.0511080798873595
176,1.8825040269151812
177,2.0937229176569483
178,2.3411762070392825
179,2.486048900479073
180,3.1216344670319724
181,3.3653274986095942
182,3.7870036606756616
183,3.9396172645143155
184,4.0119471463083585
185,4.041350223123402
186,3.9570204099648425
187,4.325950311253335
188,3.931426163739487
189,4.165464200730985
190,3.7322248310516466
191,2.8802499164370987
192,1.6111179533579292
193,1.7981146717285932
194,2.120601972821114
195,2.0985280841600873
196,2.2552852814221
197,2.252277382048061
198,2.0785542257953646
199,1.4867252756701386
200,1.488041991872021
201,1.9819042840588992
202,2.704408945953142
203,3.204163014623619
204,3.507233394160236
205,3.9252081867127155
206,4.063552691873346
207,4.043807036317036
208,3.9082867911459185
209,3.8925886220342747
210,4.202318337018336
211,4.263366014928673
212,4.178422760989547
213,3.9353299659993106
214,3.6970865406254303
215,2.9878442979006654
216,2.1688310261333723
217,1.6022550360188075
218,1.5451799479102326
219,1.7562563996812162
220,2.2599983528275627
221,2.2774719630173466
222,2.1548501040172816
223,1.75914747894116
224,1.3541423879524719
225,1.991958704279585
226,2.2938703162436673
227,3.0166117080945316
228,3.276189438798091
229,3.4865122379015805
230,3.3538272488099437
231,3.3059487954182365
232,3.3220417060702325
233,3.773183790758496
234,4.213846855510787
235,4.214756801212212
236,4.273917753393759
237,4.070812725733617
238,3.691575020822157
239,2.9352275702222546
240,2.1842500649054744
241,2.129199575673019
242,1.801072603356602
243,1.7791291683971606
244,2.2313907671398834
245,2.59504366332151
246,2.403699425570063
247,2.2305081845509944
248,2.108850247939487
249,2.3357608938591476
250,2.9614567605127506
251,3.385090176427937
252,3.955188483941687
253,3.8256432964710934
254,4.019258874374936
255,3.997489349894631
256,3.9672493803670394
257,4.317388228731849
258,4.235593442798157
259,3.722265204340811
260,3.967518359727726
261,3.7606569490790953
262,3.5763682118279534
263,2.877827921070147
264,2.901290334344971
265,3.097849612017822
266,2.9925938395538227
267,3.2990634196363984
268,3.364482712804764
269,3.58869173745786
270,3.605561824268154
271,3.4196445451172885
272,3.149993811555867
273,3.433067496639163
274,3.8710609449636157
275,4.184823578788289
276,4.407770347327014
277,4.5862536703418
278,4.549309771189971
279,4.344864823816838
280,4.276276263161699
281,4.358505265511514
282,4.051349372957661
283,3.863342925756193
284,3.511352337400527
285,3.9667309060564993
286,3.6538957843935775
287,2.993957179149365
288,2.177635298378005
289,1.5025923832037087
290,1.6403109920629766
291,2.15055019287353
292,2.033477660325242
293,2.149589165781998
294,1.9350464338986164
295,1.8088599170994324
296,1.620000432358776
297,1.818708775255002
298,1.8894973872137029
299,2.2867775939610997
300,2.8857516196463964
301,2.7931942851053804
302,2.7087338868188207
303,2.985447020333365
304,3.131531709059577
305,3.4297530299995724
306,3.4726072569502406
307,3.5617397846528425
308,3.8623151203879034
309,3.7848444134719395
310,3.415033993839619
311,2.7288092271397515
312,1.961322037746949
313,1.4203415017281955
314,1.7576965131076454
315,2.365347041447097
316,2.2957889779372826
317,2.3867302294203716
318,2.346592616540998
319,1.8437968863053316
320,1.9550424243263516
321,2.4218110588715627
322,2.9301426855376516
323,3.626256989411108
324,4.101878099465635
325,4.108024489148555
326,4.421843673078076
327,4.263414019312018
328,3.9194715117508037
329,3.8206967185454825
330,3.815966163464682
331,4.037584824232987
332,4.150390535204515
333,4.151610535122527
334,3.4547151424057714
335,2.6136067713808044
336,2.3078705876003287
337,2.1918955295355342
338,1.8534633028279983
339,1.9106731066234275
340,2.2921158454262205
341,2.412805186576998
342,2.552940200582541
343,2.5776716927268932
344,2.7842437820974886
345,2.9107508722248676
346,3.526959540330444
347,4.118758442295591
348,4.0071979825199415
349,3.55919038108268
350,3.659739054853534
351,3.6487101822447268
352,3.8879105715260964
353,3.807272999324653
354,3.771240701349309
355,4.007184499784711
356,3.674206920576896
357,3.4697953378041677
358,3.101784059888093
359,2.005827416990088
360,1.3189310531752545
361,1.9288134696472412
362,2.28263851817584
363,2.233033793439665
364,2.4599766372170664
365,2.363702997671368
366,2.4381119658544717
367,1.971489762036919
368,1.8907128858574713
369,1.785139278883177
370,1.9535562539256834
371,2.613721724539259
372,2.7684499829888702
373,2.7674499421984637
374,3.0984498869419177
375,3.500382230963663
376,3.512320899603249
377,3.628001002188832
378,3.8176104408358347
379,3.865104698497356
380,3.99883719046811
381,3.901930755636596
382,3.3894940255561212
383,2.580674108890456
384,2.5999513598172985
385,3.0761632958141787
386,3.0253795808990223
387,3.176422198933742
388,3.193135387954241
389,2.7752895456911224
390,2.518272305687848
391,2.2497964337911562
392,2.1536783685329466
393,2.4908036062215633
394,2.5898183986150833
395,2.7262740863421313
396,2.4661110819943257
397,2.005475458868887
398,2.102333506545922
399,1.9179391632705252
400,2.1169447440923648
401,2.064930446003567
402,2.4565103324187723
403,2.445101257086117
404,2.434563171675676
405,2.425530388096841
406,2.3487940042153426
407,2.101612382295486
408,1.7920281379665681
409,1.7321015108849687
410,2.4156393697303153
411,3.0196810998268555
412,3.3763968604470564
413,3.480195242004026
414,3.1743502937816395
415,2.6128927908099238
416,2.175488804014571
417,2.0736407920734963
418,2.271616315083309
419,2.3372055562306246
420,2.8195234083871643
421,2.8264402103011754
422,2.90534569604353
423,3.4451839332540155
424,3.4057999478930268
425,3.354187114767617
426,3.4855416358371203
427,3.6997300163109412
428,3.2865576774922145
429,3.491986542395807
430,4.125075573554625
431,3.859876609744711
432,3.3620260999382103
433,3.197814598893145
434,3.165432035074591
435,3.6730134163116666
436,4.361721098106383
437,4.770074044330617
438,4.598509963495607
439,3.9525418806852364
440,3.368431963024035
441,3.073787206682493
442,2.935684963101755
443,2.8863544104170438
444,3.1064982670937944
445,3.1643643711800884
446,3.2041647115147716
447,3.345393294779131
448,3.4469617707977376
449,3.6333214919975347
450,3.84853926238347
451,4.1251442173756665
452,4.175634438981044
453,4.032640764457191
454,4.171277887426267
455,4.134909655112336
456,4.173394462308904
457,5.0171133911704935
458,4.967730309118554
459,4.784607232398227
460,4.719216062149991
461,4.685729175234374
462,4.695725284350142
463,4.898721463805046
464,4.8845254139142895
465,4.338875592525687
466,4.032979135420751
467,4.320497242921394
468,4.103476136304967
469,4.221900365633088
470,4.753354385230116
471,4.6750160797969125
472,4.738869845351044
473,4.749561326541597
474,4.769975267016864
475,4.683044893020639
476,4.79866282387068
477,4.600537316122486
478,4.424063103480094
479,4.477326617734044
480,4.433619035617205
481,5.012295743650561
482,4.932153390112505
483,4.575710008906999
484,4.2312375105896916
485,3.9062788307386813
486,3.9484155177566502
487,3.798242762123774
488,3.5443834947488395
489,3.397125311962077
490,3.608149711993715
491,4.016817632740428
492,4.551266927633747
493,4.079822322282116
494,3.7796890765276667
495,4.061003337742502
496,4.369374762263924
497,4.212035772439412
498,3.995049267999393
499,3.982462615445452
500,3.7768627656265967
501,3.604792154803829
502,3.0823381218525068
503,2.272604042893502
504,1.279298534649382
505,2.1294158284104636
506,2.289579799083927
507,2.7591126574293785
508,2.9500322859342596
509,2.830410775006057
510,2.5227363412326356
511,2.5756203224180663
512,2.5417749630639896
513,2.2958780612070653
514,2.810671640513092
515,2.879492892095965
516,3.1610345013222743
517,3.26183555591327
518,3.3561508309216292
519,3.3609852857825864
520,3.4975109247614156
521,2.8696313937491076
522,3.0421488697686088
523,3.3245623400537143
524,3.48968056815516
525,3.3524451434239793
526,2.9141455844090562
527,2.1883364735118223
528,2.0813525772270136
529,2.2565698594749284
530,2.5085862083056947
531,3.4560834800737332
532,3.6578411885627022
533,3.458519471866974
534,2.9912340835684033
535,2.680734329442611
536,2.3222993530156666
537,2.260679966595184
538,2.8473762758098795
539,2.950978333316885
540,2.80705777120406
541,3.2162822522736594
542,3.3754940408680145
543,3.5125152666756962
544,3.731126690111057
545,3.960985097119121
546,4.226872773074504
547,4.413991803311317
548,4.31910880641404
549,4.046374697702454
550,3.9755887204422184
551,3.7585723846577324
552,3.8643443078137296
553,3.8490049746946093
554,3.3894512655781037
555,3.1861491740680306
556,3.309616383179726
557,3.775345982265131
558,3.8548759209496812
559,3.4673575874338747
560,3.147923816732487
561,3.081841833016404
562,3.3386504331410296
563,3.7463406313664738
564,3.730571866497223
565,3.8064554711203304
566,3.9298308173674767
567,4.265179560112842
568,3.878914333760202
569,3.837547940140049
570,3.8079735482779014
571,4.364703504212185
572,4.581742205113808
573,4.621576632395478
574,4.431994558464835
575,3.6628941920737055
576,2.716091643098956
577,1.9345827956996668
578,2.202167640413128
579,3.0658100306849074
580,3.0426493395536833
581,3.602007731797297
582,3.813333871077449
583,3.326953673312799
584,2.9820376214959348
585,2.592093856701533
586,2.653657808227902
587,2.7047021365201243
588,3.0674497920856334
589,3.3754189206772773
590,3.902438089329254
591,3.7981097638989385
592,3.529490614381537
593,3.789143367541322
594,3.8587980088267146
595,4.076231309484158
596,3.9768816353769525
597,3.916254761546769
598,3.920052355723226
599,3.747368654360824
600,3.7284273514508324
601,3.798542327879909
602,3.643297896499017
603,3.800378502818845
604,4.200718732432237
605,4.510938569249903
606,4.1734177986907275
607,3.3657715870866873
608,3.1994812876088474
609,3.372165909218202
610,3.6500872098501635
611,3.8412083375322146
612,4.098915081438702
613,4.311219530937311
614,4.5894625828695546
615,4.795313647518448
616,4.35663624881951
617,3.69524264527994
618,3.889067935369323
619,4.065511314831089
620,4.285340185612128
621,4.4712767912635085
622,4.499676037823503
623,4.35656108959077
624,3.6512801764405873
625,3.273356645895938
626,3.0348002295741128
627,3.0533831890825924
628,3.0917220239040546
629,3.082148821614835
630,2.9964487942767635
631,3.090898359691855
632,3.2410195442383296
633,3.318802445082916
634,3.8111288657946516
635,4.23348271487889
636,4.818769329293137
637,4.68907316159294
638,4.135777658663077
639,4.448467321880482
640,4.45927493024411
641,4.4997826157418706
642,4.451986514795929
643,4.937527527071146
644,5.017938719223308
645,4.648096733024008
646,4.724644616780269
647,5.111564368621603
648,5.3873015000021045
649,4.881463763866889
650,4.29655005538949
651,4.476462140326034
652,4.589331255356087
653,4.92274916539513
654,5.22753325439953
655,4.690069558534561
656,4.680288758304395
657,4.612696442614005
658,4.821968549551233
659,4.879080670724574
660,4.924542046552535
661,4.676984591585435
662,4.804837680161504
663,4.867760105199625
664,4.338962821642455
665,3.8298846493188274
666,4.054434108994126
667,4.625146062622512
668,4.916841307638105
669,5.113741771988329
670,5.399034029310272
671,5.554916904363506
672,5.763398661463439
673,5.729844334482942
674,5.329998315489408
675,5.0688888125873515
676,5.107802704425519
677,5.549171414468174
678,5.762503389016458
679,5.610543547724164
680,5.257401000832068
681,4.89628760146808
682,4.737022845309085
683,4.738107666960587
684,4.491430066220765
685,3.9933825503933695
686,3.9295935918055154
687,3.8007144533540576
688,3.896735742204391
689,3.931596338182543
690,4.01128757135173
691,4.074754545180347
692,4.164754383120582
693,4.074759241379077
694,3.866574143265006
695,4.555447198838783
696,5.037225601645223
697,5.254619089064251
698,5.284090077676972
699,5.822905470280983
700,6.381074097528801
701,5.918219532270399
702,5.209806365496199
703,4.546509218661517
704,4.129024038617768
705,3.5581404467763798
706,3.4027331968000025
707,3.252742059448758
708,2.949528820452662
709,2.486341241973367
710,2.5748799724463365
711,2.4122789337971398
712,2.656559143385823
713,2.9950269960197424
714,3.026811510063994
715,3.1129562840089977
716,3.068842562939852
717,2.6877111665902547
718,2.119918829897797
719,1.8384781749546293
720,1.753900000577626
721,2.083733022811712
722,2.6985146268966598
723,3.6548683953935424
724,3.4431300560530382
725,3.777091450275143
726,3.5037707463366594
727,2.6832828097283423
728,2.065480435637954
729,1.6608098247008032
730,1.5704172377760788
731,1.9187210398189347
732,2.4951031089368203
733,2.645226731834563
734,3.0234188717334742
735,3.107968775128502
736,3.089133194006905
737,3.3659387390123743
738,3.5382488935025806
739,3.622916654662079
740,3.828729064533013
741,3.6630542397880443
742,3.9589013226087912
743,3.4544409689221984
744,3.2487608748999053
745,3.010956233042766
746,2.877945788501113
747,3.1591433305869314
748,3.300418390024245
749,4.220212999408019
750,3.878364381356179
751,4.1843091087691215
752,3.8126110810088254
753,3.487556142531948
754,3.497205722741765
755,3.695492011642672
756,4.1291602155941005
757,4.338618685758824
758,4.458859837775226
759,4.622565012974907
760,4.574012079884245
761,4.574433888153607
762,3.9016104903675384
763,3.624591686538492
764,3.288895276912876
765,3.856883314220538
766,3.7552855059521653
767,3.0286089060124075
768,2.609160307272914
769,2.422059546660874
770,2.495153839326348
771,3.11356266029033
772,3.479424389189404
773,3.9085138923579725
774,3.7186426055183435
775,3.5821434222385453
776,3.431270126703792
777,3.234657953372526
778,3.55659428156005
779,3.848360773691626
780,4.478674808570823
781,4.4126314607699975
782,4.180225191261221
783,3.753571936116723
784,3.08595902290679
785,2.9940348671131396
786,3.3033899183825683
787,3.6681737289980303
788,4.132666859996406
789,4.171379929773406
790,3.785644039165567
791,2.821274512724238
792,2.1415781215828664
793,1.8745551744961861
794,2.2787175839737515
795,2.8198277075629594
796,3.005248140443105
797,2.9716057636632884
798,3.1781717362196567
799,2.8453734534036403
800,2.6544056177556223
801,3.108147318346084
802,3.0488386410718085
803,2.974465507523867
804,3.086534964088356
805,3.5411082675884216
806,3.9898986222657307
807,4.150000721554023
808,3.7990432053618775
809,2.671207569086211
810,2.5545083281830534
811,3.137437658161358
812,2.9034970423621633
813,3.0804902004942205
814,3.1856967384759125
815,3.443848399124181
816,2.852704554215371
817,2.7250643615205568
818,2.350593880388458
819,2.5750023179327184
820,3.0268677642406723
821,3.333800684522264
822,3.189954792359002
823,2.949811717161672
824,2.6280746275738864
825,2.8591379511376953
826,2.936809325231188
827,3.217771205849533
828,3.539848620521399
829,3.6089503720583633
830,3.307826132059358
831,3.394240223521097
832,3.139141116936645
833,3.8813268869566095
834,4.484953952253998
835,4.982488936258484
836,5.067012534269706
837,4.374144650378071
838,4.415447975887516
839,4.16681816645789
840,4.050206978730135
841,4.020800141985577
842,4.165913266082756
843,4.44526029576272
844,4.271209512831046
845,4.207912041190604
846,4.066544320961935
847,4.215241163524017
848,4.2442851169285545
849,4.211428746046842
850,4.262383298515335
851,4.114126902443784
852,4.743630093436453
853,4.617638456844467
854,4.411640266893291
855,4.266221832314614
856,4.098165615686249
857,3.7896781650569435
858,3.7552964116168033
859,3.714160914001946
860,4.0899548183396215
861,4.1263067545231396
862,4.338317765393629
863,4.6729219722889574
864,5.614765593915079
865,5.547714895116058
866,5.16810719761322
867,5.27635676694792
868,5.704668049012851
869,5.975250780749043
870,5.775755731130884
871,5.222077359276469
872,5.054414386515474
873,4.829317030712376
874,4.81834021516643
875,4.864578246508405
876,4.878904709072655
877,4.531786357854434
878,4.488275528145992
879,4.685159532355226
880,4.731755386222277
881,4.875426294258595
882,5.252824333096038
883,5.454490802619302
884,4.051138823432433
885,3.783023126956291
886,4.681092711689126
887,5.724084993101528
888,6.156054401957158
889,6.273118422304149
890,5.9250043690557295
891,5.121273222635892
892,4.623751780128433
893,4.749927168905105
894,4.51053804987577
895,4.699492575876841
896,4.712025032088267
897,4.712991939762787
898,4.991334065103617
899,5.1942964317259115
900,5.347007764481621
901,5.651811540470316
902,5.559473707791359
903,5.500920657919883
904,4.806189381202013
905,4.46314784842664
906,4.194712389657683
907,4.2530242305815324
908,4.358147626786856
909,3.728508364656335
910,3.250780003880119
911,1.900019113624538
912,1.9229478698429812
913,2.934864859564052
914,2.971347282831057
915,2.7689762336733765
916,3.0243054059863725
917,3.058826270132396
918,2.9308723169370308
919,2.554308844135153
920,1.9476476479252047
921,1.7055240975141266
922,1.8729613248284485
923,1.9194792742177234
924,2.0404539156384622
925,2.15108717492158
926,2.1595308368462156
927,2.355529823594146
928,2.0948669127738393
929,1.935308712637719
930,1.7308348343460884
931,1.9846886217578859
932,1.9406318534635072
933,1.8569473075170149
934,2.1899390237068657
935,2.352236873574888
936,2.451403808489227
937,2.785442786172443
938,3.4717842357850457
939,3.976843355220194
940,4.564377501431542
941,4.473367763427232
942,4.346597991283881
943,4.540666681489296
944,3.585227807473454
945,2.9295331900417123
946,2.6289649019117953
947,2.7399889968431896
948,2.6621910600850884
949,2.5711099547880867
950,2.563308384291948
951,2.7826297094003514
952,3.118190724458846
953,3.285881565382742
954,3.653149745886875
955,3.682237090714801
956,3.660082475017737
957,3.633542054566745
958,3.3305722760211554
959,3.095780870594872
960,2.5943374522005342
961,2.9095109768146488
962,4.157892867247408
963,5.318882732133828
964,5.423294228649077
965,5.805290025499069
966,5.464351969125185
967,4.86738123887511
968,3.9193596614768875
969,3.410284776348436
970,2.648768258219018
971,2.5481072507253737
972,2.7876676041777935
973,2.1810160020795504
974,2.2240179307704437
975,2.485999588383735
976,2.740079493622568
977,2.333446158434821
978,2.42822477762044
979,2.757108061688001
980,2.6513447006542012
981,2.4794579193274187
982,2.6765937164783526
983,2.553835166095941
984,2.430419763003285
985,3.629740852208885
986,4.291517723633136
987,4.688871522576859
988,4.949234727860869
989,5.570451927947581
990,5.407893690585135
991,5.000826169173411
992,3.9804337614023537
993,3.1548677385085053
994,2.9792645563584683
995,2.879790836120094
996,2.7287313656213628
997,2.942297355457864
998,3.33054996206979
999,3.55709758813344
1000,3.779966601599797
1001,3.8191071821281986
1002,3.9354428508333226
1003,4.506884314366008
1004,4.860442365131452
1005,4.254435709344972
1006,4.161708328377017
1007,4.8157557951937635
1008,5.242175926236218
1009,5.100335672045193
1010,5.20244841834635
1011,5.435837549375961
1012,5.846007506943767
1013,6.287179910083841
1014,6.113706104263098
1015,5.519341190768318
1016,5.013709395371373
1017,4.88711396232793
1018,4.816564141070569
1019,5.179162476050395
1020,3.978864193596502
1021,4.016656495787659
1022,3.855314974666127
1023,4.1405415635106815
1024,3.6203695181096114
1025,3.6477265684532214
1026,3.5817031775268022
1027,4.21829769851536
1028,4.207782894653229
1029,4.101045015314121
1030,4.60711137924304
1031,4.722767635591737
1032,4.677268117201922
1033,4.540047844347826
1034,3.845289746212052
1035,3.614496220810781
1036,3.6844257133741527
1037,4.1811930841266145
1038,4.262630428837494
1039,4.361270557210637
1040,4.174576911698896
1041,4.070049766770668
1042,3.747985019490791
1043,4.186282785705706
1044,4.019486401113311
1045,3.8290691810126356
1046,4.312023739949755
1047,3.957651093785867
1048,3.4990864658438587
1049,3.146011729107788
1050,3.025203049545811
1051,3.059417741239509
1052,3.208105012542207
1053,3.0896180946512954
1054,3.196808036084154
1055,3.186292120196284
1056,3.672593922327689
1057,3.785278590888789
1058,4.026614577524932
1059,4.494569177008413
1060,4.80917992095547
1061,4.789502012444314
1062,5.082393076302413
1063,4.752624559269027
1064,4.347396787702122
1065,4.265102567788259
1066,4.178350319145767
1067,4.178826209672575
1068,4.232728153714353
1069,4.530321081055107
1070,4.237201050821326
1071,4.498032366051209
1072,4.247108919176616
1073,4.440661881029257
1074,4.4583678554248785
1075,4.365635382216735
1076,4.541322814679218
1077,4.986257600663454
1078,5.8029667988265885
1079,5.727728136325407
1080,6.021484820153319
1081,6.068467659531073
1082,6.291911277602125
1083,6.058101277868804
1084,6.0055393945350755
1085,6.350790097788678
1086,7.040048035817467
1087,7.255801920301952
1088,6.72093403491421
1089,6.5315750346050905
1090,6.304810807661822
1091,6.118182071263314
1092,6.399551982313801
1093,6.133784279545226
1094,6.211470536759828
1095,5.75624421245389
1096,5.8523757091546
1097,6.038239668036632
1098,6.601794286125971
1099,6.445072201138586
1100,6.354566125048877
1101,6.252129819981645
1102,6.339057292482352
1103,6.487938032579676
1104,6.538768154849146
1105,6.5767967937041485
1106,6.457263029251033
1107,6.262487090388829
1108,6.223104690141714
1109,6.42843928574799
1110,6.554299384334609
1111,6.428873700422983
1112,6.283426779315038
1113,6.055074380494414
1114,5.867607155262743
1115,5.670253868008691
1116,5.585304406276778
1117,5.809136241386426
1118,5.74199378055221
1119,5.556633606965669
1120,5.5344917671598
1121,5.398501875651522
1122,5.349389424502195
1123,5.6774872743699465
1124,5.915268548210225
1125,5.8583453112761745
1126,6.007087094083113
1127,5.871524177480143
1128,5.308651818054132
1129,4.573392685349426
1130,4.93478954671593
1131,4.989696355152567
1132,4.950168270475084
1133,5.08460121830499
1134,5.161518330684299
1135,5.105580521194947
1136,5.598673595693653
1137,5.523060854706458
1138,5.6680634363999545
1139,5.5939875862098205
1140,5.716044645542234
1141,5.397395006736061
1142,5.455441474102517
1143,5.303390136994393
1144,4.85388079908263
1145,4.260288643556669
1146,4.3492628409050536
1147,4.728009985329192
1148,5.035290557197491
1149,4.9072454727327965
1150,5.281535730358323
1151,5.515911253913423
1152,6.13133805571239
1153,6.049311694584162
1154,5.709966023717746
1155,5.420398473055252
1156,5.158374421400943
1157,5.076553244342343
1158,5.193845509868928
1159,5.688178796202636
1160,5.509428586667841
1161,4.952387279892691
1162,5.1953444932727075
1163,5.476862342775124
1164,5.7724377897107075
1165,5.532928886500474
1166,5.3123442190885655
1167,5.134788636532106
1168,4.9547091600947
1169,4.498402970714542
1170,4.163708437152282
1171,4.2688537474132815
1172,4.418783690262681
1173,4.553583872858825
1174,5.49010247955813
1175,5.75529619821371
1176,5.65527003170165
1177,5.109732327293609
1178,4.533200906433264
1179,4.366959358011863
1180,4.318430562562302
1181,4.465739380132181
1182,4.155887802775184
1183,4.366789586147665
1184,4.348198832108948
1185,3.9731606038426057
1186,3.9231408682452305
1187,4.042424688668358
1188,3.022509502650725
1189,2.429313281146018
1190,1.9284429621079577
1191,3.75995287087596
1192,3.662670327778905
1193,3.5101255739707553
1194,3.6019178316147284
1195,3.5044317272867516
1196,3.088346029260474
1197,2.638385354274164
1198,1.7925062385973052
1199,1.4184738833348605
1200,2.1215082747683276
1201,2.3361622100407153
1202,2.267676426130726
1203,2.786999437742489
1204,2.9400211267862133
1205,2.7825925310165447
1206,2.3240794154606554
1207,1.9190558675182183
1208,1.40140452804782
1209,1.5191729369103766
1210,1.3125294924124749
1211,1.874355738823727
1212,2.2452639992653634
1213,2.913716383713011
1214,3.3418380617763868
1215,3.1837870196894316
1216,3.1968094551950204
1217,2.6070262344342687
1218,2.6617546878213445
1219,3.1638671019576803
1220,3.7741603105665957
1221,3.501143081505084
1222,3.0462346499518294
1223,2.0104088400584743
1224,2.5266035767944097
1225,2.758962523390392
1226,3.296723092938231
1227,3.7361700727042746
1228,4.132891237780277
1229,4.491701541130804
1230,4.903952320880093
1231,3.71872641842364
1232,2.8663257942943523
1233,2.793633483565367
1234,2.9818095329717855
1235,2.391297681989516
1236,2.5011626154246556
1237,2.478405329222532
1238,2.8130255781786557
1239,2.7367963063073635
1240,2.475359110583101
1241,2.6569898875468483
1242,2.8010836986562815
1243,3.067711134853852
1244,3.365959889840015
1245,3.569652034889147
1246,3.70400944327944
1247,3.263493749366996
1248,3.242596285170955
1249,3.4181553607676314
1250,4.4916412898014695
1251,6.613554816722912
1252,7.24683035375668
1253,6.928645168241143
1254,6.342525838459883
1255,5.343369357489282
1256,4.018908872989046
1257,3.3211823980171693
1258,2.7912085910493505
1259,2.3966991424404833
1260,2.1524172053843493
1261,2.3688180301683284
1262,2.2337215662807575
1263,2.396281692117857
1264,2.60692840441689
1265,2.460690106902854
1266,2.601106900827742
1267,2.780876136463627
1268,2.9171332931710863
1269,3.2467892875791184
1270,3.0939254356104904
1271,3.1078950396055394
1272,3.495810966186143
1273,3.5254292057022574
1274,4.601750960951601
1275,6.296802676286852
1276,7.090418220922459
1277,7.129231423002031
1278,6.110872824164828
1279,5.27523461906498
1280,4.075171425113957
1281,2.9632666492985353
1282,2.350294522363682
1283,2.01137339819401
1284,1.8413936626577287
1285,1.648801556279396
1286,1.5104276192996307
1287,1.58078054071752
1288,1.7153397193725373
1289,1.7724236398114033
1290,1.699861336223464
1291,1.84895378014711
1292,1.907725048848135
1293,1.8211328882453999
1294,1.4777027780516865
1295,1.6968518734708686
1296,2.2506902937944955
1297,2.402634103638741
1298,3.040535140622274
1299,3.9150594571169113
1300,4.977147686728866
1301,5.051952273833893
1302,4.657170128577148
1303,3.9006576365477104
1304,3.05033523159807
1305,2.6508890904133544
1306,2.6787295358784964
1307,2.0933697372774827
1308,2.056156785610628
1309,1.9510813088648313
1310,1.9678085978585607
1311,2.0687769636605
1312,2.241352665502868
1313,2.7977838012810676
1314,2.866071752886241
1315,2.7354103565377432
1316,2.9584092637125314
1317,3.8490714812514617
1318,3.9218533275499956
1319,5.300196342108972
1320,5.019877789863526
1321,5.718133312689707
1322,6.212371235268892
1323,7.045407275851298
1324,6.9878693291415725
1325,6.904076964060883
1326,6.599756093324698
1327,6.15681165905537
1328,5.857232725662991
1329,5.218326024065555
1330,4.7240561598500435
1331,4.12113070405577
1332,3.723518295703723
1333,3.5018822992610468
1334,3.188372481400806
1335,3.059944765920698
1336,2.8311259650631726
1337,3.1203854284790893
1338,2.860671866172652
1339,2.6020195778728743
1340,2.471248260644436
1341,2.57889733572323
1342,2.8488968821380363
1343,3.0513961614997767
1344,3.0275879073220286
1345,3.5116265908720283
1346,4.278954044007994
1347,5.988153152505666
1348,6.298721832787225
1349,6.58449808765745
1350,6.4522247939302275
1351,5.952180374969215
1352,5.622746620562636
1353,4.911687482233496
1354,3.4467531592783858
1355,1.915126206828313
1356,2.0542969316858857
1357,1.5633475067823004
1358,1.1428945420382197
1359,1.3191445861028974
1360,1.685876443155696
1361,1.9780694513405854
1362,1.6494887815432495
1363,1.5911565558485274
1364,2.0850638088898887
1365,2.0820905053367973
1366,2.3988310995496036
1367,2.8978491910023587
1368,2.8976979482139646
1369,2.9943763593158326
1370,3.469811762853934
1371,4.195127818474517
1372,3.6728016233463503
1373,3.356488428370369
1374,3.2751507325423175
1375,2.697884901808055
1376,2.297212662725674
1377,1.7735950304962664
1378,1.664803616640881
1379,1.7334688049160283
1380,1.7850503510128861
1381,2.03370794524097
1382,2.033597830578659
1383,2.2613414829943403
1384,2.827279702578868
1385,2.2349081389434784
1386,2.135512410148471
1387,2.232577530451681
1388,2.1906883010111255
1389,2.0926191130437397
1390,3.2982207340936096
1391,3.439655366533349
1392,3.4240825603009997
1393,3.559510008300574
1394,3.4898972397400794
1395,3.768337258715373
1396,3.5982433287965723
1397,3.9477825604566297
1398,3.456361750580704
1399,3.213040961776156
1400,3.1253833515723715
1401,2.7829088740213366
1402,2.642899080891692
1403,2.3472568218767718
1404,2.1389786200054153
1405,2.465774830495803
1406,2.233708713390386
1407,2.030154873040508
1408,2.489156600060231
1409,2.469606059192263
1410,2.496431149173512
1411,2.6425140928365947
1412,2.6908874478157703
1413,2.778254239146591
1414,3.205918509978358
1415,3.6175369145771614
1416,3.4029374199646663
1417,4.112653283850273
1418,4.783307240445739
1419,5.648130566778072
1420,6.138641315513335
1421,6.182935077446567
1422,5.432278320490365
1423,5.692375689198541
1424,4.156380640738575
1425,3.5941364068556627
1426,3.068463406119421
1427,2.8693836781754354
1428,2.2378462933903203
1429,2.103214236965809
1430,2.179675414182475
1431,1.7789882131620747
1432,1.9506245726389906
1433,1.8429937272239192
1434,2.3370338529080694
1435,2.5353328538638733
1436,2.07379517142662
1437,1.7699200333189509
1438,1.8524593271371748
1439,2.6425199641353037
1440,2.980298929053315
1441,3.1721496228815376
1442,3.990910426773376
1443,4.081119384553603
1444,4.448645769336871
1445,4.331616754033676
1446,4.1744792409223885
1447,3.605588055975291
1448,3.354444323272984
1449,2.9097729045983476
1450,2.3033082340362347
1451,2.1681517047642154
1452,2.321566913957083
1453,2.213143418663639
1454,2.1673982458968086
1455,2.4151028275874453
1456,2.8930376254572105
1457,2.2864107509308003
1458,2.7255626881819532
1459,2.436281150186582
1460,2.4977596171814183
1461,2.850047537419563
1462,2.415717333640892
1463,2.0678091183800964
1464,2.4665890161962514
1465,3.2282152516655946
1466,3.499122081451114
1467,3.612331211073558
1468,4.223384083471566
1469,4.535741790628721
1470,3.936532267512573
1471,3.60162589114057
1472,3.15467419336004
1473,2.627221621204895
1474,2.7801708893135437
1475,2.850812464568368
1476,2.940577465584937
1477,3.0897309360184715
1478,3.2126302027812645
1479,3.468280093348073
1480,4.006586621298874
1481,3.9621697891025955
1482,3.8388643006101177
1483,3.9192716150080122
1484,3.7611021146592907
1485,3.762486246340302
1486,4.1548101444573895
1487,4.953292968686787
1488,4.898857584952756
1489,4.872309387559691
1490,5.857988833161597
1491,7.287784203794283
1492,7.408425870716348
1493,7.2469947349704285
1494,7.036919884946792
1495,6.590489287204074
1496,5.908513645182142
1497,5.099604258976211
1498,4.421299649215598
1499,3.9461411192872244
1500,3.518749305443002
1501,2.793814649364542
1502,2.417106766641962
1503,1.8477117303194341
1504,1.8894008463059255
1505,1.985390711030553
1506,1.9148277601551937
1507,1.968470164933825
1508,2.1210016286413405
1509,1.9084535711887554
1510,2.58392411281503
1511,2.790646796728115
1512,3.031977584668985
1513,3.3551253585333325
1514,3.4439732681815327
1515,3.8241020812091833
1516,4.2016562074373836
1517,4.505999737933587
1518,4.456884991205472
1519,4.183348000462911
1520,3.380318809214881
1521,2.7566251995084796
1522,1.9841450843480795
1523,1.9264009415376817
1524,1.777885169335263
1525,1.690452392845105
1526,1.8684289010496555
1527,1.6148174044476677
1528,1.8752669225761882
1529,2.4381454541515106
1530,2.4647772553661134
1531,2.6763706042867392
1532,2.6472419197545256
1533,2.463497212490842
1534,2.4735014128622943
1535,2.250601838865002
1536,2.6299171820727647
1537,3.2358831347080015
1538,3.8626984061186187
1539,4.8195543758349615
1540,5.1495006123435285
1541,5.024096050942098
1542,5.057678956752595
1543,3.9574952091042643
1544,4.136807202674671
1545,3.2107740732883707
1546,2.6497963422937554
1547,2.682895929150255
1548,2.6589464489026184
1549,2.797082114431923
1550,3.089911583963387
1551,3.1811490291525093
1552,3.146047654642355
1553,3.020336384515966
1554,2.7346580500652546
1555,2.399883810940251
1556,1.9636660871428768
1557,1.946579104423805
1558,3.0436065856320864
1559,3.3499969745518006
1560,3.006762393057494
1561,3.1407671653151654
1562,3.9796791163931724
1563,5.029716198034343
1564,6.014334155843564
1565,6.358573978527273
1566,5.899016004664236
1567,5.5144081025535545
1568,5.1064581132519535
1569,4.340999217241652
1570,4.058818371407533
1571,3.578912515802426
1572,3.5523380601079966
1573,2.9521073804638847
1574,2.7047039539864444
1575,2.4415551051313162
1576,2.4529456188056304
1577,2.384084769843289
1578,2.4616220380563876
1579,2.550791017389213
1580,2.5752584457159555
1581,2.0063531527971326
1582,2.0805711392464303
1583,2.531850652542853
1584,2.881610176017178
1585,3.3962245894586127
1586,4.052295711804888
1587,5.518876867809464
1588,6.341560741137467
1589,6.629416460469795
1590,6.0306827056082035
1591,5.190072373069794
1592,4.094724316371945
1593,3.0496112138309432
1594,2.450245035862177
1595,2.201637621953139
1596,1.9882434814677965
1597,1.7558437067761183
1598,1.9329481805566229
1599,1.9561003177868967
1600,2.0598161475262984
1601,2.11625458763688
1602,2.803768933065767
1603,2.786371431094895
1604,2.59722968063564
1605,2.1029890845534016
1606,2.3363932304759003
1607,1.9878840646017586
1608,2.1372095782886453
1609,2.334681638350592
1610,3.261356689283698
1611,4.395150456638172
1612,4.9010728038562315
1613,5.364493950717562
1614,5.173396089154095
1615,4.968561649765709
1616,4.204861057682355
1617,2.7433041717248177
1618,2.413243977230371
1619,2.0711273710559723
1620,2.1164099463565034
1621,2.0214478884588836
1622,1.924103180632246
1623,2.1457409584584735
1624,2.4367442620133697
1625,2.644639334475189
1626,2.8882649428517864
1627,2.861581438711926
1628,2.9533419187880545
1629,2.849985276609879
1630,3.2265227101147937
1631,2.975480829492726
1632,2.766733368353396
1633,2.6462239904954363
1634,4.035427727561572
1635,4.954270936842504
1636,6.1396913857299555
1637,6.965877520311459
1638,6.266980099840447
1639,5.356954184308497
1640,4.209011431859679
1641,2.6999849340927984
1642,2.2667740516702812
1643,1.9301589962024845
1644,2.057045701077848
1645,2.227927087323258
1646,2.45004833068587
1647,2.4956702116169303
1648,2.671913213336647
1649,2.8755492894619916
1650,2.8708145276899346
1651,3.041375225438222
1652,3.1010944593850347
1653,2.7336574951945454
1654,2.011124450064656
1655,3.1705640641537984
1656,3.7274673115511643
1657,4.519766643287099
1658,5.326036658420154
1659,6.105378886131891
1660,6.173381173386401
1661,6.357530050696949
1662,6.1819101338161975
1663,6.385480707284588
1664,6.449589752986853
1665,6.449304809365404
1666,6.928941809813057
1667,7.177176917399842
1668,7.754953267632912
1669,8.024804182235808
1670,8.291364909381857
1671,8.14031475960858
1672,8.094737540433526
1673,7.954310040780582
1674,7.7353225136949035
1675,7.798418120597772
1676,7.89745112580353
1677,7.925081728179041
1678,8.413453902860477
1679,8.94357258834236
1680,7.9905357093998735
1681,7.944915866875565
1682,8.061106930467922
1683,8.155970420771947
1684,8.265802319112455
1685,7.536011290152189
1686,7.114745874212689
1687,6.178232119898546
1688,5.883813760468193
1689,5.68243742582629
1690,5.7276185868161065
1691,5.465489974052005
1692,5.042536465996843
1693,4.818733385511917
1694,4.751771321566313
1695,4.916819074955859
1696,4.808720513164082
1697,4.694567232357771
1698,4.761862122939287
1699,4.642466805194399
1700,4.077551683493669
1701,3.962760581878201
1702,3.712085167248901
1703,3.7197979989106806
1704,3.9008073277323585
1705,4.284614414379064
1706,4.349125422834908
1707,4.613689985661528
1708,4.968475164998642
1709,4.943107816835753
1710,4.850783888172992
1711,4.480205867961797
1712,3.4639588684260243
1713,2.8258017405408298
1714,2.2973217370744
1715,1.9122455962285756
1716,1.9035786530652508
1717,1.9253285074305153
1718,1.7397611536455746
1719,1.7972270846591454
1720,1.791722052207787
1721,2.0806649058973905
1722,2.4092033306916476
1723,2.430382134224163
1724,2.5703226316790673
1725,2.6008541611446088
1726,1.8264974194985908
1727,2.272422053387831
1728,2.5214161060484925
1729,3.3566937374669994
1730,4.610249933987598
1731,5.577227451390231
1732,5.7399187018813365
1733,6.0569311523339895
1734,6.103148156418325
1735,5.163687800574598
1736,4.636456101529792
1737,4.3052233411774
1738,3.962962667364897
1739,3.919404239349681
1740,3.9893163098128266
1741,4.079841980134498
1742,4.098377771878275
1743,4.443611987984263
1744,4.812390667307432
1745,4.0197627621377485
1746,4.123288852460296
1747,4.324329455766065
1748,4.445502579843678
1749,4.630427541323585
1750,4.839370960139541
1751,4.925105844256187
1752,4.914723454829346
1753,4.837613585682289
1754,4.223614276144104
1755,3.7064615824824845
1756,3.5131681393125707
1757,3.471132497411622
1758,3.849744728400796
1759,4.315937400239367
1760,3.972937891620111
1761,2.8642633525071353
1762,2.1875270850967357
1763,2.3311992970785287
1764,3.2619967873759426
1765,3.2317453105687513
1766,3.499596646717797
1767,3.9205512551881476
1768,3.738036851401202
1769,3.6643802938872447
1770,4.323326756939935
1771,4.632701306692559
1772,4.753378631318184
1773,4.877535064295534
1774,4.811214417331371
1775,4.534791073586443
1776,4.097922152533785
1777,4.231894852684283
1778,4.211470248060119
1779,4.223834677311128
1780,4.3014808355010326
1781,4.4218340435326
1782,3.7942894851451947
1783,3.1824590658078007
1784,2.8678729228663715
1785,2.3759110297632704
1786,2.2926655657665576
1787,2.357145592916834
1788,2.1074938026146977
1789,1.877057956341247
1790,2.192448198982615
1791,2.150704279242981
1792,2.5408010023492764
1793,3.4168106478667637
1794,3.0661485953774026
1795,3.096631653979046
1796,3.378692727432572
1797,3.684850332579535
1798,3.07309700974885
1799,3.130908434759066
1800,3.312910109084713
1801,3.6888898876219316
1802,4.016438586301371
1803,4.201861728355201
1804,4.181191561574813
1805,3.9411233293317
1806,3.502624217135186
1807,3.029423197681525
1808,2.705655942579604
1809,2.446238353808796
1810,2.347253100593014
1811,2.402598901073892
1812,2.0868381644104543
1813,1.9743626810960173
1814,1.770498674396186
1815,1.6291675686718814
1816,1.7520795108503227
1817,1.776496246782047
1818,1.8161918674045987
1819,1.987146615666949
1820,2.1637504569853507
1821,2.010303042848018
1822,2.277072579503946
1823,2.309147630679884
1824,2.33257493781409
1825,3.3326609286230457
1826,4.770902041358824
1827,5.481534392634346
1828,6.171137819272997
1829,6.220587848468249
1830,5.754731815060033
1831,4.911073373050479
1832,3.781085311907572
1833,3.252891717522192
1834,3.1233830125107507
1835,2.9833817044330546
1836,2.968714367740809
1837,2.8820075860534735
1838,2.740873052277863
1839,2.3023963881932143
1840,2.575331524041129
1841,2.8033805993552825
1842,2.9813494730250873
1843,3.0981166570178855
1844,3.149137149452622
1845,3.5892830233957027
1846,4.420071375960648
1847,5.211322938393165
1848,4.766879972587143
1849,4.920027373341209
1850,5.066211610660676
1851,5.646025309137782
1852,6.7960571225239885
1853,6.390775514439783
1854,5.834417804443396
1855,5.24116218442048
1856,4.857989808135068
1857,4.62469376457462
1858,4.352118173253357
1859,4.394232993207635
1860,4.200042930590537
1861,4.153226439461402
1862,4.285741422944054
1863,3.7583964425384613
1864,3.792548249857261
1865,3.46807531531195
1866,3.040213856867715
1867,3.1725873533214806
1868,3.5258214945881226
1869,4.297009751044963
1870,4.723067194772462
1871,4.647476810370127
1872,4.0812589065318585
1873,4.030049517340592
1874,4.9191587717318805
1875,6.44334843097325
1876,7.019241840043369
1877,6.219173366406132
1878,4.767259057464836
1879,4.287698465887455
1880,3.7255323258585467
1881,3.0873446179241983
1882,3.25309137557209
1883,3.0397822570079738
1884,2.9996485243519277
1885,2.7351966967767942
1886,2.460304042120515
1887,2.3438847017953233
1888,1.8921039582327785
1889,2.0296139637024013
1890,2.154952777712765
1891,2.3939534630490025
1892,2.1868797246135476
1893,2.038079802563321
1894,1.9697682830103194
1895,2.1674473524738134
1896,2.629327817692019
1897,4.01861535023295
1898,4.894980287951297
1899,6.434541984383593
1900,6.630713315561399
1901,6.447647612908822
1902,5.902701658466313
1903,5.043674695767877
1904,4.004905111359633
1905,3.6082585036640045
1906,3.3357373340912053
1907,3.060526558704205
1908,2.986567002293185
1909,2.586286242987021
1910,2.4991836197151374
1911,2.5966932497043755
1912,2.4292111261888207
1913,2.3832925289273144
1914,2.3606547820829267
1915,2.630241095811271
1916,2.780104968124258
1917,3.2904093116546314
1918,4.018662247381889
1919,4.5373123075124635
1920,4.703483783531066
1921,5.234169780590448
1922,6.509553076949564
1923,7.324508348619014
1924,7.300061899607785
1925,7.125256513579201
1926,6.416706761964692
1927,5.510918782652834
1928,5.216326885928543
1929,4.884292819010909
1930,4.839695537548066
1931,4.255483855482884
1932,3.728212316450613
1933,3.3800724429795745
1934,3.2330232775481815
1935,3.0524570479569455
1936,3.201508201850383
1937,3.401630885127756
1938,3.7236778763430554
1939,3.5322940443581494
1940,3.8057929679432663
1941,3.9782686540608707
1942,4.762810468808607
1943,4.790999999277033
1944,4.827168803772162
1945,6.041287747234188
1946,7.395052734072894
1947,7.5307725692471825
1948,7.2733521841154065
1949,6.945453705687286
1950,6.381152973263671
1951,5.795440494547769
1952,4.705600126239286
1953,4.101238227037257
1954,3.717004272109558
1955,3.1782401820107533
1956,2.869378580277175
1957,2.134961513381235
1958,1.8002328010704238
1959,1.952236138749423
1960,2.1090917451325533
1961,2.1961775584776175
1962,2.045670053154658
1963,1.7476307386723722
1964,1.4717336895254198
1965,1.416364802816982
1966,2.0516015909193666
1967,2.830878794471255
1968,3.6485029679420844
1969,4.387077477277039
1970,5.26444415988308
1971,5.661299749182157
1972,5.9077511760906845
1973,6.403303646499566
1974,6.328079586662035
1975,5.976840347177704
1976,5.021635144459882
1977,4.095678863729299
1978,3.217296840058683
1979,2.4849865685413874
1980,2.1018194086456443
1981,1.8646835192863627
1982,1.417159344574586
1983,1.5113855952203563
1984,1.3620916827679475
1985,1.3851998434314683
1986,1.8160651169728403
1987,2.0903901488068204
1988,2.298487883990311
1989,2.3246016033090644
1990,2.091556752435924
1991,2.1860801310988336
1992,2.916039855027836
1993,3.787304431032278
1994,4.463969751551124
1995,4.840715482729122
1996,5.035611341715942
1997,4.877945687475322
1998,4.534461498585532
1999,4.27422020471618
2000,3.586815026520324
2001,3.2066558583264024
2002,3.160434936615373
2003,3.0874599086766343
2004,2.891844803202603
2005,3.0466414323668314
2006,3.8133650667281085
2007,4.018734019539633
2008,4.221650554785764
2009,4.7064828380399835
2010,4.773765845629449
2011,4.679212273689069
2012,4.806217047038938
2013,5.061653889112195
2014,5.508268558885863
2015,6.099267856086021
2016,6.659950493338272
2017,7.176973265074188
2018,7.876297067559072
2019,8.363058415532766
2020,8.130361875554096
2021,8.116723402765233
2022,8.141510682648482
2023,8.08033543256931
2024,7.468231751920655
2025,7.59757279217126
2026,7.4769110626011805
2027,7.444976567095482
2028,7.292133883537632
2029,6.37211699798713
2030,6.088586730945375
2031,6.096688029748691
2032,6.129576582797831
2033,5.8579288265769485
2034,6.482127331389529
2035,5.756262973094393
2036,5.576258318705442
2037,5.534627300945726
2038,6.054600063318684
2039,6.386442914036325
2040,6.095689354810139
2041,6.475317457455178
2042,6.377823477242445
2043,6.521536033997238
2044,6.434723561938905
2045,5.957983639993758
2046,5.297358730434828
2047,4.693104902781512
2048,4.234289991884969
2049,3.226764087699396
2050,2.5975878400927375
2051,2.347738904026401
2052,2.811852865100508
2053,3.3333590864280187
2054,3.2260726685735257
2055,3.2518475023216062
2056,3.5562211098318013
2057,3.7066498483777033
2058,3.7736944226245397
2059,3.6567054553866134
2060,3.7336772257933983
2061,3.834256468862521
2062,4.517817447299916
2063,4.572813381872041
2064,4.933300245111766
2065,5.4376699876488415
2066,5.7714573656859205
2067,5.383680479254696
2068,5.198547018050366
2069,4.9861250512753
2070,4.171278464198361
2071,3.4722565462354895
2072,2.8041409920267792
2073,2.3936678169579793
2074,2.6458830610786244
2075,2.776273874253404
2076,2.992395650232513
2077,3.1138234385281467
2078,2.7974922161068676
2079,2.1217299797704063
2080,2.065835920855111
2081,2.262989162730997
2082,2.945713879401737
2083,2.8958636426941653
2084,2.7006735812964173
2085,2.272584069542809
2086,1.9113221170640942
2087,2.295415164885817
2088,3.097053546447784
2089,4.112395214086606
2090,4.877188664100673
2091,4.993033939344857
2092,5.057450263870114
2093,4.814093624897538
2094,4.827710499124993
2095,4.675948757715158
2096,3.7205428773183264
2097,2.6577001986842848
2098,2.2375402031465876
2099,1.951305296705275
2100,1.9254582969770322
2101,1.9161065845383103
2102,1.8833806430628188
2103,1.8919932186956636
2104,1.8699047862976692
2105,1.7904737107014568
2106,1.9024779172986839
2107,2.1653397980221376
2108,1.8094781420850432
2109,2.238961418245143
2110,2.708044601165848
2111,3.0206222508761162
2112,4.124122969463338
2113,5.827167728325465
2114,7.179943465028902
2115,7.519288131044341
2116,7.661985106782021
2117,7.6188816416810035
2118,6.819246929206454
2119,6.011144272520836
2120,4.313469648609019
2121,3.423340029970165
2122,2.8880019948114284
2123,2.616414961929541
2124,2.5451093317207967
2125,1.9492936576942235
2126,1.840001997236072
2127,1.625329824029747
2128,1.4349370010505877
2129,1.4486148867510718
2130,1.5349403116852
2131,1.5200908483187003
2132,1.6382027153124459
2133,1.6452186895511667
2134,1.9452353409036407
2135,2.7185861477205684
2136,3.0993675072342377
2137,4.683344618706996
2138,6.317934725037237
2139,6.400236935091113
2140,6.4646424403142575
2141,6.89820889752997
2142,6.277084738914024
2143,5.551975521166244
2144,4.538113404548761
2145,3.610394116347071
2146,2.644032651625607
2147,2.0594455655061936
2148,2.072612236265525
2149,1.7014634626892495
2150,1.7387167836247035
2151,1.5052137781449986
2152,1.9114954823182886
2153,2.111311411664888
2154,2.106733673547864
2155,2.696947380641316
2156,2.638805109614844
2157,2.0837805519042023
2158,1.629037809430681
2159,1.811671331046647
2160,3.2949664965088727
2161,4.35538165796409
2162,4.482585557955769
2163,4.7586189232972425
2164,5.163276239911894
2165,5.1831254735706676
2166,5.03546833444289
2167,5.273717317898826
2168,5.200336395852465
2169,5.080414380815456
2170,4.782574100116376
2171,4.705852183025062
2172,4.796883694280909
2173,4.162576309279128
2174,4.293288142491645
2175,4.66267375518122
2176,4.6057800337064805
2177,4.54222353770989
2178,4.5313846758811405
2179,4.203096317994157
2180,4.3579694202663095
2181,4.649834526085115
2182,4.810242945846481
2183,4.885632131735045
2184,4.922503998683364
2185,5.20306599015986
2186,5.252117193496597
2187,5.6261939897223465
2188,5.492885654581508
2189,5.114381803747262
2190,4.451554729757524
2191,4.449112986105515
2192,4.230274762561976
2193,3.1248094134350812
2194,2.825227207363856
2195,2.4653095271708376
2196,2.321162908759127
2197,2.3125769302520727
2198,2.070999295993384
2199,2.1026957028114097
2200,1.9447392419745206
2201,2.224539218101481
2202,2.951674683111538
2203,3.1374760452055597
2204,3.4206581740879765
2205,3.6241963724876127
2206,3.819465527641841
2207,4.349282732527745
2208,4.422725361265916
2209,4.374440513980836
2210,4.6807079699780285
2211,5.991864132149475
2212,7.051474950555013
2213,7.565831312073556
2214,7.109726913856303
2215,7.30845710338129
2216,6.657238516228491
2217,6.076966200287138
2218,5.671027187114484
2219,5.040132892933197
2220,4.814557539885959
2221,4.588155437110896
2222,4.095720081718894
2223,3.685102752626688
2224,3.2320567892184653
2225,3.2747995458258687
2226,3.1126030233131807
2227,3.2141305918080585
2228,3.3383562590787017
2229,4.00831797579863
2230,4.611246519511484
2231,4.893896138223887
2232,4.854274979492644
2233,5.147526905708789
2234,6.619443810479643
2235,7.354829730333822
2236,7.557844996262187
2237,7.410622817691813
2238,6.065748587111883
2239,5.323677155389092
2240,4.78330189376003
2241,4.903369712353926
2242,3.465963810347967
2243,2.6778859907888983
2244,2.6276526162122016
2245,2.385086664190495
2246,2.498053638949716
2247,2.08513822395426
2248,2.485088342771971
2249,2.4054864619196685
2250,2.391366339201557
2251,2.201938582734577
2252,2.461732117101718
2253,2.3833817245384474
2254,2.3046977185380326
2255,2.3194595148517214
2256,3.2497991930405647
2257,3.6492745085162244
2258,3.798271532255525
2259,4.485122403258209
2260,4.97091259339963
2261,5.253180188751539
2262,4.477229148191826
2263,3.8510215440899898
2264,3.1612937498964486
2265,2.846626352029488
2266,2.7029124085528693
2267,2.6663414260965728
2268,2.6651817388259733
2269,2.6243194656257605
2270,2.3772614389568525
2271,2.5251587052473385
2272,2.767583426859632
2273,2.89036708288398
2274,2.5269091705649696
2275,2.299621208630993
2276,2.5207934442017583
2277,2.6525229386389135
2278,3.276448073120341
2279,3.4972943603021336
2280,3.8013750971123246
2281,4.232681189075508
2282,4.6217245324407985
2283,4.801080659339054
2284,4.560573276958344
2285,4.572043420707477
2286,4.998561874883599
2287,4.881151334836481
2288,4.265665577727867
2289,3.3016691768674953
2290,2.6554409663101923
2291,2.2012049242613982
2292,1.8852369693913618
2293,2.030366457194004
2294,1.968290678278748
2295,2.085126728348028
2296,2.2954791267484556
2297,2.5400690372312047
2298,2.8871041691730976
2299,2.7299456155292727
2300,2.827281011927929
2301,2.6278587271698743
2302,2.674425224579574
2303,2.571044266679774
2304,2.621106528153085
2305,3.441408800108272
2306,4.473269951741733
2307,5.434875351940933
2308,6.211322010094863
2309,6.693269980449008
2310,6.234049780474198
2311,5.182787938404413
2312,4.219422870160454
2313,3.342786368794009
2314,2.581745095402474
2315,1.978030920358929
2316,1.7641924646917033
2317,1.7045170998090682
2318,1.8371297826354143
2319,2.1195022985545795
2320,2.1687952569678557
2321,2.056659995148944
2322,2.079554783281682
2323,2.4890719636466745
2324,2.4144549165582934
2325,1.8837540313513332
2326,2.323920545956497
2327,3.2736538932415042
2328,3.5221002509697183
2329,4.110986364002228
2330,4.246132161710323
2331,4.534058998090684
2332,4.658983780001833
2333,4.2765468335404355
2334,4.1053873084916
2335,3.6660490170737354
2336,3.4308890229447573
2337,2.9421064842421134
2338,2.4563680650725037
2339,1.9731926993698061
2340,2.0647071000972517
2341,2.14037512830899
2342,2.6093151233093512
2343,2.295881221054628
2344,2.5305872442689683
2345,2.5949647491065244
2346,2.624700885123149
2347,2.573128948691136
2348,2.3516003481235384
2349,2.618386815979326
2350,2.634982644325264
2351,3.0016148263029843
2352,3.1915944079958503
2353,3.294770482165535
2354,3.635297053957885
2355,3.8945374362545513
2356,4.023291775080133
2357,4.472756497600195
2358,4.223297233896837
2359,3.954077761572991
2360,3.587688180025831
2361,2.9559741712787413
2362,2.6443824007006698
2363,2.3211867966935893
2364,2.2372475164092887
2365,2.382348643512262
2366,2.762484832434623
2367,2.6557402546879283
2368,2.9121761640793977
2369,2.9090896620290443
2370,2.7686238833059997
2371,2.8258803059374
2372,2.921920436798113
2373,3.152238478927512
2374,3.590979823962819
2375,4.1936497359633504
2376,4.2228644888032605
2377,4.669772862658471
2378,6.230223524788209
2379,7.853978513279818
2380,8.046588197710983
2381,8.08276945841034
2382,7.374589216802066
2383,6.706652690276285
2384,5.6863702587501015
2385,5.288671921337998
2386,4.746709025776842
2387,4.842954241353389
2388,4.468501947808088
2389,3.9147747298105453
2390,3.5178723537809176
2391,3.4957667154608307
2392,3.437885518192231
2393,3.160068766851677
2394,3.0491621122029136
2395,3.06471995712402
2396,3.592010679605327
2397,4.116227592752711
2398,5.005908580550152
2399,5.5934786513510515
2400,5.423497142726321
2401,5.409398281673488
2402,6.100181956185969
2403,7.038942449847834
2404,7.134414301740828
2405,6.915905028648683
2406,6.518376340765442
2407,6.193574615818003
2408,5.855500660944925
2409,5.990850487568091
2410,5.489867970236132
2411,5.169028484750299
2412,4.539237467895937
2413,4.090202901457918
2414,4.043675129366079
2415,3.5624352551045013
2416,3.2876515026219146
2417,3.110670261180944
2418,2.986943927003175
2419,3.301690075645986
2420,3.302937129925673
2421,4.120821163501085
2422,5.215195650920114
2423,5.464117938373676
2424,5.007901585938137
2425,4.677334455489497
2426,5.214861931003379
2427,6.091340372579399
2428,6.603096998848767
2429,6.405585583795467
2430,6.099885929447977
2431,5.532541338863604
2432,5.157120352061115
2433,4.928038679387726
2434,4.966768276038311
2435,4.963299571538384
2436,4.824730673763751
2437,4.750845065755496
2438,4.723669999556532
2439,4.735635637651024
2440,4.638443462570581
2441,4.687772453183705
2442,4.189340472850779
2443,4.152783758290498
2444,4.876897969763089
2445,4.980065567161398
2446,4.713566703148002
2447,3.9511741899196884
2448,3.3701659425399004
2449,3.541301460616547
2450,4.294927928843491
2451,4.376096351058814
2452,4.415908316608336
2453,3.9508176092074776
2454,3.2205198459855384
2455,2.711685265662953
2456,1.9825285899049712
2457,1.627824041008982
2458,1.9789747686899954
2459,2.3788541239233565
2460,2.5912029361823494
2461,3.3964353193160863
2462,3.570040718895925
2463,3.748704487639433
2464,4.078473498813049
2465,4.528806795594102
2466,4.6718809112262125
2467,4.173834833610027
2468,2.780113555674827
2469,2.776207901658443
2470,2.101832041766807
2471,2.665201721991874
2472,3.1856228893463117
2473,3.613483834143345
2474,3.7240559502783728
2475,3.0059053880695643
2476,2.6661401148680715
2477,2.3037408033052107
2478,3.1592740855002535
2479,2.8834806193689424
2480,2.573785189681928
2481,2.37338615342725
2482,2.012062136572889
2483,1.6942616996681923
2484,1.7663673940970637
2485,1.8012162070267759
2486,1.977343142635028
2487,2.133300741625031
2488,3.025125379878763
2489,2.989771777743986
2490,3.000817992860759
2491,3.5059280119470224
2492,3.69497509354275
2493,3.653814013206398
2494,3.35423953316964
2495,2.851994078785591
2496,2.9940906411547696
2497,3.2509494850472387
2498,3.505257299729469
2499,3.882898648742798
2500,4.617829586803482
2501,4.536889265135075
2502,4.33046730585613
2503,3.619212879690021
2504,3.34897492269991
2505,2.9485200282294572
2506,2.8258576187564968
2507,2.5939488309646963
2508,2.1893751167213455
2509,2.4005337411528807
2510,2.593498441259185
2511,2.6214961441690194
2512,2.4797140977118683
2513,2.361559035087932
2514,2.339983873969266
2515,2.282078315110787
2516,2.6055611103103504
2517,2.7806101509427865
2518,3.225837536741057
2519,3.614344503000809
2520,3.9748149173558875
2521,4.991107233996583
2522,6.406226626880114
2523,7.232994400528998
2524,7.276300305128193
2525,7.183657069965053
2526,6.768031220186137
2527,5.32184516864095
2528,4.5385011181879795
2529,4.336941847417108
2530,3.7164704278341674
2531,3.4495406702265052
2532,3.342046521023828
2533,3.2495686303706903
2534,3.005644073816002
2535,3.2676713842197627
2536,3.412800805238449
2537,3.9554773735071262
2538,3.665448530700918
2539,3.617275468451813
2540,3.8905442548937192
2541,4.60669889505436
2542,5.315609118355659
2543,5.554866553411749
2544,5.303696607442992
2545,5.638295019604965
2546,5.953228199785029
2547,6.788255874299081
2548,6.9427426885747625
